# Blender 5.1.0
# www.blender.org
mtllib Smooth.mtl
o Suzanne
v 0.439019 0.160353 0.756944
v -0.439019 0.160594 0.756944
v 0.483073 0.114503 0.684896
v -0.483073 0.115465 0.684896
v 0.527344 0.072917 0.582031
v -0.527344 0.072917 0.582031
v 0.351563 0.002604 0.615885
v -0.351563 0.002604 0.615885
v 0.351780 0.066612 0.711155
v -0.351780 0.069500 0.711155
v 0.352648 0.127764 0.774306
v -0.352648 0.128486 0.774306
v 0.269314 0.161316 0.788846
v -0.269314 0.160594 0.788846
v 0.221137 0.118353 0.731988
v -0.221137 0.115465 0.731988
v 0.175781 0.072917 0.644531
v -0.175781 0.072917 0.644531
v 0.104167 0.243490 0.653646
v -0.104167 0.243490 0.653646
v 0.167101 0.243584 0.736545
v -0.167101 0.242622 0.736545
v 0.235243 0.243513 0.791667
v -0.235243 0.243273 0.791667
v 0.269314 0.329861 0.788846
v -0.269314 0.329861 0.788846
v 0.221137 0.373698 0.731988
v -0.221137 0.373698 0.731988
v 0.175781 0.417969 0.644531
v -0.175781 0.417969 0.644531
v 0.351563 0.489583 0.615885
v -0.351563 0.489583 0.615885
v 0.351780 0.427951 0.711155
v -0.351780 0.427951 0.711155
v 0.352648 0.365017 0.774306
v -0.352648 0.365017 0.774306
v 0.439019 0.329861 0.756944
v -0.439019 0.329861 0.756945
v 0.483073 0.373698 0.684896
v -0.483073 0.373698 0.684896
v 0.527344 0.417969 0.582031
v -0.527344 0.417969 0.582031
v 0.598958 0.243490 0.567708
v -0.598958 0.243490 0.567708
v 0.537326 0.242622 0.672743
v -0.537326 0.242622 0.672743
v 0.473524 0.243273 0.749132
v -0.473524 0.243273 0.749132
v 0.449797 0.243345 0.780237
v -0.449797 0.243345 0.780237
v 0.422815 0.314381 0.786820
v -0.422815 0.314381 0.786820
v 0.352720 0.344039 0.802879
v -0.352720 0.344039 0.802879
v 0.285012 0.314381 0.815104
v -0.285012 0.314381 0.815104
v 0.256510 0.243345 0.817419
v -0.256510 0.243345 0.817419
v 0.285012 0.175637 0.815104
v -0.285012 0.175637 0.815104
v 0.352264 0.243239 0.818309
v -0.352264 0.243239 0.818309
v 0.352720 0.147135 0.802879
v -0.352720 0.147135 0.802879
v 0.422815 0.175637 0.786820
v -0.422815 0.175637 0.786820
v 0.000000 0.438772 0.728675
v 0.000000 -0.654080 0.736979
v 0.000000 -0.301649 0.778646
v -0.000000 -0.171441 0.792445
v 0.000000 -0.762153 0.713108
v 0.000000 0.446052 0.621650
v -0.000000 0.569168 0.530649
v 0.000000 0.839844 -0.474392
v 0.000000 0.506076 -0.745660
v 0.000000 0.100260 -0.753906
v 0.000000 -0.342448 -0.289931
v 0.239447 -0.176565 0.572653
v -0.239447 -0.176565 0.572653
v 0.285165 -0.444602 0.558365
v -0.285165 -0.444602 0.558365
v 0.319765 -0.655219 0.550107
v -0.319765 -0.655219 0.550107
v 0.334796 -0.834964 0.526343
v -0.334796 -0.834964 0.526343
v 0.298141 -0.926714 0.520534
v -0.298141 -0.926714 0.520534
v 0.170080 -0.960357 0.541109
v -0.170080 -0.960357 0.541109
v 0.000000 -0.973870 0.556250
v 0.427134 -0.116275 0.547262
v -0.427134 -0.116275 0.547262
v 0.625576 -0.011702 0.522083
v -0.625576 -0.011702 0.522083
v 0.784533 0.170436 0.491782
v -0.784533 0.170436 0.491782
v 0.811639 0.385432 0.569987
v -0.811639 0.385432 0.569987
v 0.689795 0.484171 0.625261
v -0.689795 0.484171 0.625261
v 0.491888 0.595898 0.678864
v -0.491888 0.595898 0.678864
v 0.322894 0.703191 0.719922
v -0.322894 0.703190 0.719922
v 0.177938 0.665694 0.739417
v -0.177938 0.665694 0.739417
v 0.077149 0.505046 0.737146
v -0.077149 0.505046 0.737146
v 0.171104 0.402781 0.778379
v -0.171251 0.402781 0.778379
v 0.122477 0.305431 0.774059
v -0.123068 0.305431 0.774058
v 0.212850 0.068767 0.749696
v -0.212850 0.068767 0.749697
v 0.367541 0.033230 0.709729
v -0.367541 0.033230 0.709729
v 0.503917 0.079800 0.675177
v -0.503917 0.079800 0.675177
v 0.609657 0.188880 0.654087
v -0.609657 0.188880 0.654087
v 0.632929 0.296440 0.657781
v -0.632929 0.296440 0.657781
v 0.580527 0.374112 0.682024
v -0.580527 0.374112 0.682024
v 0.441243 0.438690 0.729135
v -0.441243 0.438690 0.729135
v 0.247982 0.468213 0.770294
v -0.247982 0.468213 0.770294
v 0.000000 -0.740885 0.732205
v 0.108628 -0.742409 0.724901
v -0.108628 -0.742409 0.724901
v 0.116375 -0.831067 0.703841
v -0.116375 -0.831068 0.703841
v 0.066739 -0.878481 0.690169
v -0.066739 -0.878481 0.690169
v 0.000000 -0.889510 0.685524
v 0.000000 -0.167411 0.765625
v -0.000000 -0.131003 0.751447
v 0.090597 -0.145343 0.757520
v -0.090597 -0.145343 0.757520
v 0.117883 -0.221836 0.755600
v -0.117883 -0.221836 0.755600
v 0.086223 -0.303854 0.746924
v -0.086223 -0.303854 0.746924
v -0.000000 0.041804 0.745135
v -0.000295 0.204071 0.763252
v 0.331341 0.478769 0.755082
v -0.331341 0.478769 0.755082
v 0.144893 0.131650 0.753931
v -0.144893 0.131650 0.753931
v 0.120369 0.213236 0.762862
v -0.120517 0.213236 0.762862
v 0.106979 -0.656010 0.731236
v -0.106979 -0.656010 0.731236
v 0.085650 -0.461147 0.741762
v -0.085650 -0.461147 0.741762
v 0.000000 -0.463108 0.746094
v 0.000000 -0.335070 0.750000
v 0.081163 -0.271918 0.781250
v -0.081163 -0.271918 0.781250
v 0.117622 -0.219618 0.789280
v -0.117622 -0.219618 0.789280
v 0.097222 -0.152561 0.782335
v -0.097222 -0.152561 0.782335
v 0.040148 -0.142795 0.783072
v -0.040148 -0.142795 0.783072
v -0.000000 -0.201231 0.834785
v 0.048828 -0.159180 0.813016
v -0.048828 -0.159180 0.813016
v 0.086589 -0.166341 0.809699
v -0.086589 -0.166341 0.809699
v 0.089410 -0.217014 0.819571
v -0.089410 -0.217014 0.819571
v 0.068685 -0.256510 0.805468
v -0.068685 -0.256510 0.805467
v 0.000000 -0.269965 0.807636
v 0.245754 -0.316407 0.555690
v -0.245754 -0.316407 0.555690
v 0.220209 -0.243564 0.562930
v -0.220209 -0.243564 0.562930
v 0.000000 -0.872396 0.678819
v 0.049262 -0.860894 0.682726
v -0.049262 -0.860894 0.682726
v 0.089410 -0.815538 0.699002
v -0.089410 -0.815538 0.699002
v 0.080512 -0.758898 0.713325
v -0.080512 -0.758898 0.713325
v 0.000000 -0.783854 0.664931
v 0.072483 -0.777995 0.665509
v -0.072483 -0.777995 0.665509
v 0.083333 -0.808919 0.660699
v -0.083333 -0.808919 0.660699
v 0.051649 -0.835069 0.647931
v -0.051649 -0.835069 0.647931
v 0.000000 -0.845052 0.646267
v 0.172743 0.221571 0.771484
v -0.172743 0.221571 0.771484
v 0.189887 0.158854 0.767578
v -0.189887 0.158854 0.767578
v 0.338542 0.427300 0.757595
v -0.338542 0.427300 0.757596
v 0.270833 0.419271 0.768012
v -0.270833 0.419271 0.768012
v 0.430990 0.400174 0.747179
v -0.430990 0.400174 0.747179
v 0.544488 0.350694 0.698134
v -0.544488 0.350695 0.698134
v 0.583984 0.284288 0.679036
v -0.583984 0.284288 0.679036
v 0.564887 0.195530 0.679905
v -0.564887 0.195530 0.679905
v 0.476997 0.107639 0.706597
v -0.476997 0.107639 0.706597
v 0.366971 0.073568 0.735243
v -0.366971 0.073568 0.735243
v 0.243707 0.108724 0.763672
v -0.243707 0.108724 0.763672
v 0.178168 0.298394 0.774523
v -0.178168 0.298394 0.774523
v 0.212023 0.373264 0.774740
v -0.212023 0.373264 0.774740
v 0.235677 0.355469 0.759115
v -0.235677 0.355469 0.759115
v 0.201823 0.295573 0.756511
v -0.201823 0.295573 0.756510
v 0.257813 0.126302 0.751302
v -0.257813 0.126302 0.751302
v 0.367188 0.097656 0.727865
v -0.367188 0.097656 0.727865
v 0.460938 0.127604 0.701823
v -0.460938 0.127604 0.701823
v 0.533854 0.207031 0.677083
v -0.533854 0.207031 0.677083
v 0.549479 0.278646 0.673177
v -0.549479 0.278646 0.673177
v 0.515625 0.335938 0.690104
v -0.515625 0.335938 0.690104
v 0.420573 0.384115 0.738281
v -0.420573 0.384115 0.738281
v 0.282552 0.393229 0.761719
v -0.282552 0.393229 0.761719
v 0.339844 0.402344 0.752604
v -0.339844 0.402344 0.752604
v 0.208333 0.173177 0.751302
v -0.208333 0.173177 0.751302
v 0.196615 0.229167 0.751302
v -0.196615 0.229167 0.751302
v 0.210660 0.640077 0.643484
v -0.210660 0.640077 0.643484
v 0.321354 0.668240 0.630866
v -0.321354 0.668240 0.630866
v 0.000000 0.842014 0.255208
v 0.000000 0.939236 -0.087240
v 0.000000 -0.168837 -0.601128
v 0.000000 -0.428385 0.111545
v -0.000000 -0.938802 0.455729
v -0.000000 -0.780382 0.365451
v -0.000000 -0.581597 0.326389
v 0.000000 -0.473524 0.267795
v 0.804263 0.225657 0.125230
v -0.804263 0.225657 0.125230
v 0.825469 0.292500 -0.050000
v -0.825469 0.292500 -0.050000
v 0.757500 0.290469 -0.409063
v -0.757500 0.290469 -0.409063
v 0.392361 0.442274 -0.654297
v -0.392361 0.442274 -0.654297
v 0.687202 -0.025391 0.069652
v -0.687202 -0.025391 0.069652
v 0.625313 -0.102500 -0.170000
v -0.625312 -0.102500 -0.170000
v 0.652561 0.011285 -0.391276
v -0.652561 0.011285 -0.391276
v 0.320457 0.085503 -0.660735
v -0.320457 0.085503 -0.660735
v 0.237196 -0.391493 0.409505
v -0.237196 -0.391493 0.409505
v 0.156250 -0.430556 0.286024
v -0.156250 -0.430556 0.286024
v 0.276042 -0.743056 0.410156
v -0.276042 -0.743056 0.410156
v 0.250000 -0.546875 0.412543
v -0.250000 -0.546875 0.412543
v 0.281901 -0.885417 0.433919
v -0.281901 -0.885417 0.433919
v 0.142795 -0.752387 0.376085
v -0.142795 -0.752387 0.376085
v 0.133464 -0.554036 0.347439
v -0.133464 -0.554036 0.347439
v 0.162109 -0.917752 0.443142
v -0.162109 -0.917752 0.443142
v 0.245152 -0.285270 0.397096
v -0.245152 -0.285270 0.397096
v 0.249375 -0.210973 0.474912
v -0.249375 -0.210973 0.474912
v 0.260782 -0.171187 0.502704
v -0.260782 -0.171187 0.502704
v 0.212448 -0.360469 0.150104
v -0.212448 -0.360469 0.150104
v 0.266059 -0.285373 -0.246745
v -0.266059 -0.285373 -0.246745
v 0.299624 -0.128472 -0.533131
v -0.299624 -0.128472 -0.533131
v 0.409071 0.785590 -0.413845
v -0.409071 0.785590 -0.413846
v 0.408854 0.885200 -0.096137
v -0.408854 0.885200 -0.096137
v 0.409505 0.794488 0.198351
v -0.409505 0.794488 0.198351
v 0.417041 0.572260 0.407414
v -0.417041 0.572260 0.407414
v 0.744600 0.410399 0.269568
v -0.744600 0.410399 0.269568
v 0.628387 0.498849 0.302271
v -0.628387 0.498849 0.302271
v 0.632813 0.672092 0.089844
v -0.632813 0.672092 0.089844
v 0.771918 0.526476 0.078993
v -0.771918 0.526476 0.078993
v 0.774523 0.571181 -0.146701
v -0.774523 0.571181 -0.146701
v 0.635417 0.737196 -0.161675
v -0.635417 0.737196 -0.161675
v 0.632378 0.640625 -0.404080
v -0.632378 0.640625 -0.404080
v 0.753906 0.521159 -0.342448
v -0.753906 0.521159 -0.342448
v 0.598307 0.342448 -0.548394
v -0.598307 0.342448 -0.548394
v 0.481823 0.019062 -0.510885
v -0.481823 0.019062 -0.510885
v 0.826719 0.356875 -0.206250
v -0.826719 0.356875 -0.206250
v 0.406645 -0.184926 0.160121
v -0.406645 -0.184926 0.160120
v 0.442491 -0.168403 -0.206163
v -0.442491 -0.168403 -0.206163
v 0.900174 0.391493 -0.267795
v -0.900174 0.391493 -0.267795
v 0.800130 -0.113715 -0.200304
v -0.800130 -0.113715 -0.200304
v 1.035156 -0.070313 -0.334852
v -1.035156 -0.070313 -0.334852
v 1.246094 0.076172 -0.425781
v -1.246094 0.076172 -0.425781
v 1.310547 0.298828 -0.434896
v -1.310547 0.298828 -0.434896
v 1.213108 0.454861 -0.419922
v -1.213108 0.454861 -0.419922
v 1.034722 0.453776 -0.340495
v -1.034722 0.453776 -0.340495
v 1.031033 0.407552 -0.309245
v -1.031033 0.407552 -0.309245
v 1.177300 0.407552 -0.389106
v -1.177300 0.407552 -0.389106
v 1.251736 0.277344 -0.413628
v -1.251736 0.277344 -0.413628
v 1.197266 0.092014 -0.400174
v -1.197266 0.092014 -0.400174
v 1.030382 -0.028212 -0.306207
v -1.030382 -0.028212 -0.306207
v 0.843316 -0.063151 -0.180773
v -0.843316 -0.063151 -0.180773
v 0.924696 0.355469 -0.242622
v -0.924696 0.355469 -0.242622
v 0.946398 0.307726 -0.294705
v -0.946398 0.307726 -0.294705
v 0.888455 -0.023872 -0.243056
v -0.888455 -0.023872 -0.243056
v 1.037543 0.005642 -0.352648
v -1.037543 0.005642 -0.352648
v 1.177300 0.101345 -0.432292
v -1.177300 0.101345 -0.432292
v 1.224392 0.246745 -0.444879
v -1.224393 0.246745 -0.444878
v 1.162760 0.347873 -0.425564
v -1.162760 0.347873 -0.425564
v 1.036458 0.348741 -0.358507
v -1.036458 0.348741 -0.358507
v 0.854167 0.287760 -0.217014
v -0.854167 0.287760 -0.217014
v 0.826389 0.173611 -0.269314
v -0.826389 0.173611 -0.269314
v 0.777778 0.098090 -0.269965
v -0.777778 0.098090 -0.269965
v 0.809896 0.069661 -0.281576
v -0.809896 0.069661 -0.281576
v 0.817491 0.024523 -0.268880
v -0.817491 0.024523 -0.268880
v 0.814236 -0.013021 -0.255208
v -0.814236 -0.013021 -0.255208
v 0.742043 0.040943 -0.081453
v -0.742043 0.040943 -0.081453
v 0.732865 -0.029271 -0.165833
v -0.732865 -0.029271 -0.165833
v 0.747865 0.054010 -0.193958
v -0.747865 0.054010 -0.193958
v 0.804905 0.199870 -0.196181
v -0.804905 0.199870 -0.196181
v 0.884115 0.247179 -0.269965
v -0.884115 0.247179 -0.269965
v 0.903646 0.224175 -0.319878
v -0.903646 0.224175 -0.319878
v 0.840169 -0.006185 -0.297526
v -0.840169 -0.006185 -0.297526
v 0.853299 0.027127 -0.312934
v -0.853299 0.027127 -0.312934
v 0.831814 0.078125 -0.313802
v -0.831814 0.078125 -0.313802
v 0.798177 0.107747 -0.308919
v -0.798177 0.107747 -0.308919
v 0.846354 0.160373 -0.314019
v -0.846354 0.160373 -0.314019
v 1.051722 0.318432 -0.401910
v -1.051722 0.318432 -0.401910
v 1.158059 0.317564 -0.453125
v -1.158059 0.317564 -0.453125
v 1.210938 0.231988 -0.465278
v -1.210938 0.231988 -0.465278
v 1.165148 0.112630 -0.452474
v -1.165148 0.112630 -0.452474
v 1.037326 0.030599 -0.390625
v -1.037326 0.030599 -0.390625
v 0.904080 -0.000868 -0.298177
v -0.904080 -0.000868 -0.298177
v 0.965929 0.279514 -0.346137
v -0.965929 0.279514 -0.346137
v 0.889974 0.115451 -0.330295
v -0.889974 0.115451 -0.330295
v 0.920790 0.060330 -0.330946
v -0.920790 0.060330 -0.330946
v 1.000000 0.113932 -0.369358
v -1.000000 0.113932 -0.369358
v 0.954210 0.174262 -0.349175
v -0.954210 0.174262 -0.349175
v 1.014106 0.231554 -0.371311
v -1.014106 0.231554 -0.371311
v 1.071398 0.175347 -0.395833
v -1.071398 0.175347 -0.395833
v 1.124674 0.223958 -0.413411
v -1.124674 0.223958 -0.413411
v 1.087529 0.274378 -0.404297
v -1.087529 0.274378 -0.404297
v 1.035807 0.355903 -0.450087
v -1.035807 0.355903 -0.450087
v 1.235388 0.379774 -0.507017
v -1.235388 0.379774 -0.507017
v 1.324436 0.286784 -0.494900
v -1.324436 0.286784 -0.494900
v 1.263166 0.131727 -0.503762
v -1.263166 0.131727 -0.503762
v 1.040148 0.012587 -0.445747
v -1.040148 0.012587 -0.445747
v 0.814019 -0.025825 -0.343967
v -0.814019 -0.025825 -0.343967
v 0.866103 0.299262 -0.375000
v -0.866102 0.299262 -0.375000
v -0.000295 0.402051 0.790254
v -0.001451 0.321117 0.796421
v 0.401569 -0.070633 0.635366
v 0.377488 -0.020649 0.688761
v -0.377488 -0.020649 0.688761
v -0.401569 -0.070633 0.635366
v 0.606343 0.026994 0.588797
v 0.562542 0.061642 0.639020
v -0.562542 0.061642 0.639020
v -0.606343 0.026994 0.588797
v 0.735811 0.190082 0.571858
v 0.672477 0.195492 0.623733
v -0.672477 0.195492 0.623733
v -0.735811 0.190082 0.571858
v 0.760679 0.364091 0.627163
v 0.692616 0.328377 0.650760
v -0.692616 0.328377 0.650760
v -0.760679 0.364091 0.627163
v 0.666564 0.450936 0.685310
v 0.623130 0.408015 0.696094
v -0.623130 0.408015 0.696094
v -0.666564 0.450936 0.685310
v 0.473290 0.559743 0.745771
v 0.452833 0.500573 0.753599
v -0.452833 0.500573 0.753599
v -0.473290 0.559743 0.745772
v 0.318509 0.651132 0.790196
v 0.321614 0.569711 0.793049
v -0.321614 0.569711 0.793049
v -0.318509 0.651132 0.790196
v 0.193447 0.619095 0.807686
v 0.220102 0.546804 0.808350
v -0.220102 0.546804 0.808350
v -0.193447 0.619095 0.807686
v 0.091966 0.472670 0.800323
v 0.125676 0.430950 0.804710
v -0.126267 0.430950 0.804710
v -0.092113 0.472670 0.800323
v 0.131754 -0.075528 0.774372
v 0.195448 -0.136536 0.704747
v -0.195448 -0.136536 0.704747
v -0.131754 -0.075528 0.774372
v 0.238030 -0.463513 0.662504
v 0.167263 -0.463018 0.716385
v -0.167263 -0.463018 0.716385
v -0.238030 -0.463513 0.662504
v 0.274711 -0.680315 0.646723
v 0.200154 -0.670101 0.700094
v -0.200154 -0.670101 0.700094
v -0.274711 -0.680315 0.646723
v 0.287149 -0.830831 0.620208
v 0.209986 -0.788884 0.681177
v -0.209986 -0.788884 0.681177
v -0.287149 -0.830831 0.620208
v 0.252517 -0.912057 0.599778
v 0.183781 -0.872729 0.661852
v -0.183781 -0.872729 0.661852
v -0.252517 -0.912057 0.599778
v 0.152875 -0.943434 0.601566
v 0.109127 -0.907224 0.657904
v -0.109127 -0.907224 0.657904
v -0.152875 -0.943434 0.601566
v 0.000000 -0.916459 0.659022
v 0.000000 -0.955565 0.608007
v 0.133148 -0.220750 0.740495
v 0.178625 -0.234286 0.675507
v -0.178625 -0.234286 0.675507
v -0.133148 -0.220750 0.740495
v 0.142523 -0.313511 0.721762
v 0.202161 -0.321329 0.662716
v -0.202161 -0.321329 0.662716
v -0.142523 -0.313511 0.721762
v 0.176731 0.535241 0.614020
v 0.137831 0.503900 0.584253
v 0.062492 0.458935 0.618725
v 0.091035 0.486888 0.652621
v -0.137831 0.503900 0.584253
v -0.176731 0.535241 0.614020
v -0.091035 0.486888 0.652621
v -0.062492 0.458935 0.618725
v 0.437789 0.525600 0.512962
v 0.440481 0.573267 0.587456
v -0.440481 0.573267 0.587456
v -0.437789 0.525600 0.512962
v 0.674142 0.475678 0.538528
v 0.652535 0.462313 0.446426
v -0.652535 0.462313 0.446425
v -0.674142 0.475679 0.538528
v 0.792224 0.380353 0.490943
v 0.759999 0.377465 0.403580
v -0.759999 0.377465 0.403580
v -0.792224 0.380353 0.490943
v 0.771754 0.172258 0.426107
v 0.766001 0.186045 0.326683
v -0.766001 0.186045 0.326683
v -0.771754 0.172258 0.426107
v 0.616260 -0.003659 0.451574
v 0.627611 0.001933 0.342039
v -0.627611 0.001933 0.342039
v -0.616260 -0.003659 0.451574
v 0.451007 -0.104741 0.401643
v 0.451368 -0.103920 0.487926
v 0.363319 -0.128940 0.484998
v 0.363958 -0.138874 0.455065
v -0.451368 -0.103920 0.487926
v -0.451007 -0.104741 0.401643
v -0.363958 -0.138874 0.455065
v -0.363319 -0.128940 0.484998
v 0.501356 0.242866 0.716797
v 0.464654 0.197914 0.751248
v 0.458035 0.140269 0.726617
v 0.523058 0.172570 0.676053
v -0.523058 0.172691 0.676053
v -0.458035 0.140961 0.726617
v -0.464654 0.197944 0.751248
v -0.501356 0.242866 0.716797
v 0.569770 0.242893 0.621853
v 0.506185 0.092230 0.635417
v 0.580241 0.150879 0.571452
v -0.580241 0.150879 0.571452
v -0.506185 0.092892 0.635417
v -0.569770 0.242893 0.621853
v 0.422716 0.078122 0.697456
v 0.351590 0.033426 0.665880
v 0.446777 0.021159 0.597982
v -0.446777 0.021159 0.597982
v -0.351590 0.035412 0.665880
v -0.422716 0.080769 0.697456
v 0.399251 0.136067 0.765137
v 0.352214 0.101806 0.747694
v -0.352214 0.103881 0.747694
v -0.399251 0.136729 0.765137
v 0.307237 0.136729 0.782796
v 0.248318 0.143036 0.764811
v 0.281087 0.080769 0.723362
v -0.281087 0.080769 0.723362
v -0.248318 0.140961 0.764811
v -0.307237 0.136729 0.782796
v 0.197076 0.094877 0.690620
v 0.256348 0.021159 0.632162
v -0.256348 0.021159 0.632162
v -0.197076 0.092892 0.690620
v 0.181342 0.175338 0.735813
v 0.133518 0.243555 0.697211
v 0.122884 0.150879 0.651530
v -0.122884 0.150879 0.651530
v -0.133518 0.242893 0.697211
v -0.181342 0.172691 0.735813
v 0.244222 0.198606 0.791314
v 0.205566 0.243558 0.768175
v -0.205566 0.242866 0.768175
v -0.244222 0.197944 0.791314
v 0.244222 0.289934 0.791314
v 0.248318 0.348687 0.764811
v 0.181342 0.313488 0.735813
v -0.181342 0.313368 0.735813
v -0.248318 0.348687 0.764811
v -0.244222 0.289903 0.791314
v 0.197076 0.396810 0.690620
v 0.122884 0.337565 0.651530
v -0.122884 0.337565 0.651530
v -0.197076 0.396810 0.690620
v 0.281087 0.413683 0.723362
v 0.351590 0.460395 0.665880
v 0.256348 0.470866 0.632162
v -0.256348 0.470866 0.632162
v -0.351590 0.460395 0.665880
v -0.281087 0.413683 0.723362
v 0.307237 0.355903 0.782796
v 0.352214 0.392090 0.747694
v -0.352214 0.392090 0.747694
v -0.307237 0.355903 0.782796
v 0.399251 0.355903 0.765137
v 0.458035 0.348687 0.726617
v 0.422716 0.413683 0.697456
v -0.422716 0.413683 0.697456
v -0.458035 0.348687 0.726617
v -0.399251 0.355903 0.765137
v 0.506185 0.396810 0.635417
v 0.446777 0.470866 0.597982
v -0.446777 0.470866 0.597982
v -0.506185 0.396810 0.635417
v 0.523058 0.313368 0.676053
v 0.580241 0.337565 0.571452
v -0.580241 0.337565 0.571452
v -0.523058 0.313368 0.676053
v 0.464654 0.289903 0.751248
v -0.464654 0.289903 0.751248
v 0.462095 0.243444 0.767343
v 0.431460 0.322718 0.774514
v 0.444182 0.281901 0.781404
v -0.444182 0.281901 0.781404
v -0.431460 0.322718 0.774513
v -0.462095 0.243444 0.767343
v 0.352819 0.355234 0.791386
v 0.391158 0.337475 0.794090
v -0.391159 0.337475 0.794090
v -0.352819 0.355234 0.791386
v 0.277299 0.322718 0.804986
v 0.315430 0.337475 0.810068
v -0.315430 0.337475 0.810068
v -0.277299 0.322718 0.804986
v 0.246040 0.243474 0.807581
v 0.263003 0.281901 0.817057
v -0.263003 0.281901 0.817057
v -0.246040 0.243444 0.807581
v 0.277299 0.168096 0.804986
v 0.263003 0.206055 0.817057
v -0.263003 0.206055 0.817057
v -0.277299 0.168005 0.804986
v 0.352819 0.136902 0.791386
v 0.315430 0.153628 0.810068
v -0.315430 0.153628 0.810068
v -0.352819 0.136992 0.791386
v 0.431460 0.167975 0.774514
v 0.391159 0.153628 0.794090
v -0.391159 0.153628 0.794090
v -0.431460 0.168005 0.774514
v 0.444182 0.206055 0.781404
v -0.444182 0.206055 0.781404
v 0.417706 0.243141 0.796766
v 0.399450 0.197315 0.801297
v -0.417706 0.243141 0.796766
v -0.399450 0.197315 0.801297
v 0.352476 0.178001 0.812292
v -0.352476 0.178001 0.812292
v 0.306668 0.197315 0.820566
v -0.306668 0.197315 0.820566
v 0.287354 0.243141 0.822320
v -0.287354 0.243141 0.822320
v 0.306668 0.290939 0.820566
v -0.306668 0.290939 0.820566
v 0.352476 0.311085 0.812292
v -0.352476 0.311085 0.812292
v 0.399450 0.290939 0.801297
v -0.399450 0.290939 0.801297
v 0.087141 -0.969832 0.551716
v -0.087141 -0.969832 0.551716
v 0.243566 -0.947629 0.529031
v -0.243566 -0.947629 0.529031
v 0.326582 -0.891087 0.519707
v -0.326582 -0.891087 0.519707
v 0.331034 -0.754795 0.538313
v -0.331034 -0.754795 0.538313
v 0.304060 -0.545423 0.556696
v -0.304060 -0.545423 0.556696
v 0.321526 -0.146921 0.560766
v -0.321526 -0.146921 0.560766
v 0.529283 -0.072811 0.537147
v -0.529283 -0.072811 0.537147
v 0.715437 0.069194 0.498348
v -0.715437 0.069194 0.498348
v 0.817877 0.286041 0.523981
v -0.817877 0.286041 0.523981
v 0.766471 0.443823 0.601732
v -0.766471 0.443823 0.601732
v 0.592414 0.534570 0.651761
v -0.592414 0.534570 0.651761
v 0.403027 0.659175 0.701824
v -0.403027 0.659175 0.701824
v 0.246444 0.707344 0.733038
v -0.246444 0.707344 0.733038
v 0.122215 0.585050 0.739081
v -0.122215 0.585050 0.739081
v 0.038326 0.454949 0.730905
v -0.038326 0.454949 0.730905
v 0.207942 0.441504 0.775669
v -0.207961 0.441504 0.775669
v 0.288447 0.480669 0.763319
v -0.288447 0.480669 0.763319
v 0.380367 0.463578 0.744949
v -0.380367 0.463578 0.744949
v 0.514826 0.408006 0.705550
v -0.514826 0.408006 0.705550
v 0.618450 0.338107 0.666540
v -0.618450 0.338107 0.666540
v 0.631423 0.245847 0.653132
v -0.631423 0.245847 0.653132
v 0.563849 0.130539 0.662203
v -0.563849 0.130539 0.662203
v 0.439765 0.045665 0.690629
v -0.439765 0.045665 0.690628
v 0.285345 0.043972 0.732361
v -0.285345 0.043972 0.732361
v 0.168579 0.098121 0.754415
v 0.087466 0.096562 0.748760
v -0.087466 0.096562 0.748760
v -0.168579 0.098121 0.754415
v 0.141383 0.355448 0.777582
v -0.141807 0.355448 0.777582
v 0.116615 0.257992 0.768905
v 0.066112 0.207236 0.762183
v -0.066537 0.207236 0.762183
v -0.117040 0.257992 0.768905
v -0.000037 0.140877 0.749883
v 0.129837 0.170552 0.756982
v -0.129856 0.170552 0.756982
v 0.034068 -0.887141 0.686691
v -0.034068 -0.887141 0.686691
v 0.095874 -0.860964 0.695912
v -0.095874 -0.860964 0.695912
v 0.122817 -0.788110 0.713679
v -0.122817 -0.788110 0.713679
v 0.096526 -0.564634 0.737072
v -0.096526 -0.564634 0.737072
v 0.110542 -0.709543 0.727641
v -0.110542 -0.709543 0.727642
v 0.081380 -0.374570 0.742808
v 0.042774 -0.327222 0.749663
v 0.000000 -0.384928 0.746582
v 0.042933 -0.462212 0.745552
v -0.042933 -0.462212 0.745552
v -0.042774 -0.327222 0.749662
v -0.081380 -0.374570 0.742808
v 0.054388 -0.653996 0.736261
v -0.000000 -0.562500 0.742025
v -0.054388 -0.653996 0.736261
v 0.000000 -0.711480 0.734429
v 0.053733 -0.736183 0.731651
v -0.053733 -0.736183 0.731651
v 0.109392 -0.258509 0.751342
v 0.118305 -0.221197 0.770258
v 0.106391 -0.248454 0.786160
v 0.081743 -0.280975 0.763858
v -0.081743 -0.280975 0.763858
v -0.106391 -0.248454 0.786160
v -0.118305 -0.221197 0.770258
v -0.109392 -0.258509 0.751342
v 0.112225 -0.181481 0.758141
v 0.094766 -0.152472 0.765236
v 0.114258 -0.183729 0.786784
v -0.114258 -0.183729 0.786784
v -0.094766 -0.152472 0.765236
v -0.112225 -0.181481 0.758141
v 0.052680 -0.124823 0.753545
v 0.028750 -0.142474 0.764576
v 0.069417 -0.138482 0.780637
v -0.069417 -0.138482 0.780637
v -0.028750 -0.142474 0.764576
v -0.052680 -0.124823 0.753545
v -0.000000 -0.160061 0.760590
v 0.000000 -0.170247 0.772504
v 0.017714 -0.160373 0.788930
v -0.017714 -0.160373 0.788930
v 0.000000 -0.312012 0.762370
v 0.043837 -0.292399 0.778971
v -0.043837 -0.292399 0.778971
v 0.000000 -0.289225 0.793012
v 0.076622 -0.263310 0.795628
v 0.040992 -0.264544 0.806791
v -0.040992 -0.264544 0.806791
v -0.076622 -0.263310 0.795628
v 0.000000 -0.177786 0.815613
v 0.033856 -0.176123 0.823933
v 0.045371 -0.148837 0.800904
v -0.045371 -0.148837 0.800904
v -0.033856 -0.176123 0.823933
v 0.068127 -0.160174 0.811866
v 0.094072 -0.157740 0.798698
v -0.094073 -0.157740 0.798698
v -0.068127 -0.160174 0.811866
v 0.090722 -0.187960 0.816521
v 0.109863 -0.218642 0.806087
v -0.109863 -0.218642 0.806087
v -0.090722 -0.187960 0.816520
v 0.080556 -0.240619 0.813586
v -0.080556 -0.240619 0.813586
v 0.052775 -0.212738 0.829800
v -0.052775 -0.212738 0.829800
v 0.000000 -0.241940 0.824510
v -0.000000 -0.064347 0.748489
v 0.264468 -0.369419 0.557012
v -0.264468 -0.369419 0.557012
v 0.231957 -0.277151 0.557294
v -0.231957 -0.277151 0.557294
v 0.212925 -0.209538 0.571223
v -0.212925 -0.209538 0.571223
v 0.087208 -0.752691 0.724782
v 0.000000 -0.755263 0.726563
v 0.046197 -0.757514 0.713949
v -0.046197 -0.757514 0.713949
v -0.087208 -0.752691 0.724782
v 0.097989 -0.820572 0.708558
v 0.093994 -0.782254 0.707791
v -0.093994 -0.782254 0.707791
v -0.097989 -0.820572 0.708558
v 0.055027 -0.868789 0.692120
v 0.072510 -0.842855 0.689806
v -0.072510 -0.842855 0.689806
v -0.055027 -0.868789 0.692120
v 0.000000 -0.880395 0.687145
v 0.024712 -0.869982 0.679471
v -0.024712 -0.869982 0.679471
v 0.000000 -0.863119 0.660753
v 0.047770 -0.852132 0.663402
v 0.026964 -0.842340 0.646638
v -0.026964 -0.842339 0.646638
v -0.047770 -0.852132 0.663402
v 0.085907 -0.811881 0.677369
v 0.071639 -0.823545 0.651694
v -0.071639 -0.823545 0.651694
v -0.085907 -0.811881 0.677369
v 0.077718 -0.764377 0.690421
v 0.085473 -0.790654 0.661853
v -0.085473 -0.790654 0.661853
v -0.077718 -0.764377 0.690421
v 0.000000 -0.768446 0.689833
v 0.041287 -0.779704 0.665817
v -0.041287 -0.779704 0.665817
v 0.000000 -0.813965 0.648275
v 0.061523 -0.805691 0.649333
v -0.061523 -0.805691 0.649333
v 0.153826 0.217925 0.768454
v 0.175637 0.150083 0.762454
v 0.178630 0.188178 0.769043
v -0.178630 0.188178 0.769043
v -0.175637 0.150083 0.762454
v -0.153845 0.217925 0.768454
v 0.156233 0.302041 0.773651
v 0.172282 0.258843 0.773329
v -0.172282 0.258843 0.773329
v -0.156307 0.302041 0.773651
v 0.193399 0.387533 0.775195
v 0.191352 0.337864 0.775201
v -0.191352 0.337864 0.775201
v -0.193417 0.387533 0.775195
v 0.233339 0.096405 0.755577
v 0.208496 0.133057 0.767578
v -0.208496 0.133057 0.767578
v -0.233339 0.096405 0.755577
v 0.366716 0.055830 0.724079
v 0.301432 0.085775 0.751329
v -0.301432 0.085775 0.751329
v -0.366716 0.055830 0.724079
v 0.486872 0.093254 0.693718
v 0.424832 0.081245 0.720758
v -0.424832 0.081245 0.720757
v -0.486872 0.093254 0.693718
v 0.584806 0.190629 0.669190
v 0.526720 0.148248 0.691379
v -0.526720 0.148248 0.691379
v -0.584806 0.190629 0.669191
v 0.606704 0.288411 0.669055
v 0.582574 0.242106 0.676704
v -0.582574 0.242106 0.676704
v -0.606704 0.288411 0.669055
v 0.561525 0.361109 0.689121
v 0.573676 0.320096 0.684353
v -0.573676 0.320095 0.684353
v -0.561525 0.361109 0.689121
v 0.436178 0.415893 0.736297
v 0.491564 0.377550 0.723633
v -0.491564 0.377550 0.723633
v -0.436177 0.415893 0.736297
v 0.335689 0.447731 0.753050
v 0.379883 0.417399 0.755968
v -0.379883 0.417399 0.755968
v -0.335689 0.447731 0.753050
v 0.260653 0.439549 0.766019
v 0.303223 0.428087 0.761990
v -0.303223 0.428087 0.761990
v -0.260653 0.439549 0.766019
v 0.239556 0.400825 0.772434
v -0.239556 0.400825 0.772434
v 0.277669 0.404785 0.766412
v 0.225396 0.363064 0.768880
v 0.258138 0.377767 0.761393
v -0.258138 0.377767 0.761393
v -0.225396 0.363064 0.768880
v -0.277669 0.404785 0.766412
v 0.339681 0.413276 0.757134
v 0.309245 0.401204 0.757650
v -0.309245 0.401204 0.757650
v -0.339681 0.413276 0.757134
v 0.425781 0.390517 0.746718
v 0.376302 0.397135 0.748861
v -0.376302 0.397135 0.748861
v -0.425781 0.390517 0.746718
v 0.529487 0.342665 0.697456
v 0.471517 0.362467 0.714681
v -0.471517 0.362467 0.714681
v -0.529487 0.342665 0.697456
v 0.565511 0.281304 0.679281
v 0.540365 0.308268 0.677246
v -0.540365 0.308268 0.677246
v -0.565511 0.281304 0.679281
v 0.548476 0.201199 0.681342
v 0.548503 0.245280 0.672689
v -0.548503 0.245280 0.672689
v -0.548476 0.201199 0.681342
v 0.468804 0.118761 0.707791
v 0.502279 0.164876 0.687988
v -0.502279 0.164876 0.687988
v -0.468804 0.118761 0.707791
v 0.367160 0.086833 0.735135
v 0.416992 0.104329 0.714844
v -0.416992 0.104329 0.714844
v -0.367160 0.086833 0.735135
v 0.251166 0.117757 0.761149
v 0.309570 0.107096 0.741537
v -0.309570 0.107096 0.741536
v -0.251166 0.117757 0.761149
v 0.199680 0.166016 0.762614
v 0.225260 0.148763 0.753255
v -0.225260 0.148763 0.753255
v -0.199680 0.166016 0.762614
v 0.192030 0.296414 0.768039
v 0.215820 0.327474 0.757813
v -0.215820 0.327474 0.757813
v -0.192030 0.296414 0.768039
v 0.185818 0.225288 0.764567
v 0.196289 0.261882 0.753906
v -0.196289 0.261882 0.753906
v -0.185818 0.225288 0.764567
v 0.200033 0.199707 0.750326
v -0.200033 0.199707 0.750326
v -0.000000 0.438835 0.671805
v 0.188257 0.655723 0.682982
v -0.188257 0.655723 0.682982
v 0.325894 0.692765 0.666385
v 0.266048 0.661062 0.630890
v -0.266048 0.661062 0.630890
v -0.325894 0.692766 0.666385
v 0.067952 -0.573107 0.332275
v -0.000000 -0.514703 0.301812
v 0.085449 -0.460178 0.268446
v 0.142660 -0.480496 0.320882
v -0.142660 -0.480496 0.320882
v -0.085449 -0.460178 0.268446
v -0.067952 -0.573107 0.332275
v 0.071072 -0.771674 0.369059
v 0.000000 -0.676107 0.343316
v 0.134630 -0.649143 0.361925
v -0.134630 -0.649143 0.361925
v -0.071072 -0.771674 0.369059
v 0.081299 -0.932265 0.452203
v -0.000000 -0.873101 0.404405
v 0.152859 -0.847439 0.402696
v -0.152859 -0.847439 0.402696
v -0.081299 -0.932265 0.452203
v 0.168477 -0.952049 0.493637
v 0.000000 -0.968576 0.510287
v -0.168477 -0.952049 0.493637
v 0.298269 -0.910402 0.468975
v 0.237021 -0.901212 0.433368
v -0.237021 -0.901212 0.433368
v -0.298269 -0.910403 0.468975
v 0.319031 -0.788561 0.463254
v 0.285877 -0.831089 0.417661
v -0.285877 -0.831089 0.417661
v -0.319031 -0.788561 0.463254
v 0.296807 -0.598504 0.478730
v 0.262044 -0.644152 0.410455
v -0.262044 -0.644152 0.410455
v -0.296807 -0.598504 0.478730
v 0.213976 -0.735270 0.384901
v 0.194417 -0.537028 0.370877
v -0.194417 -0.537028 0.370877
v -0.213976 -0.735270 0.384901
v 0.202989 -0.401096 0.336941
v 0.242540 -0.460558 0.411838
v -0.242540 -0.460558 0.411838
v -0.202989 -0.401096 0.336941
v 0.269397 -0.413594 0.486706
v -0.269397 -0.413594 0.486706
v 0.242275 -0.302760 0.491400
v 0.256327 -0.237194 0.444758
v 0.225202 -0.235528 0.513519
v -0.225202 -0.235528 0.513519
v -0.256327 -0.237194 0.444758
v -0.242275 -0.302760 0.491400
v 0.233004 -0.340687 0.406706
v -0.233004 -0.340687 0.406706
v 0.250591 -0.177053 0.526104
v 0.245719 -0.188339 0.493212
v -0.245719 -0.188339 0.493212
v -0.250591 -0.177053 0.526104
v 0.000000 -0.051541 -0.694770
v 0.174335 0.095486 -0.722729
v 0.302626 -0.036296 -0.614149
v 0.162941 -0.158746 -0.576353
v -0.162941 -0.158746 -0.576353
v -0.302626 -0.036296 -0.614149
v -0.174335 0.095486 -0.722729
v 0.000000 -0.266059 -0.467828
v 0.287996 -0.213840 -0.409985
v 0.142144 -0.327013 -0.275092
v -0.142144 -0.327013 -0.275092
v -0.287996 -0.213840 -0.409984
v 0.000000 -0.395182 -0.076009
v 0.238980 -0.332279 -0.052839
v 0.108573 -0.411733 0.114971
v -0.108573 -0.411733 0.114971
v -0.238980 -0.332279 -0.052839
v 0.000000 -0.449653 0.217339
v 0.171163 -0.399404 0.242788
v -0.171163 -0.399404 0.242788
v 0.234838 -0.324099 0.283270
v -0.234838 -0.324099 0.283270
v 0.770591 0.103189 0.093574
v -0.770591 0.103189 0.093574
v 0.000000 0.295519 -0.778266
v 0.213596 0.486708 -0.715034
v 0.357169 0.250543 -0.681957
v -0.357169 0.250543 -0.681957
v -0.213596 0.486708 -0.715034
v 0.000000 0.916016 0.094238
v 0.221598 0.830051 0.240777
v 0.408936 0.863770 0.058187
v 0.221029 0.926297 -0.085422
v -0.221029 0.926297 -0.085422
v -0.408936 0.863770 0.058187
v -0.221598 0.830051 0.240777
v 0.000000 0.917698 -0.283095
v 0.408881 0.865099 -0.256131
v 0.221544 0.826715 -0.449897
v -0.221544 0.826715 -0.449897
v -0.408881 0.865099 -0.256131
v 0.000000 0.696560 -0.637858
v 0.407308 0.633952 -0.556858
v -0.407308 0.633952 -0.556858
v 0.691688 0.461312 0.291631
v -0.691688 0.461312 0.291631
v 0.628353 0.581915 0.203311
v 0.756948 0.466230 0.180289
v 0.709771 0.605387 0.085069
v -0.709771 0.605387 0.085069
v -0.756948 0.466230 0.180289
v -0.628353 0.581915 0.203311
v 0.635091 0.724501 -0.033393
v 0.776801 0.563477 -0.030924
v 0.715305 0.660617 -0.155735
v -0.715305 0.660617 -0.155735
v -0.776801 0.563477 -0.030924
v -0.635091 0.724501 -0.033393
v 0.635037 0.714220 -0.288981
v 0.768467 0.551491 -0.260986
v 0.709331 0.571782 -0.377374
v -0.709331 0.571782 -0.377374
v -0.768467 0.551491 -0.260986
v -0.635037 0.714220 -0.288981
v 0.760505 0.426538 -0.377108
v 0.676744 0.304273 -0.487514
v 0.623562 0.506673 -0.494548
v -0.623562 0.506673 -0.494548
v -0.676744 0.304273 -0.487514
v -0.760505 0.426538 -0.377108
v 0.512994 0.391059 -0.600044
v 0.539361 0.717828 -0.406440
v -0.539361 0.717828 -0.406440
v -0.512994 0.391059 -0.600043
v 0.540690 0.816569 -0.132324
v -0.540690 0.816569 -0.132324
v 0.540446 0.738010 0.136122
v -0.540446 0.738010 0.136122
v 0.411424 0.678656 0.316443
v 0.544180 0.537548 0.344824
v -0.544181 0.537548 0.344824
v -0.411424 0.678656 0.316443
v 0.000000 0.716852 0.395066
v 0.232290 0.591390 0.468889
v -0.232290 0.591390 0.468889
v -0.000000 0.486287 0.589511
v 0.789068 0.331029 0.199271
v -0.789068 0.331029 0.199271
v 0.817970 0.261162 0.041040
v 0.813818 0.423303 0.028153
v -0.813818 0.423303 0.028153
v -0.817970 0.261162 0.041040
v 0.828772 0.349030 -0.119958
v 0.805806 0.457859 -0.169039
v -0.805806 0.457859 -0.169039
v -0.828772 0.349030 -0.119958
v 0.806307 0.352328 -0.305044
v -0.806307 0.352328 -0.305044
v 0.307548 -0.275894 0.129392
v 0.360541 -0.226644 -0.224094
v 0.430381 -0.190631 -0.035245
v -0.430381 -0.190631 -0.035245
v -0.360541 -0.226644 -0.224094
v -0.307548 -0.275894 0.129391
v 0.637775 -0.084196 -0.055361
v 0.551744 -0.107997 0.110547
v 0.530138 -0.126753 -0.188287
v -0.530138 -0.126753 -0.188287
v -0.551744 -0.107997 0.110547
v -0.637775 -0.084196 -0.055361
v 0.310956 -0.231579 0.301020
v -0.310956 -0.231579 0.301020
v 0.701375 0.139193 -0.432962
v 0.574620 0.025146 -0.443816
v 0.549279 0.181247 -0.556103
v -0.549279 0.181247 -0.556103
v -0.574620 0.025146 -0.443816
v -0.701375 0.139193 -0.432962
v 0.417832 0.069567 -0.600803
v -0.417832 0.069567 -0.600803
v 0.622559 -0.072351 -0.294881
v 0.461334 -0.100016 -0.365700
v -0.461334 -0.100016 -0.365700
v -0.622559 -0.072351 -0.294881
v 0.394028 -0.075033 -0.510376
v -0.394028 -0.075033 -0.510376
v 1.032634 0.437256 -0.310710
v 0.959147 0.425971 -0.298692
v 0.912679 0.379015 -0.240560
v 0.971517 0.384440 -0.270643
v -0.971517 0.384440 -0.270643
v -0.912679 0.379015 -0.240560
v -0.959147 0.425971 -0.298693
v -1.032634 0.437256 -0.310710
v 1.125217 0.469537 -0.385579
v 1.105143 0.420247 -0.352919
v 1.195285 0.437880 -0.393609
v -1.195285 0.437880 -0.393609
v -1.105143 0.420247 -0.352919
v -1.125217 0.469537 -0.385579
v 1.278836 0.394504 -0.433024
v 1.228923 0.357096 -0.407471
v 1.281711 0.291748 -0.416124
v -1.281711 0.291748 -0.416124
v -1.228923 0.357096 -0.407471
v -1.278836 0.394504 -0.433024
v 1.300049 0.185547 -0.435710
v 1.241184 0.182888 -0.413737
v 1.221436 0.083523 -0.403537
v -1.221436 0.083523 -0.403537
v -1.241184 0.182888 -0.413737
v -1.300049 0.185547 -0.435710
v 1.152344 -0.010498 -0.392931
v 1.123183 0.020671 -0.364176
v 1.031630 -0.052355 -0.306695
v -1.031630 -0.052355 -0.306695
v -1.123183 0.020671 -0.364176
v -1.152344 -0.010498 -0.392931
v 0.913005 -0.103570 -0.258789
v 0.932455 -0.055366 -0.234701
v 0.817247 -0.092909 -0.172635
v -0.817247 -0.092909 -0.172635
v -0.932454 -0.055366 -0.234701
v -0.913005 -0.103570 -0.258789
v 1.032905 -0.007704 -0.325033
v 0.958035 -0.015951 -0.289307
v 0.869303 -0.039198 -0.208740
v -0.869303 -0.039198 -0.208740
v -0.958035 -0.015951 -0.289307
v -1.032905 -0.007704 -0.325033
v 1.182075 0.098389 -0.412164
v 1.114746 0.044623 -0.402317
v -1.114746 0.044623 -0.402317
v -1.182075 0.098389 -0.412164
v 1.231879 0.260824 -0.425184
v 1.214762 0.172906 -0.444119
v -1.214762 0.172906 -0.444119
v -1.231879 0.260824 -0.425184
v 1.166043 0.374702 -0.402615
v 1.206109 0.308702 -0.440348
v -1.206109 0.308702 -0.440348
v -1.166043 0.374702 -0.402615
v 1.032362 0.375298 -0.329074
v 1.100586 0.358073 -0.395861
v -1.100586 0.358073 -0.395861
v -1.032362 0.375298 -0.329074
v 0.936524 0.329481 -0.264431
v 0.985650 0.331082 -0.322862
v -0.985650 0.331082 -0.322862
v -0.936524 0.329481 -0.264431
v 0.733930 0.016020 -0.023289
v 0.689592 -0.070129 -0.140469
v 0.718188 -0.012106 -0.118053
v -0.718188 -0.012106 -0.118053
v -0.689592 -0.070129 -0.140469
v -0.733930 0.016020 -0.023289
v 0.706517 -0.107399 -0.185872
v 0.775267 -0.054265 -0.167971
v -0.775267 -0.054265 -0.167971
v -0.706516 -0.107399 -0.185872
v 0.786348 0.147524 -0.062690
v -0.786348 0.147524 -0.062690
v 0.856045 0.357476 -0.247761
v 0.843119 0.314860 -0.200343
v 0.885444 0.322591 -0.226888
v -0.885444 0.322591 -0.226888
v -0.843119 0.314860 -0.200343
v -0.856045 0.357476 -0.247761
v 0.839301 -0.022190 -0.239041
v 0.781104 -0.017350 -0.214796
v -0.781104 -0.017350 -0.214796
v -0.839301 -0.022190 -0.239041
v 0.811876 0.002414 -0.264730
v 0.780430 0.031715 -0.235542
v 0.738369 0.007248 -0.181629
v -0.738369 0.007248 -0.181629
v -0.780430 0.031715 -0.235542
v -0.811876 0.002414 -0.264730
v 0.790377 0.079754 -0.274723
v 0.766076 0.082378 -0.238019
v 0.816527 0.051298 -0.274587
v -0.816527 0.051298 -0.274587
v -0.766076 0.082378 -0.238019
v -0.790377 0.079754 -0.274723
v 0.794271 0.132107 -0.269070
v 0.812798 0.181939 -0.237874
v 0.771546 0.129289 -0.189643
v -0.771546 0.129289 -0.189643
v -0.812798 0.181939 -0.237874
v -0.794271 0.132107 -0.269070
v 0.869629 0.264621 -0.242025
v 0.830431 0.250407 -0.206434
v 0.856391 0.212267 -0.268582
v -0.856391 0.212267 -0.268582
v -0.830431 0.250407 -0.206435
v -0.869629 0.264621 -0.242025
v 0.913384 0.279324 -0.277615
v -0.913384 0.279324 -0.277615
v 0.812340 0.232860 -0.138324
v -0.812340 0.232860 -0.138324
v 0.740802 0.053018 -0.134472
v -0.740803 0.053018 -0.134472
v 0.953885 0.293620 -0.323269
v 0.892415 0.236654 -0.296875
v 0.932916 0.253391 -0.329346
v -0.932916 0.253391 -0.329346
v -0.892415 0.236654 -0.296875
v -0.953885 0.293620 -0.323269
v 0.835558 0.169189 -0.295085
v 0.875977 0.193088 -0.315565
v -0.875977 0.193088 -0.315565
v -0.835558 0.169189 -0.295085
v 0.786380 0.104518 -0.295009
v 0.815189 0.128240 -0.312547
v -0.815189 0.128240 -0.312547
v -0.786380 0.104518 -0.295009
v 0.818263 0.072932 -0.296981
v 0.809519 0.095322 -0.312520
v -0.809519 0.095322 -0.312520
v -0.818263 0.072932 -0.296981
v 0.837267 0.022569 -0.295383
v 0.848823 0.053684 -0.314182
v -0.848823 0.053684 -0.314182
v -0.837267 0.022569 -0.295383
v 0.829805 -0.010515 -0.284293
v 0.845268 0.005531 -0.307812
v -0.845268 0.005531 -0.307812
v -0.829805 -0.010515 -0.284293
v 0.897407 -0.014811 -0.273221
v 0.859794 -0.006147 -0.292010
v -0.859794 -0.006147 -0.292010
v -0.897407 -0.014811 -0.273221
v 1.042761 0.332420 -0.385579
v 1.004648 0.301306 -0.371338
v -1.004648 0.301306 -0.371338
v -1.042761 0.332420 -0.385579
v 1.164614 0.331715 -0.447239
v 1.106825 0.327908 -0.432292
v -1.106825 0.327908 -0.432292
v -1.164614 0.331715 -0.447239
v 1.224826 0.238064 -0.463867
v 1.195050 0.283538 -0.462945
v -1.195050 0.283538 -0.462945
v -1.224826 0.238064 -0.463867
v 1.178548 0.102431 -0.450928
v 1.200819 0.171495 -0.462864
v -1.200819 0.171495 -0.462864
v -1.178548 0.102431 -0.450928
v 1.041097 0.013319 -0.378065
v 1.107341 0.064779 -0.429606
v -1.107341 0.064779 -0.429606
v -1.041097 0.013319 -0.378065
v 0.966309 0.010064 -0.338053
v -0.966309 0.010064 -0.338053
v 0.857313 0.092556 -0.323676
v 0.882406 0.040229 -0.321696
v 0.910916 0.089355 -0.333632
v -0.910916 0.089355 -0.333632
v -0.882406 0.040229 -0.321696
v -0.857314 0.092556 -0.323676
v 0.922906 0.143636 -0.338840
v 0.960802 0.085259 -0.348769
v 0.978163 0.147352 -0.358371
v -0.978163 0.147352 -0.358371
v -0.960802 0.085259 -0.348769
v -0.922906 0.143636 -0.338840
v 0.983833 0.204536 -0.360080
v 1.037245 0.145047 -0.385200
v 1.038032 0.205160 -0.379096
v -1.038032 0.205160 -0.379096
v -1.037245 0.145047 -0.385200
v -0.983833 0.204536 -0.360080
v 1.047861 0.253671 -0.384060
v 1.101570 0.202231 -0.403783
v 1.107967 0.246240 -0.406292
v -1.107967 0.246240 -0.406292
v -1.101570 0.202231 -0.403783
v -1.047861 0.253671 -0.384060
v 1.065511 0.298584 -0.404378
v 0.988227 0.257731 -0.361654
v -0.988227 0.257731 -0.361654
v -1.065511 0.298584 -0.404378
v 0.926568 0.201660 -0.337050
v -0.926568 0.201660 -0.337050
v 0.865967 0.140923 -0.324680
v -0.865967 0.140923 -0.324680
v 0.915120 0.026964 -0.318386
v -0.915121 0.026964 -0.318387
v 1.021756 0.069336 -0.384060
v -1.021756 0.069336 -0.384060
v 1.121853 0.140489 -0.427327
v -1.121853 0.140489 -0.427328
v 1.167189 0.226116 -0.439427
v -1.167190 0.226116 -0.439428
v 1.130507 0.296902 -0.433729
v -1.130507 0.296902 -0.433729
v 1.038710 -0.063856 -0.391032
v 0.799425 -0.103868 -0.269694
v 0.919759 -0.018256 -0.386312
v -0.919759 -0.018256 -0.386312
v -0.799425 -0.103868 -0.269694
v -1.038710 -0.063856 -0.391032
v 1.261900 0.080187 -0.465314
v 1.162914 0.063938 -0.486364
v -1.162914 0.063938 -0.486364
v -1.261900 0.080187 -0.465314
v 1.325935 0.295174 -0.467527
v 1.316929 0.212057 -0.502927
v -1.316929 0.212057 -0.502927
v -1.325935 0.295174 -0.467527
v 1.225007 0.444173 -0.465477
v 1.299432 0.344639 -0.505653
v -1.299432 0.344639 -0.505654
v -1.225007 0.444173 -0.465477
v 1.035183 0.440077 -0.397163
v 1.140345 0.378092 -0.487314
v -1.140345 0.378092 -0.487314
v -1.035184 0.440077 -0.397163
v 0.885824 0.377848 -0.324490
v 0.942329 0.328966 -0.405382
v -0.942329 0.328966 -0.405382
v -0.885824 0.377848 -0.324490
v 1.038303 0.182780 -0.467936
v 0.839410 0.136719 -0.382840
v -0.839410 0.136719 -0.382840
v -1.038303 0.182780 -0.467936
v 1.249566 0.252577 -0.520861
v -1.249566 0.252577 -0.520860
v 0.807793 0.272250 -0.377447
v -0.807793 0.272250 -0.377447
v 0.728244 -0.011095 -0.350694
v -0.728244 -0.011095 -0.350694
v 0.132975 -0.925847 0.630445
v 0.056937 -0.914038 0.658588
v 0.000000 -0.936375 0.634011
v 0.080331 -0.951961 0.605850
v -0.056937 -0.914038 0.658588
v -0.132975 -0.925847 0.630445
v -0.080331 -0.951961 0.605850
v 0.219621 -0.893928 0.632273
v 0.152261 -0.895391 0.658193
v 0.210980 -0.931754 0.598440
v -0.152261 -0.895391 0.658193
v -0.219621 -0.893928 0.632273
v -0.210980 -0.931754 0.598440
v 0.250599 -0.811317 0.653277
v 0.202377 -0.834931 0.670464
v 0.277147 -0.878861 0.607783
v -0.202377 -0.834931 0.670464
v -0.250599 -0.811317 0.653277
v -0.277147 -0.878861 0.607783
v 0.238770 -0.676196 0.676861
v 0.208972 -0.739191 0.690910
v 0.285421 -0.766574 0.633925
v -0.208972 -0.739191 0.690910
v -0.238770 -0.676196 0.676861
v -0.285421 -0.766574 0.633925
v 0.203356 -0.463810 0.694326
v 0.184767 -0.569856 0.709331
v 0.257836 -0.571333 0.656728
v -0.184767 -0.569856 0.709331
v -0.203356 -0.463810 0.694326
v -0.257836 -0.571333 0.656728
v 0.388192 -0.045359 0.668209
v 0.257778 -0.044169 0.733710
v 0.171537 -0.113635 0.748612
v 0.283267 -0.101982 0.676543
v -0.171537 -0.113635 0.748612
v -0.257778 -0.044169 0.733710
v -0.388192 -0.045359 0.668209
v -0.283267 -0.101982 0.676543
v 0.587539 0.047157 0.616346
v 0.479566 0.013356 0.657965
v 0.512129 -0.029548 0.607288
v -0.479566 0.013356 0.657965
v -0.587539 0.047157 0.616346
v -0.512129 -0.029548 0.607288
v 0.704297 0.195533 0.602113
v 0.627915 0.124245 0.626668
v 0.682372 0.101403 0.573350
v -0.627915 0.124245 0.626668
v -0.704297 0.195533 0.602113
v -0.682372 0.101403 0.573350
v 0.726074 0.346899 0.642911
v 0.693218 0.267389 0.633218
v 0.762357 0.284710 0.594013
v -0.693218 0.267389 0.633218
v -0.726074 0.346899 0.642911
v -0.762357 0.284710 0.594013
v 0.645675 0.428858 0.696749
v 0.672062 0.371028 0.671518
v 0.729721 0.412743 0.657048
v -0.672062 0.371028 0.671518
v -0.645675 0.428858 0.696749
v -0.729721 0.412743 0.657048
v 0.461915 0.531557 0.757255
v 0.541967 0.452635 0.725081
v 0.573219 0.501248 0.715860
v -0.541967 0.452635 0.725081
v -0.461915 0.531557 0.757255
v -0.573219 0.501248 0.715860
v 0.319047 0.612434 0.800015
v 0.380243 0.542884 0.776499
v 0.389382 0.614870 0.771043
v -0.380243 0.542884 0.776499
v -0.319047 0.612434 0.800015
v -0.389382 0.614870 0.771043
v 0.206541 0.584259 0.815940
v 0.269001 0.572248 0.803591
v 0.253177 0.654289 0.802500
v -0.269001 0.572248 0.803591
v -0.206541 0.584259 0.815940
v -0.253177 0.654289 0.802500
v 0.107175 0.450246 0.808929
v 0.173502 0.494545 0.807948
v 0.140440 0.548928 0.806132
v -0.173576 0.494545 0.807948
v -0.107600 0.450246 0.808929
v -0.140458 0.548928 0.806132
v -0.000893 0.371394 0.800611
v 0.072290 0.372201 0.801031
v 0.045401 0.420473 0.793556
v -0.074076 0.372201 0.801031
v -0.045826 0.420473 0.793556
v 0.153195 -0.226099 0.716448
v 0.169348 -0.184049 0.697404
v 0.124353 -0.162153 0.761623
v -0.169348 -0.184049 0.697404
v -0.153195 -0.226099 0.716448
v -0.124353 -0.162153 0.761623
v 0.171631 -0.317962 0.698419
v 0.190267 -0.276932 0.664334
v 0.138136 -0.266429 0.727372
v -0.190267 -0.276932 0.664334
v -0.171631 -0.317962 0.698419
v -0.138136 -0.266429 0.727372
v 0.218528 -0.380620 0.663556
v 0.152349 -0.376898 0.719511
v -0.218528 -0.380620 0.663556
v -0.152349 -0.376898 0.719511
v -0.000037 0.425923 0.768093
v -0.080402 0.494169 0.777159
v 0.080384 0.494169 0.777159
v -0.075324 0.307822 0.783616
v -0.148091 0.416235 0.791034
v 0.147666 0.416235 0.791034
v 0.073539 0.307822 0.783616
v -0.000893 0.257324 0.778349
v 0.415575 -0.097900 0.591229
v 0.619807 0.003946 0.556702
v 0.219525 -0.160319 0.639372
v 0.370780 0.006516 0.699924
v 0.531770 0.070766 0.657544
v 0.176997 0.014515 0.758356
v -0.370780 0.006516 0.699924
v -0.176997 0.014515 0.758356
v -0.415575 -0.097900 0.591229
v -0.219525 -0.160319 0.639372
v -0.619807 0.003946 0.556702
v -0.531770 0.070766 0.657544
v 0.766010 0.179530 0.532380
v 0.639904 0.191778 0.639725
v -0.766010 0.179530 0.532380
v -0.639904 0.191778 0.639725
v 0.792935 0.377960 0.602513
v 0.661562 0.310521 0.653341
v -0.792935 0.377960 0.602513
v -0.661562 0.310521 0.653341
v 0.682784 0.471625 0.660665
v 0.601174 0.389713 0.687287
v -0.682784 0.471625 0.660665
v -0.601174 0.389713 0.687287
v 0.485232 0.583275 0.718687
v 0.446352 0.468231 0.738982
v -0.485232 0.583275 0.718687
v -0.446352 0.468231 0.738982
v 0.319783 0.685678 0.763326
v 0.326160 0.522254 0.772822
v -0.319783 0.685678 0.763326
v -0.326160 0.522254 0.772822
v 0.181885 0.650621 0.782659
v 0.234146 0.506040 0.788401
v -0.181885 0.650621 0.782659
v -0.234146 0.506040 0.788401
v 0.204017 -0.241539 0.620617
v 0.071041 -0.016324 0.761259
v 0.092255 -0.119848 0.766079
v 0.121811 -0.220469 0.749417
v -0.071041 -0.016324 0.761259
v -0.092255 -0.119848 0.766080
v -0.121811 -0.220469 0.749417
v -0.204017 -0.241539 0.620617
v 0.270498 -0.460060 0.617426
v 0.230517 -0.321907 0.613541
v 0.307453 -0.679271 0.606093
v 0.127648 -0.461695 0.732092
v 0.156047 -0.662294 0.718728
v 0.115710 -0.308940 0.735885
v -0.156047 -0.662294 0.718728
v -0.127648 -0.461695 0.732092
v -0.307453 -0.679271 0.606094
v -0.270498 -0.460060 0.617426
v -0.115710 -0.308940 0.735885
v -0.230517 -0.321907 0.613541
v 0.319804 -0.845194 0.579055
v 0.162882 -0.763299 0.705704
v -0.162882 -0.763299 0.705704
v -0.319804 -0.845194 0.579055
v 0.280666 -0.925306 0.564170
v 0.147020 -0.849966 0.686970
v -0.147020 -0.849966 0.686970
v -0.280666 -0.925306 0.564170
v 0.165237 -0.955906 0.574685
v 0.085719 -0.891202 0.678420
v -0.085719 -0.891202 0.678420
v -0.165237 -0.955906 0.574685
v -0.000000 -0.968521 0.585572
v 0.000000 -0.900972 0.676317
v 0.116597 0.510627 0.638223
v 0.160012 0.507564 0.598929
v 0.076450 0.476557 0.603747
v 0.075862 0.464782 0.636469
v -0.076450 0.476557 0.603747
v -0.160012 0.507564 0.598929
v -0.116597 0.510627 0.638223
v -0.075862 0.464782 0.636469
v 0.394807 -0.129527 0.435060
v 0.457524 -0.096498 0.456695
v 0.395325 -0.121562 0.489841
v 0.370784 -0.128175 0.472229
v -0.395325 -0.121562 0.489841
v -0.457524 -0.096498 0.456695
v -0.394807 -0.129527 0.435060
v -0.370784 -0.128175 0.472229
v 0.663914 0.467959 0.495450
v 0.563450 0.499347 0.475404
v 0.442652 0.538683 0.548574
v 0.575264 0.522786 0.562201
v -0.442652 0.538683 0.548574
v -0.563450 0.499347 0.475404
v -0.663913 0.467959 0.495450
v -0.575265 0.522786 0.562201
v 0.775438 0.377444 0.450288
v 0.717066 0.428270 0.427881
v 0.747943 0.436815 0.517730
v -0.717066 0.428270 0.427881
v -0.775438 0.377444 0.450288
v -0.747943 0.436815 0.517730
v 0.763311 0.177509 0.388616
v 0.779794 0.290892 0.361793
v 0.801413 0.284012 0.453221
v -0.779794 0.290892 0.361793
v -0.763311 0.177509 0.388616
v -0.801413 0.284012 0.453221
v 0.615323 0.002425 0.411112
v 0.711024 0.086286 0.323011
v 0.704143 0.074896 0.429670
v -0.711024 0.086286 0.323011
v -0.615323 0.002425 0.411112
v -0.704143 0.074896 0.429670
v 0.534120 -0.061507 0.369393
v 0.528006 -0.064320 0.473792
v -0.534120 -0.061507 0.369392
v -0.528006 -0.064320 0.473792
v 0.276043 0.524766 0.552220
v 0.291700 0.560922 0.593898
v -0.276043 0.524766 0.552220
v -0.291700 0.560921 0.593898
v 0.084401 0.498371 0.685512
v 0.191875 0.589324 0.630181
v 0.038019 0.450768 0.621441
v 0.364382 0.631809 0.613381
v 0.102925 0.519354 0.566781
v 0.427520 0.527357 0.469718
v -0.102925 0.519354 0.566781
v -0.038019 0.450768 0.621441
v -0.084401 0.498371 0.685512
v -0.191875 0.589324 0.630181
v -0.364382 0.631809 0.613381
v -0.427520 0.527357 0.469718
v 0.484789 0.592361 0.631544
v 0.684877 0.483535 0.582812
v 0.638438 0.464235 0.383072
v -0.484789 0.592361 0.631544
v -0.684877 0.483535 0.582812
v -0.638438 0.464235 0.383072
v 0.808204 0.384730 0.531554
v 0.747213 0.383697 0.343991
v -0.808204 0.384730 0.531554
v -0.747213 0.383697 0.343991
v 0.783183 0.168806 0.457563
v 0.783219 0.200793 0.229371
v -0.783183 0.168806 0.457563
v -0.783219 0.200793 0.229371
v 0.622348 -0.011730 0.486951
v 0.656648 -0.007394 0.225269
v -0.622348 -0.011730 0.486951
v -0.656648 -0.007394 0.225269
v 0.436558 -0.115791 0.514117
v 0.434181 -0.134622 0.305925
v -0.436558 -0.115791 0.514117
v -0.434181 -0.134622 0.305925
v 0.312854 -0.147691 0.493275
v 0.312582 -0.169834 0.452165
v -0.312854 -0.147691 0.493275
v -0.312582 -0.169834 0.452165
v 0.490041 0.186686 0.719489
v -0.490041 0.186772 0.719489
v 0.553074 0.160787 0.625482
v -0.553074 0.160870 0.625482
v 0.435225 0.048175 0.649906
v -0.435225 0.049995 0.649906
v 0.409326 0.111123 0.736657
v -0.409326 0.113025 0.736657
v 0.295831 0.113025 0.757728
v -0.295831 0.113025 0.757728
v 0.267985 0.049995 0.680183
v -0.267985 0.049995 0.680183
v 0.150211 0.162689 0.695879
v -0.150211 0.160870 0.695879
v 0.216831 0.188675 0.767734
v -0.216831 0.186772 0.767734
v 0.216831 0.300044 0.767734
v -0.216831 0.299957 0.767734
v 0.150211 0.326017 0.695879
v -0.150211 0.325935 0.695879
v 0.267985 0.443698 0.680183
v -0.267985 0.443699 0.680183
v 0.295831 0.380744 0.757728
v -0.295831 0.380744 0.757728
v 0.409326 0.380744 0.736657
v -0.409326 0.380744 0.736657
v 0.435225 0.443698 0.649906
v -0.435225 0.443699 0.649906
v 0.553073 0.325934 0.625482
v -0.553073 0.325935 0.625481
v 0.490041 0.299957 0.719489
v -0.490041 0.299957 0.719489
v 0.454486 0.286075 0.769157
v -0.454486 0.286075 0.769157
v 0.395371 0.346926 0.782428
v -0.395371 0.346926 0.782428
v 0.311598 0.346926 0.799389
v -0.311598 0.346926 0.799389
v 0.254199 0.286079 0.807248
v -0.254199 0.286075 0.807248
v 0.254199 0.202316 0.807248
v -0.254199 0.202233 0.807248
v 0.311598 0.145059 0.799389
v -0.311598 0.145059 0.799389
v 0.395371 0.144976 0.782428
v -0.395371 0.145059 0.782428
v 0.454486 0.202230 0.769157
v -0.454486 0.202233 0.769157
v 0.422494 0.214486 0.793859
v -0.422494 0.214486 0.793859
v 0.381936 0.174040 0.803802
v -0.381936 0.174040 0.803803
v 0.323853 0.174040 0.816225
v -0.323853 0.174040 0.816225
v 0.283407 0.214486 0.821615
v -0.283407 0.214486 0.821615
v 0.283407 0.272710 0.821615
v -0.283407 0.272710 0.821615
v 0.323853 0.315489 0.816225
v -0.323853 0.315489 0.816225
v 0.381936 0.315489 0.803803
v -0.381936 0.315489 0.803802
v 0.422494 0.272710 0.793859
v -0.422494 0.272710 0.793859
v 0.072800 0.152829 0.751784
v -0.072853 0.152829 0.751784
v 0.041353 -0.381029 0.746115
v -0.041353 -0.381029 0.746115
v 0.048687 -0.563011 0.741406
v -0.048687 -0.563011 0.741406
v 0.055875 -0.708843 0.733619
v -0.055875 -0.708843 0.733619
v 0.107187 -0.253263 0.767674
v -0.107187 -0.253263 0.767674
v 0.114248 -0.184079 0.768616
v -0.114248 -0.184079 0.768616
v 0.062013 -0.137831 0.763410
v -0.062013 -0.137831 0.763410
v 0.010488 -0.160472 0.769239
v -0.010488 -0.160472 0.769239
v 0.043795 -0.302886 0.762511
v -0.043795 -0.302886 0.762511
v 0.041939 -0.280865 0.793237
v -0.041939 -0.280865 0.793237
v 0.022556 -0.165962 0.809766
v -0.022556 -0.165962 0.809766
v 0.071031 -0.144960 0.797361
v -0.071031 -0.144960 0.797361
v 0.107679 -0.186123 0.803620
v -0.107679 -0.186123 0.803621
v 0.099407 -0.243606 0.801788
v -0.099407 -0.243606 0.801788
v 0.061994 -0.183869 0.824381
v -0.061994 -0.183869 0.824381
v 0.045519 -0.241289 0.821313
v -0.045519 -0.241289 0.821313
v 0.049196 -0.750141 0.726816
v -0.049196 -0.750141 0.726816
v 0.102321 -0.781950 0.717895
v -0.102321 -0.781950 0.717895
v 0.080191 -0.850245 0.699338
v -0.080191 -0.850246 0.699338
v 0.027794 -0.877966 0.688226
v -0.027794 -0.877966 0.688226
v 0.024038 -0.860708 0.661125
v -0.024038 -0.860708 0.661125
v 0.069962 -0.835803 0.669020
v -0.069962 -0.835803 0.669020
v 0.090552 -0.783635 0.685093
v -0.090552 -0.783635 0.685093
v 0.044627 -0.764052 0.690842
v -0.044627 -0.764052 0.690842
v 0.034058 -0.810489 0.648895
v -0.034058 -0.810489 0.648895
v 0.075754 -0.805564 0.649704
v -0.075754 -0.805564 0.649704
v 0.162216 0.181682 0.765033
v -0.162218 0.181682 0.765033
v 0.151285 0.258391 0.771331
v -0.151339 0.258391 0.771332
v 0.170193 0.346857 0.775397
v -0.170246 0.346857 0.775397
v 0.195755 0.122708 0.761050
v -0.195755 0.122708 0.761050
v 0.295637 0.070356 0.741675
v -0.295637 0.070356 0.741675
v 0.429669 0.063959 0.708284
v -0.429669 0.063959 0.708284
v 0.542022 0.138303 0.679452
v -0.542022 0.138303 0.679452
v 0.604997 0.242024 0.666413
v -0.604997 0.242024 0.666413
v 0.594633 0.327637 0.675209
v -0.594633 0.327637 0.675209
v 0.502752 0.390614 0.713194
v -0.502752 0.390614 0.713194
v 0.380554 0.435806 0.747856
v -0.380554 0.435806 0.747856
v 0.296920 0.449166 0.759145
v -0.296920 0.449166 0.759145
v 0.224944 0.418890 0.771821
v -0.224946 0.418890 0.771821
v 0.250078 0.387851 0.768633
v -0.250078 0.387851 0.768633
v 0.306966 0.413171 0.761366
v -0.306966 0.413171 0.761366
v 0.378337 0.405589 0.755547
v -0.378337 0.405589 0.755547
v 0.481286 0.368808 0.723002
v -0.481286 0.368808 0.723002
v 0.556064 0.313897 0.683994
v -0.556064 0.313897 0.683994
v 0.564358 0.243479 0.677646
v -0.564358 0.243479 0.677646
v 0.514001 0.157060 0.692868
v -0.514001 0.157060 0.692868
v 0.420902 0.094181 0.721442
v -0.420902 0.094181 0.721442
v 0.305745 0.097168 0.750085
v -0.305745 0.097168 0.750085
v 0.217367 0.140940 0.763835
v -0.217367 0.140940 0.763835
v 0.205499 0.331702 0.768714
v -0.205499 0.331702 0.768714
v 0.185964 0.260098 0.766527
v -0.185964 0.260098 0.766527
v 0.190094 0.193932 0.762858
v -0.190094 0.193932 0.762858
v 0.253842 0.695707 0.676826
v -0.253842 0.695707 0.676826
v 0.075328 -0.504039 0.305132
v -0.075328 -0.504039 0.305132
v 0.067244 -0.667792 0.349264
v -0.067244 -0.667792 0.349263
v 0.076236 -0.865092 0.404232
v -0.076236 -0.865092 0.404232
v 0.085264 -0.963531 0.505434
v -0.085264 -0.963531 0.505434
v 0.244666 -0.937032 0.479647
v -0.244666 -0.937032 0.479647
v 0.319737 -0.861235 0.462415
v -0.319737 -0.861235 0.462415
v 0.309547 -0.698123 0.470342
v -0.309547 -0.698123 0.470342
v 0.201257 -0.632792 0.377797
v -0.201257 -0.632792 0.377797
v 0.227200 -0.830694 0.401816
v -0.227200 -0.830694 0.401816
v 0.196649 -0.458635 0.356177
v -0.196649 -0.458635 0.356177
v 0.283535 -0.499466 0.484043
v -0.283535 -0.499466 0.484043
v 0.233979 -0.265727 0.501826
v -0.233979 -0.265727 0.501826
v 0.254386 -0.350092 0.488236
v -0.254386 -0.350092 0.488236
v 0.221329 -0.206416 0.523367
v -0.221329 -0.206416 0.523367
v 0.165880 -0.047906 -0.666301
v -0.165880 -0.047906 -0.666300
v 0.155384 -0.252370 -0.447129
v -0.155384 -0.252370 -0.447129
v 0.125203 -0.378636 -0.068659
v -0.125203 -0.378636 -0.068659
v 0.095147 -0.434554 0.217911
v -0.095147 -0.434554 0.217911
v 0.210649 -0.362208 0.315769
v -0.210649 -0.362208 0.315769
v 0.194060 0.281515 -0.746737
v -0.194060 0.281514 -0.746737
v 0.221100 0.903198 0.086985
v -0.221100 0.903198 0.086985
v 0.221093 0.905528 -0.269185
v -0.221093 0.905528 -0.269185
v 0.221324 0.679193 -0.608568
v -0.221324 0.679192 -0.608568
v 0.698254 0.530249 0.195525
v -0.698254 0.530249 0.195525
v 0.714939 0.650316 -0.033369
v -0.714939 0.650316 -0.033369
v 0.713998 0.637622 -0.275835
v -0.713998 0.637622 -0.275835
v 0.701191 0.452734 -0.447765
v -0.701191 0.452734 -0.447765
v 0.534071 0.571838 -0.523393
v -0.534071 0.571838 -0.523393
v 0.540524 0.795315 -0.272485
v -0.540524 0.795315 -0.272485
v 0.540660 0.799425 0.006395
v -0.540660 0.799425 0.006395
v 0.540547 0.633322 0.250121
v -0.540547 0.633322 0.250121
v 0.223470 0.708150 0.370729
v -0.223470 0.708150 0.370729
v 0.802953 0.376595 0.115091
v -0.802953 0.376595 0.115091
v 0.813537 0.453482 -0.065614
v -0.813537 0.453482 -0.065614
v 0.792182 0.441368 -0.278844
v -0.792182 0.441368 -0.278844
v 0.335350 -0.263087 -0.042860
v -0.335350 -0.263087 -0.042860
v 0.539585 -0.131816 -0.040209
v -0.539585 -0.131816 -0.040209
v 0.281357 -0.279318 0.243125
v -0.281357 -0.279318 0.243125
v 0.627542 0.156363 -0.492076
v -0.627542 0.156363 -0.492076
v 0.468543 0.215902 -0.618937
v -0.468543 0.215902 -0.618937
v 0.541211 -0.073111 -0.331983
v -0.541211 -0.073111 -0.331983
v 0.383582 -0.156565 -0.385386
v -0.383582 -0.156565 -0.385386
v 0.380666 -0.019135 -0.579610
v -0.380666 -0.019135 -0.579610
v 0.965332 0.411116 -0.270264
v -0.965332 0.411116 -0.270264
v 1.114977 0.451860 -0.356411
v -1.114977 0.451860 -0.356411
v 1.254327 0.381304 -0.411092
v -1.254327 0.381304 -0.411092
v 1.270840 0.185703 -0.416484
v -1.270840 0.185703 -0.416484
v 1.137224 0.002981 -0.367038
v -1.137224 0.002981 -0.367038
v 0.920197 -0.083160 -0.230876
v -0.920197 -0.083160 -0.230876
v 0.946455 -0.031742 -0.258128
v -0.946455 -0.031742 -0.258128
v 1.115618 0.035506 -0.378893
v -1.115618 0.035506 -0.378893
v 1.221788 0.178141 -0.424981
v -1.221788 0.178141 -0.424981
v 1.212216 0.330539 -0.419515
v -1.212216 0.330539 -0.419515
v 1.100179 0.386047 -0.369537
v -1.100179 0.386047 -0.369537
v 0.978533 0.355309 -0.292145
v -0.978533 0.355309 -0.292145
v 0.693943 -0.044371 -0.084026
v -0.693943 -0.044371 -0.084026
v 0.736002 -0.086328 -0.155783
v -0.736002 -0.086328 -0.155783
v 0.786636 0.128977 0.006093
v -0.786636 0.128977 0.006093
v 0.871194 0.344740 -0.221652
v -0.871194 0.344740 -0.221652
v 0.812723 -0.033223 -0.201427
v -0.812724 -0.033223 -0.201427
v 0.775182 0.004718 -0.225624
v -0.775182 0.004718 -0.225624
v 0.786391 0.059641 -0.253464
v -0.786391 0.059641 -0.253464
v 0.780888 0.128708 -0.235181
v -0.780888 0.128708 -0.235181
v 0.842017 0.226902 -0.239614
v -0.842017 0.226902 -0.239614
v 0.900696 0.298872 -0.248793
v -0.900696 0.298872 -0.248793
v 0.829524 0.285890 -0.167210
v -0.829524 0.285890 -0.167210
v 0.776391 0.140687 -0.129827
v -0.776391 0.140687 -0.129827
v 0.726315 0.010103 -0.144003
v -0.726315 0.010103 -0.144003
v 0.921217 0.266846 -0.305545
v -0.921217 0.266846 -0.305545
v 0.865167 0.204173 -0.294576
v -0.865167 0.204173 -0.294576
v 0.803637 0.133104 -0.295256
v -0.803637 0.133104 -0.295256
v 0.796292 0.087965 -0.296048
v -0.796292 0.087965 -0.296048
v 0.833621 0.049341 -0.296281
v -0.833621 0.049341 -0.296281
v 0.830491 0.002020 -0.293275
v -0.830491 0.002020 -0.293275
v 0.851281 -0.015924 -0.269400
v -0.851281 -0.015924 -0.269400
v 0.992867 0.315682 -0.351240
v -0.992867 0.315682 -0.351240
v 1.104784 0.341302 -0.420414
v -1.104784 0.341302 -0.420414
v 1.206761 0.295466 -0.460324
v -1.206761 0.295466 -0.460324
v 1.215461 0.169271 -0.462250
v -1.215461 0.169271 -0.462250
v 1.116811 0.049503 -0.423876
v -1.116811 0.049503 -0.423876
v 0.964054 -0.006595 -0.317739
v -0.964054 -0.006595 -0.317739
v 0.876095 0.067440 -0.324995
v -0.876095 0.067440 -0.324995
v 0.945608 0.116869 -0.345351
v -0.945608 0.116869 -0.345350
v 1.008433 0.177975 -0.369771
v -1.008433 0.177975 -0.369771
v 1.069495 0.226727 -0.388269
v -1.069495 0.226727 -0.388269
v 1.024601 0.279867 -0.380605
v -1.024601 0.279867 -0.380605
v 0.956207 0.231191 -0.347409
v -0.956207 0.231191 -0.347409
v 0.897040 0.171058 -0.329664
v -0.897041 0.171058 -0.329664
v 0.834039 0.113681 -0.320677
v -0.834039 0.113681 -0.320677
v 0.872938 0.013695 -0.310290
v -0.872938 0.013695 -0.310290
v 0.966475 0.044935 -0.347510
v -0.966475 0.044935 -0.347510
v 1.075691 0.101729 -0.411055
v -1.075691 0.101729 -0.411055
v 1.154072 0.183041 -0.435866
v -1.154072 0.183041 -0.435866
v 1.156218 0.265839 -0.437955
v -1.156218 0.265839 -0.437955
v 1.102712 0.311813 -0.426885
v -1.102712 0.311813 -0.426885
v 0.913177 -0.096832 -0.321604
v -0.913178 -0.096832 -0.321604
v 1.162332 -0.004612 -0.440722
v -1.162332 -0.004612 -0.440722
v 1.317280 0.186125 -0.469587
v -1.317280 0.186125 -0.469587
v 1.293320 0.387019 -0.470767
v -1.293320 0.387019 -0.470767
v 1.132316 0.456662 -0.438396
v -1.132316 0.456662 -0.438396
v 0.951796 0.412666 -0.354672
v -0.951796 0.412666 -0.354672
v 0.930637 0.154439 -0.417382
v -0.930637 0.154439 -0.417382
v 1.152805 0.218970 -0.504459
v -1.152805 0.218970 -0.504459
v 1.300265 0.271792 -0.518747
v -1.300265 0.271792 -0.518747
v 0.837139 0.343399 -0.314129
v -0.837139 0.343399 -0.314129
v 0.767063 0.131054 -0.391162
v -0.767063 0.131054 -0.391162
v 0.705187 -0.089275 -0.267168
v -0.705187 -0.089275 -0.267168
v 0.069908 -0.933350 0.632765
v -0.069908 -0.933350 0.632765
v 0.183412 -0.914610 0.629326
v -0.183412 -0.914610 0.629326
v 0.241485 -0.858526 0.641156
v -0.241485 -0.858526 0.641156
v 0.248998 -0.754121 0.665418
v -0.248998 -0.754121 0.665418
v 0.222331 -0.571308 0.687144
v -0.222331 -0.571308 0.687144
v 0.266333 -0.076231 0.715234
v -0.266333 -0.076231 0.715234
v 0.497690 -0.006039 0.635894
v -0.497690 -0.006039 0.635895
v 0.657150 0.115893 0.603316
v -0.657150 0.115893 0.603316
v 0.727019 0.277894 0.617803
v -0.727019 0.277894 0.617803
v 0.701240 0.391525 0.669052
v -0.701240 0.391525 0.669052
v 0.557577 0.477194 0.727430
v -0.557577 0.477194 0.727430
v 0.383416 0.580809 0.781853
v -0.383416 0.580809 0.781853
v 0.260555 0.615183 0.811393
v -0.260555 0.615183 0.811393
v 0.156567 0.521677 0.814217
v -0.156620 0.521677 0.814217
v 0.054768 0.394923 0.803301
v -0.056011 0.394923 0.803301
v 0.144887 -0.169592 0.740626
v -0.144887 -0.169592 0.740626
v 0.162477 -0.271783 0.702636
v -0.162477 -0.271783 0.702636
v 0.185569 -0.379323 0.697131
v -0.185569 -0.379323 0.697131
v -0.039106 0.442817 0.771003
v 0.039053 0.442817 0.771003
v -0.107224 0.361508 0.788843
v 0.105981 0.361508 0.788843
v -0.065022 0.257254 0.773701
v 0.063779 0.257254 0.773701
v 0.523283 -0.055346 0.572738
v 0.302918 -0.129122 0.619204
v 0.458210 0.029556 0.674759
v 0.269258 0.001961 0.733443
v -0.269258 0.001961 0.733443
v -0.302918 -0.129122 0.619204
v -0.523283 -0.055346 0.572738
v -0.458210 0.029556 0.674759
v 0.703813 0.082756 0.536649
v 0.594571 0.127379 0.645207
v -0.703813 0.082756 0.536649
v -0.594571 0.127379 0.645207
v 0.796754 0.286823 0.560993
v 0.661111 0.255372 0.643220
v -0.796754 0.286823 0.560993
v -0.661111 0.255372 0.643220
v 0.753963 0.432180 0.634369
v 0.644318 0.352802 0.667583
v -0.753963 0.432180 0.634369
v -0.644318 0.352802 0.667583
v 0.586494 0.522365 0.689554
v 0.527762 0.429096 0.713095
v -0.586494 0.522365 0.689554
v -0.527762 0.429096 0.713095
v 0.397198 0.644153 0.743785
v 0.379736 0.501499 0.758832
v -0.397197 0.644153 0.743785
v -0.379736 0.501499 0.758832
v 0.247218 0.689542 0.776512
v 0.278684 0.524521 0.782472
v -0.247218 0.689542 0.776512
v -0.278684 0.524521 0.782472
v 0.126927 0.574274 0.781912
v 0.190660 0.467323 0.791045
v -0.126929 0.574274 0.781912
v -0.190714 0.467323 0.791045
v 0.194705 -0.199772 0.635092
v 0.120237 0.049243 0.757121
v 0.051643 -0.080958 0.756611
v 0.113533 -0.171065 0.760974
v -0.120237 0.049243 0.757122
v -0.051643 -0.080958 0.756611
v -0.113533 -0.171065 0.760974
v -0.194705 -0.199772 0.635092
v 0.249238 -0.379109 0.616114
v 0.290750 -0.567176 0.614389
v 0.142482 -0.567268 0.726176
v 0.118015 -0.374340 0.734188
v -0.142482 -0.567268 0.726176
v -0.290750 -0.567176 0.614389
v -0.118015 -0.374340 0.734188
v -0.249238 -0.379109 0.616113
v 0.318160 -0.773653 0.593024
v 0.162410 -0.721926 0.712481
v -0.162410 -0.721926 0.712481
v -0.318160 -0.773653 0.593024
v 0.308871 -0.894219 0.568517
v 0.159855 -0.808636 0.696039
v -0.159855 -0.808635 0.696040
v -0.308871 -0.894219 0.568517
v 0.231795 -0.944054 0.567276
v 0.121305 -0.876623 0.681355
v -0.121305 -0.876623 0.681354
v -0.231795 -0.944054 0.567276
v 0.085897 -0.964765 0.582164
v 0.044267 -0.898704 0.676838
v -0.044267 -0.898704 0.676838
v -0.085897 -0.964765 0.582164
v 0.120157 -0.262377 0.740646
v 0.216648 -0.279643 0.613524
v -0.120157 -0.262377 0.740646
v -0.216648 -0.279643 0.613524
v 0.099221 0.482988 0.617273
v -0.099221 0.482988 0.617273
v 0.412489 -0.114238 0.467782
v -0.412489 -0.114238 0.467782
v 0.569311 0.509492 0.520427
v -0.569311 0.509492 0.520427
v 0.732981 0.431335 0.475221
v -0.732981 0.431335 0.475220
v 0.787600 0.285440 0.414885
v -0.787600 0.285440 0.414885
v 0.700427 0.081193 0.390408
v -0.700427 0.081193 0.390408
v 0.528384 -0.057782 0.436074
v -0.528384 -0.057782 0.436074
v 0.288821 0.532566 0.575255
v -0.288821 0.532566 0.575255
v 0.132529 0.569333 0.676052
v 0.046841 0.453016 0.669324
v 0.279741 0.610647 0.607917
v 0.255833 0.536127 0.522543
v 0.044255 0.480379 0.594645
v -0.044255 0.480379 0.594645
v -0.046841 0.453016 0.669324
v -0.132529 0.569333 0.676052
v -0.279741 0.610647 0.607917
v -0.255833 0.536127 0.522543
v 0.586964 0.533266 0.607195
v 0.399399 0.652163 0.651213
v 0.553473 0.499008 0.418726
v -0.399399 0.652163 0.651213
v -0.586964 0.533266 0.607195
v -0.553473 0.499008 0.418726
v 0.761961 0.443361 0.561120
v 0.700287 0.431560 0.368300
v -0.761961 0.443361 0.561120
v -0.700287 0.431560 0.368300
v 0.815968 0.284647 0.488263
v 0.780471 0.303574 0.285767
v -0.815968 0.284647 0.488263
v -0.780471 0.303574 0.285767
v 0.712807 0.068443 0.463259
v 0.739810 0.091478 0.212758
v -0.712807 0.068443 0.463259
v -0.739811 0.091478 0.212758
v 0.529301 -0.073207 0.504887
v 0.546147 -0.080083 0.255733
v -0.529301 -0.073207 0.504887
v -0.546147 -0.080083 0.255733
v 0.338775 -0.144101 0.515292
v 0.306778 -0.156263 0.477626
v 0.337206 -0.179640 0.389295
v -0.338775 -0.144101 0.515292
v -0.337206 -0.179640 0.389295
v -0.306778 -0.156263 0.477626
vn 0.8035 -0.0014 0.5953
vn 0.7230 -0.2457 0.6456
vn 0.7684 -0.0010 0.6400
vn 0.7576 -0.2595 0.5989
vn 0.5829 -0.4746 0.6595
vn 0.6122 -0.5209 0.5949
vn 0.7651 -0.2724 0.5834
vn 0.8142 -0.0012 0.5806
vn -0.6067 -0.5263 0.5958
vn -0.7224 -0.2479 0.6455
vn -0.7640 -0.2745 0.5839
vn -0.5792 -0.4830 0.6567
vn -0.7577 -0.2609 0.5982
vn -0.8036 -0.0014 0.5952
vn -0.7684 -0.0011 0.6399
vn -0.8142 -0.0013 0.5806
vn 0.8109 -0.3001 0.5024
vn 0.8643 -0.0013 0.5030
vn 0.6461 -0.5690 0.5087
vn 0.6693 -0.5707 0.4757
vn 0.8292 -0.2993 0.4721
vn 0.8805 -0.0000 0.4741
vn -0.6652 -0.5695 0.4829
vn -0.8100 -0.3009 0.5034
vn -0.8284 -0.2997 0.4733
vn -0.6413 -0.5692 0.5146
vn -0.8640 -0.0014 0.5036
vn -0.8802 -0.0002 0.4745
vn 0.3909 -0.7554 0.5259
vn 0.3757 -0.6949 0.6131
vn 0.0890 -0.8297 0.5510
vn 0.1040 -0.8492 0.5177
vn 0.4140 -0.7664 0.4912
vn -0.1098 -0.8376 0.5351
vn -0.3866 -0.7486 0.5386
vn -0.4097 -0.7575 0.5083
vn -0.0981 -0.8210 0.5624
vn -0.3697 -0.6971 0.6143
vn 0.6139 -0.5098 0.6027
vn 0.3673 -0.6403 0.6746
vn 0.3867 -0.7015 0.5986
vn 0.1141 -0.7136 0.6912
vn 0.1001 -0.7659 0.6351
vn -0.1123 -0.7653 0.6338
vn -0.3629 -0.6523 0.6655
vn -0.1237 -0.7238 0.6788
vn -0.3843 -0.7156 0.5833
vn -0.6128 -0.5174 0.5973
vn 0.1063 -0.7943 0.5982
vn -0.1575 -0.6816 0.7146
vn -0.2012 -0.7591 0.6191
vn -0.4103 -0.5237 0.7466
vn -0.4593 -0.5669 0.6839
vn -0.1890 -0.7284 0.6586
vn 0.4504 -0.5749 0.6831
vn 0.1357 -0.6893 0.7116
vn 0.1657 -0.7362 0.6562
vn 0.3964 -0.5258 0.7526
vn 0.1879 -0.7644 0.6167
vn -0.1103 -0.8069 0.5803
vn -0.2267 -0.7878 0.5727
vn -0.5203 -0.6180 0.5894
vn -0.5319 -0.6417 0.5526
vn -0.2252 -0.8115 0.5392
vn 0.5380 -0.6475 0.5397
vn 0.2126 -0.7922 0.5720
vn 0.2173 -0.8128 0.5405
vn 0.5196 -0.6270 0.5804
vn -0.7275 -0.3354 0.5986
vn -0.6454 -0.3025 0.7014
vn -0.7989 -0.0017 0.6014
vn -0.8294 -0.0016 0.5586
vn -0.7521 -0.3514 0.5575
vn 0.7998 -0.0016 0.6002
vn 0.7596 -0.3497 0.5484
vn 0.8304 -0.0000 0.5572
vn 0.7077 -0.0014 0.7065
vn 0.7320 -0.3369 0.5921
vn -0.6659 -0.3039 0.6813
vn -0.4811 -0.5811 0.6564
vn -0.7254 -0.0023 0.6883
vn -0.5779 -0.2732 0.7690
vn -0.6307 -0.0018 0.7760
vn 0.6303 -0.0012 0.7764
vn 0.6463 -0.3020 0.7008
vn 0.6606 -0.3002 0.6882
vn 0.5742 -0.2699 0.7730
vn 0.4689 -0.5789 0.6671
vn -0.5822 0.2619 0.7697
vn -0.4919 0.5599 0.6667
vn -0.6708 0.2901 0.6825
vn -0.4216 0.5063 0.7523
vn -0.6503 0.2926 0.7010
vn -0.7075 -0.0017 0.7067
vn 0.4218 0.5061 0.7523
vn 0.6507 0.2916 0.7011
vn 0.4740 0.5539 0.6845
vn 0.4921 0.5599 0.6666
vn 0.5828 0.2612 0.7695
vn 0.7248 -0.0017 0.6889
vn -0.4738 0.5541 0.6845
vn -0.7328 0.3270 0.5967
vn -0.5358 0.6100 0.5838
vn -0.7577 0.3434 0.5550
vn 0.5356 0.6102 0.5838
vn 0.7575 0.3433 0.5553
vn 0.5473 0.6362 0.5439
vn 0.7327 0.3261 0.5973
vn -0.1990 0.7252 0.6592
vn 0.1110 0.7651 0.6342
vn -0.2392 0.7924 0.5611
vn 0.0940 0.8361 0.5404
vn -0.2383 0.8188 0.5222
vn -0.5473 0.6364 0.5435
vn -0.0940 0.8361 0.5405
vn 0.2383 0.8188 0.5222
vn -0.1058 0.8575 0.5035
vn -0.1110 0.7651 0.6342
vn 0.2392 0.7924 0.5612
vn 0.1989 0.7254 0.6589
vn -0.2045 0.7422 0.6383
vn 0.1159 0.7811 0.6136
vn -0.1629 0.6688 0.7254
vn 0.1259 0.7045 0.6984
vn -0.1259 0.7045 0.6985
vn -0.1156 0.7810 0.6137
vn 0.1629 0.6688 0.7254
vn 0.2045 0.7422 0.6383
vn 0.4045 0.6910 0.5991
vn 0.6314 0.4987 0.5939
vn 0.3899 0.6292 0.6724
vn 0.6001 0.4629 0.6524
vn 0.3989 0.6835 0.6113
vn -0.6001 0.4629 0.6523
vn -0.3989 0.6835 0.6113
vn -0.6261 0.5049 0.5942
vn -0.6314 0.4987 0.5939
vn -0.3899 0.6292 0.6724
vn -0.4049 0.6910 0.5988
vn 0.6262 0.5049 0.5942
vn 0.4065 0.7474 0.5255
vn 0.6547 0.5526 0.5158
vn 0.4235 0.7600 0.4929
vn 0.1058 0.8574 0.5036
vn -0.6545 0.5525 0.5161
vn -0.4236 0.7601 0.4928
vn -0.6725 0.5580 0.4863
vn -0.4065 0.7474 0.5255
vn 0.7675 0.2648 0.5838
vn 0.8111 0.2910 0.5074
vn 0.8273 0.2938 0.4787
vn 0.6725 0.5580 0.4863
vn -0.8273 0.2939 0.4789
vn -0.8109 0.2911 0.5077
vn -0.7677 0.2648 0.5835
vn 0.7653 0.2519 0.5924
vn 0.7288 0.2398 0.6413
vn -0.7289 0.2399 0.6412
vn -0.7653 0.2520 0.5924
vn 0.8025 -0.0013 0.5967
vn 0.7653 0.2475 0.5943
vn 0.6357 0.4998 0.5883
vn 0.6010 0.1604 0.7830
vn 0.6233 -0.0014 0.7820
vn -0.6357 0.4998 0.5883
vn -0.6010 0.1604 0.7830
vn -0.5167 0.3244 0.7923
vn -0.7653 0.2475 0.5943
vn -0.8025 -0.0013 0.5966
vn -0.6232 -0.0013 0.7820
vn 0.4082 0.7024 0.5831
vn 0.1105 0.8020 0.5870
vn 0.3670 0.4690 0.8033
vn 0.5167 0.3244 0.7923
vn -0.1105 0.8020 0.5870
vn -0.3670 0.4690 0.8033
vn -0.1630 0.5384 0.8268
vn -0.4082 0.7024 0.5831
vn -0.2197 0.7602 0.6115
vn -0.5168 0.5744 0.6349
vn -0.0781 0.5138 0.8543
vn 0.1630 0.5384 0.8268
vn 0.5168 0.5744 0.6348
vn 0.0781 0.5138 0.8543
vn 0.2915 0.3803 0.8777
vn 0.2197 0.7602 0.6115
vn -0.7069 0.3020 0.6396
vn -0.7729 -0.0023 0.6346
vn -0.4353 0.1982 0.8782
vn -0.2915 0.3803 0.8777
vn 0.7724 -0.0016 0.6351
vn 0.4353 0.1982 0.8782
vn 0.4828 -0.0017 0.8757
vn 0.6714 0.2897 0.6821
vn 0.7072 0.3020 0.6393
vn -0.5105 -0.5976 0.6183
vn -0.7050 -0.3169 0.6345
vn -0.2911 -0.4031 0.8676
vn -0.4372 -0.2117 0.8741
vn -0.4829 -0.0020 0.8757
vn 0.2902 -0.4023 0.8683
vn 0.7023 -0.3138 0.6390
vn 0.4367 -0.2110 0.8745
vn 0.5056 -0.5947 0.6251
vn -0.2204 -0.7808 0.5846
vn 0.1035 -0.8214 0.5609
vn 0.1589 -0.5651 0.8096
vn -0.0819 -0.5385 0.8386
vn -0.1589 -0.5665 0.8086
vn 0.2158 -0.7826 0.5839
vn 0.0814 -0.5388 0.8385
vn -0.1041 -0.8283 0.5505
vn 0.3987 -0.7187 0.5697
vn 0.6248 -0.5150 0.5869
vn 0.5144 -0.3442 0.7854
vn 0.3653 -0.4922 0.7901
vn -0.5146 -0.3449 0.7850
vn -0.3976 -0.7272 0.5595
vn -0.3653 -0.4938 0.7891
vn -0.6249 -0.5193 0.5829
vn 0.7610 -0.2569 0.5957
vn 0.6017 -0.1711 0.7802
vn -0.7612 -0.2576 0.5951
vn -0.6017 -0.1712 0.7802
vn 0.3423 -0.1196 0.9320
vn 0.3860 -0.0006 0.9225
vn 0.1931 -0.0015 0.9812
vn 0.4081 -0.0753 0.9098
vn -0.4081 -0.0753 0.9098
vn -0.3860 -0.0006 0.9225
vn -0.3423 -0.1196 0.9320
vn -0.1930 -0.0016 0.9812
vn 0.2960 -0.2053 0.9329
vn 0.1999 -0.1878 0.9616
vn -0.1999 -0.1878 0.9616
vn -0.2960 -0.2053 0.9329
vn 0.0196 -0.1215 0.9924
vn 0.0825 -0.2136 0.9734
vn -0.0825 -0.2136 0.9734
vn -0.0196 -0.1215 0.9924
vn -0.0521 -0.0004 0.9986
vn -0.0797 -0.0696 0.9944
vn 0.0797 -0.0696 0.9944
vn 0.0521 -0.0004 0.9986
vn 0.0203 0.1143 0.9932
vn -0.0787 0.0641 0.9948
vn 0.0787 0.0641 0.9948
vn -0.0203 0.1143 0.9932
vn 0.2005 0.1764 0.9637
vn 0.0834 0.2020 0.9758
vn -0.0834 0.2020 0.9758
vn -0.2005 0.1764 0.9637
vn 0.3419 0.1127 0.9329
vn 0.2961 0.1940 0.9352
vn -0.2961 0.1940 0.9352
vn -0.3419 0.1127 0.9329
vn 0.4074 0.0699 0.9106
vn -0.4074 0.0699 0.9106
vn -0.0593 0.0150 0.9981
vn -0.0000 -0.1169 0.9931
vn -0.0000 0.0371 0.9993
vn -0.1126 -0.0717 0.9911
vn -0.0168 -0.1222 0.9924
vn -0.1016 -0.1380 0.9852
vn 0.0238 -0.1984 0.9798
vn 0.0001 -0.2224 0.9750
vn 0.1017 -0.1379 0.9852
vn -0.0240 -0.1989 0.9797
vn 0.0577 -0.1541 0.9864
vn 0.1126 -0.0717 0.9911
vn 0.0168 -0.1222 0.9924
vn 0.0593 0.0150 0.9981
vn 0.1165 -0.2623 0.9579
vn 0.1705 -0.0314 0.9849
vn 0.3473 -0.2797 0.8951
vn -0.0000 -0.2532 0.9674
vn 0.0526 -0.0360 0.9980
vn -0.0000 -0.0350 0.9994
vn 0.0495 -0.0225 0.9985
vn 0.1561 -0.0158 0.9876
vn -0.0496 -0.0224 0.9985
vn -0.0000 -0.0238 0.9997
vn -0.0526 -0.0360 0.9980
vn -0.1165 -0.2624 0.9579
vn -0.1704 -0.0314 0.9849
vn -0.1562 -0.0158 0.9876
vn 0.1605 -0.0370 0.9863
vn 0.0551 -0.0514 0.9972
vn 0.1712 -0.0505 0.9839
vn 0.0511 -0.0458 0.9976
vn -0.0000 -0.0477 0.9989
vn -0.0000 -0.0507 0.9987
vn -0.0514 -0.0459 0.9976
vn -0.1606 -0.0370 0.9863
vn -0.0552 -0.0514 0.9972
vn 0.0585 -0.1842 0.9812
vn -0.0000 -0.0605 0.9982
vn -0.0000 -0.2226 0.9749
vn 0.1862 -0.0800 0.9793
vn 0.0622 -0.0644 0.9960
vn -0.1712 -0.0505 0.9839
vn -0.0622 -0.0643 0.9960
vn -0.1862 -0.0800 0.9793
vn -0.0585 -0.1842 0.9812
vn 0.9004 -0.1223 0.4175
vn 0.8347 -0.4824 0.2656
vn 0.7148 -0.3274 0.6180
vn 0.9936 -0.1082 0.0339
vn 0.7692 -0.5442 0.3350
vn 0.5014 -0.7344 0.4575
vn 0.5348 -0.6378 0.5542
vn -0.5014 -0.7344 0.4575
vn -0.8347 -0.4824 0.2656
vn -0.5348 -0.6378 0.5542
vn -0.7692 -0.5442 0.3350
vn -0.9936 -0.1082 0.0339
vn -0.9004 -0.1223 0.4175
vn -0.7148 -0.3274 0.6180
vn -0.3473 -0.2797 0.8951
vn 0.7202 0.6928 0.0372
vn 0.8331 0.1683 0.5268
vn 0.0059 0.2680 0.9634
vn 0.6817 0.7214 0.1222
vn 0.9537 0.2977 -0.0433
vn 0.9349 0.3072 0.1778
vn -0.9349 0.3072 0.1778
vn -0.9591 -0.1341 0.2494
vn -0.6817 0.7214 0.1222
vn -0.9537 0.2977 -0.0433
vn -0.7202 0.6928 0.0372
vn -0.8332 0.1683 0.5268
vn -0.3078 0.7312 0.6088
vn -0.1240 0.2344 0.9642
vn -0.0000 0.2667 0.9638
vn -0.3155 0.9101 0.2687
vn 0.1489 0.9006 0.4083
vn 0.1902 0.9700 0.1516
vn -0.1902 0.9700 0.1516
vn 0.3155 0.9101 0.2687
vn -0.1489 0.9006 0.4083
vn 0.3078 0.7311 0.6088
vn 0.1240 0.2344 0.9642
vn -0.0059 0.2680 0.9634
vn -0.0000 0.7601 0.6498
vn -0.5446 0.6711 0.5030
vn -0.0000 0.5516 0.8341
vn -0.0000 0.9369 0.3495
vn -0.5211 0.8086 0.2732
vn 0.5211 0.8086 0.2732
vn 0.5446 0.6711 0.5030
vn -0.0000 -0.6610 0.7504
vn 0.2517 -0.6591 0.7086
vn 0.2803 -0.7832 0.5550
vn -0.0000 -0.8080 0.5892
vn -0.2803 -0.7832 0.5550
vn -0.2517 -0.6591 0.7086
vn -0.0000 -0.7004 0.7137
vn 0.2173 -0.6935 0.6869
vn 0.3774 -0.6794 0.6292
vn 0.1546 -0.5862 0.7953
vn -0.0000 -0.5768 0.8169
vn -0.3774 -0.6794 0.6292
vn -0.1546 -0.5862 0.7953
vn -0.2579 -0.6019 0.7558
vn -0.2173 -0.6935 0.6869
vn -0.0000 0.9688 0.2480
vn -0.3495 0.7687 0.5357
vn -0.0000 0.7920 0.6105
vn -0.0541 0.4870 0.8717
vn -0.0537 0.6305 0.7743
vn -0.2206 0.8230 0.5234
vn 0.0537 0.6305 0.7743
vn 0.3495 0.7687 0.5357
vn 0.2206 0.8230 0.5234
vn 0.0541 0.4870 0.8717
vn 0.1771 0.5645 0.8062
vn 0.1840 0.8378 0.5141
vn 0.3938 0.4609 0.7953
vn 0.5764 0.6203 0.5319
vn -0.3938 0.4609 0.7953
vn -0.1840 0.8378 0.5141
vn -0.5764 0.6203 0.5319
vn -0.1771 0.5645 0.8062
vn 0.7622 0.2605 0.5926
vn 0.4371 0.2197 0.8721
vn 0.7492 -0.1449 0.6463
vn 0.9591 -0.1341 0.2494
vn -0.4371 0.2197 0.8721
vn -0.7492 -0.1449 0.6463
vn -0.4054 -0.1333 0.9044
vn -0.7622 0.2605 0.5926
vn 0.5804 -0.5175 0.6287
vn 0.4054 -0.1333 0.9044
vn 0.3168 -0.4620 0.8284
vn -0.3168 -0.4619 0.8284
vn -0.5804 -0.5175 0.6287
vn 0.1618 -0.0774 0.9838
vn -0.0000 0.1499 0.9887
vn 0.1906 0.2762 0.9420
vn -0.1906 0.2762 0.9420
vn -0.1618 -0.0774 0.9838
vn -0.0000 -0.3996 0.9167
vn 0.1319 -0.4175 0.8990
vn 0.2579 -0.6019 0.7558
vn -0.1319 -0.4175 0.8990
vn -0.0804 -0.4386 0.8951
vn 0.1818 -0.1524 0.9715
vn 0.0378 -0.6244 0.7802
vn -0.0000 -0.6735 0.7392
vn 0.0341 -0.9262 0.3754
vn -0.3843 -0.8017 0.4577
vn -0.0341 -0.9262 0.3754
vn -0.0000 -0.9310 0.3651
vn -0.0378 -0.6244 0.7802
vn 0.0804 -0.4386 0.8951
vn 0.3844 -0.8017 0.4578
vn 0.2218 -0.2170 0.9506
vn -0.3109 -0.1389 0.9402
vn 0.1912 -0.3099 0.9313
vn -0.2617 -0.2754 0.9250
vn -0.8437 -0.2929 0.4499
vn -0.8637 0.1680 0.4752
vn 0.2617 -0.2754 0.9250
vn 0.8437 -0.2929 0.4499
vn -0.1818 -0.1524 0.9715
vn -0.2218 -0.2171 0.9506
vn 0.3109 -0.1389 0.9402
vn 0.8638 0.1680 0.4750
vn 0.0409 -0.4481 0.8931
vn -0.3101 -0.0346 0.9501
vn -0.2591 0.1134 0.9592
vn 0.1145 -0.4030 0.9080
vn -0.7050 0.4634 0.5368
vn -0.4682 0.6745 0.5708
vn 0.3101 -0.0346 0.9501
vn 0.7050 0.4635 0.5368
vn -0.1912 -0.3098 0.9314
vn -0.0409 -0.4481 0.8931
vn 0.2591 0.1134 0.9592
vn 0.4681 0.6745 0.5709
vn -0.0000 -0.4292 0.9032
vn -0.1369 0.2414 0.9607
vn -0.0000 0.2884 0.9575
vn 0.0034 -0.4418 0.8971
vn -0.2138 0.7845 0.5822
vn -0.0000 0.8129 0.5824
vn 0.1369 0.2414 0.9607
vn 0.2137 0.7845 0.5822
vn -0.0034 -0.4418 0.8971
vn -0.0000 0.7793 0.6267
vn -0.1965 0.7718 0.6047
vn -0.4427 0.7322 0.5176
vn -0.1123 0.3328 0.9363
vn -0.0000 0.3201 0.9474
vn 0.4427 0.7322 0.5176
vn 0.1123 0.3328 0.9363
vn 0.2886 0.3768 0.8802
vn 0.1965 0.7718 0.6047
vn -0.7168 0.6035 0.3493
vn -0.9314 0.2981 0.2087
vn -0.8885 0.2578 0.3796
vn -0.5804 0.3746 0.7230
vn -0.2886 0.3768 0.8802
vn 0.8885 0.2578 0.3796
vn 0.7168 0.6035 0.3493
vn 0.5804 0.3746 0.7230
vn 0.9314 0.2981 0.2087
vn -0.9167 -0.2944 0.2703
vn -0.4126 -0.8382 0.3566
vn -0.2335 -0.7105 0.6638
vn -0.7396 -0.3064 0.5992
vn 0.2334 -0.7105 0.6638
vn 0.9167 -0.2944 0.2703
vn 0.7396 -0.3064 0.5992
vn 0.4126 -0.8382 0.3566
vn 0.0424 -0.9214 0.3864
vn -0.0000 -0.9151 0.4033
vn 0.0496 -0.7021 0.7104
vn -0.0496 -0.7021 0.7104
vn -0.0000 -0.6806 0.7327
vn -0.0423 -0.9214 0.3864
vn 0.0118 -0.2787 0.9603
vn -0.0000 -0.2692 0.9631
vn -0.0551 -0.2685 0.9617
vn -0.0118 -0.2788 0.9603
vn 0.0551 -0.2685 0.9617
vn -0.4562 -0.1209 0.8816
vn 0.4562 -0.1209 0.8816
vn -0.0576 -0.1541 0.9864
vn -0.1813 -0.1435 0.9729
vn -0.1387 -0.1126 0.9839
vn -0.2017 -0.1603 0.9662
vn 0.0280 -0.0195 0.9994
vn 0.1119 -0.0371 0.9930
vn 0.1556 -0.0546 0.9863
vn -0.0280 -0.0194 0.9994
vn 0.1814 -0.1435 0.9729
vn -0.1119 -0.0371 0.9930
vn 0.2017 -0.1603 0.9662
vn 0.1391 -0.1124 0.9839
vn -0.1555 -0.0546 0.9863
vn 0.0954 -0.1316 0.9867
vn -0.0814 -0.0731 0.9940
vn -0.0218 -0.0508 0.9985
vn 0.0160 -0.1384 0.9902
vn 0.1710 -0.0608 0.9834
vn 0.1734 -0.0753 0.9820
vn 0.0818 -0.0730 0.9940
vn -0.1710 -0.0608 0.9834
vn -0.0165 -0.1388 0.9902
vn -0.0973 -0.1320 0.9865
vn 0.0218 -0.0507 0.9985
vn -0.1734 -0.0753 0.9820
vn 0.2247 -0.1638 0.9606
vn 0.0284 -0.0370 0.9989
vn 0.0725 -0.0153 0.9973
vn 0.1662 -0.1446 0.9754
vn 0.1627 -0.0859 0.9829
vn 0.1401 -0.0691 0.9877
vn -0.0287 -0.0371 0.9989
vn -0.1627 -0.0859 0.9829
vn -0.1690 -0.1448 0.9749
vn -0.2269 -0.1640 0.9600
vn -0.0728 -0.0154 0.9972
vn -0.1402 -0.0691 0.9877
vn -0.1478 -0.2346 0.9608
vn 0.1033 -0.1185 0.9876
vn -0.0425 -0.0441 0.9981
vn -0.0276 -0.3659 0.9302
vn -0.0100 -0.0946 0.9955
vn 0.0276 -0.3659 0.9302
vn 0.0100 -0.0946 0.9955
vn -0.0526 -0.2093 0.9764
vn -0.1033 -0.1185 0.9876
vn 0.1478 -0.2346 0.9608
vn 0.2016 -0.2422 0.9491
vn 0.2056 -0.5104 0.8350
vn 0.0849 -0.4604 0.8836
vn 0.2162 -0.2959 0.9304
vn 0.1332 -0.2802 0.9506
vn 0.0526 -0.2093 0.9764
vn -0.2162 -0.2959 0.9304
vn -0.0849 -0.4604 0.8836
vn -0.1332 -0.2802 0.9506
vn -0.2056 -0.5104 0.8350
vn -0.2016 -0.2422 0.9491
vn 0.2710 -0.3745 0.8867
vn 0.3541 -0.4989 0.7910
vn 0.3648 -0.4326 0.8245
vn 0.4648 -0.4123 0.7836
vn 0.3656 -0.1738 0.9144
vn 0.3116 -0.2577 0.9146
vn -0.3656 -0.1738 0.9144
vn -0.3542 -0.4989 0.7910
vn -0.3116 -0.2577 0.9146
vn -0.4648 -0.4123 0.7836
vn -0.3648 -0.4326 0.8245
vn -0.2710 -0.3745 0.8867
vn 0.4455 -0.3858 0.8079
vn 0.4946 -0.2990 0.8161
vn 0.4725 -0.2961 0.8301
vn 0.4775 -0.1921 0.8574
vn 0.3090 -0.0546 0.9495
vn 0.3554 -0.0930 0.9301
vn -0.3090 -0.0546 0.9495
vn -0.4946 -0.2990 0.8161
vn -0.3554 -0.0930 0.9301
vn -0.4775 -0.1921 0.8574
vn -0.4725 -0.2961 0.8301
vn -0.4455 -0.3858 0.8079
vn 0.4586 -0.2049 0.8647
vn 0.4455 -0.1084 0.8887
vn 0.4027 -0.1349 0.9053
vn 0.4109 -0.0544 0.9100
vn 0.2449 -0.0671 0.9672
vn 0.2641 -0.0541 0.9630
vn -0.2449 -0.0671 0.9672
vn -0.4455 -0.1084 0.8887
vn -0.2641 -0.0541 0.9630
vn -0.4110 -0.0544 0.9100
vn -0.4027 -0.1349 0.9053
vn -0.4586 -0.2049 0.8647
vn 0.2381 -0.1760 0.9552
vn 0.3150 -0.1201 0.9415
vn 0.2295 -0.2118 0.9500
vn 0.3882 -0.0217 0.9213
vn 0.4031 0.0435 0.9141
vn 0.2740 -0.0933 0.9572
vn -0.4031 0.0435 0.9141
vn -0.2740 -0.0934 0.9572
vn -0.3310 -0.1055 0.9377
vn -0.2295 -0.2118 0.9500
vn -0.3882 -0.0217 0.9213
vn -0.2381 -0.1760 0.9552
vn 0.2554 -0.1523 0.9548
vn 0.2333 -0.0964 0.9676
vn 0.4182 0.1799 0.8904
vn 0.3578 0.2827 0.8900
vn 0.3728 -0.0308 0.9274
vn 0.3310 -0.1055 0.9377
vn -0.3578 0.2827 0.8900
vn -0.3728 -0.0308 0.9274
vn -0.3070 0.1048 0.9459
vn -0.2333 -0.0964 0.9676
vn -0.4182 0.1799 0.8904
vn -0.2554 -0.1523 0.9548
vn 0.2328 0.2348 0.9437
vn 0.1616 -0.1408 0.9768
vn 0.1608 0.1119 0.9806
vn 0.1212 0.1333 0.9836
vn 0.1692 0.1673 0.9713
vn 0.3070 0.1049 0.9459
vn -0.1212 0.1333 0.9836
vn -0.2328 0.2348 0.9437
vn -0.1692 0.1673 0.9713
vn -0.1608 0.1119 0.9806
vn -0.1616 -0.1407 0.9768
vn 0.1465 -0.2080 0.9671
vn 0.1643 0.0485 0.9852
vn 0.2001 -0.2253 0.9535
vn 0.1521 0.0331 0.9878
vn 0.1392 0.0556 0.9887
vn 0.1480 0.0973 0.9842
vn -0.1392 0.0556 0.9887
vn -0.1643 0.0485 0.9852
vn -0.1480 0.0974 0.9842
vn -0.1521 0.0331 0.9878
vn -0.2001 -0.2253 0.9535
vn -0.1465 -0.2080 0.9671
vn 0.2568 -0.1828 0.9490
vn 0.2486 -0.2062 0.9464
vn 0.1136 0.0126 0.9934
vn 0.1241 -0.0145 0.9922
vn -0.1138 0.0126 0.9934
vn -0.1241 -0.0145 0.9922
vn -0.2576 -0.1829 0.9488
vn 0.2514 -0.2491 0.9353
vn 0.2052 -0.1682 0.9642
vn 0.3610 -0.2844 0.8882
vn 0.3140 -0.3812 0.8695
vn 0.2402 -0.3071 0.9209
vn -0.3610 -0.2844 0.8882
vn -0.3140 -0.3812 0.8695
vn -0.4572 -0.3968 0.7959
vn -0.2513 -0.2491 0.9353
vn -0.2052 -0.1682 0.9642
vn -0.2402 -0.3071 0.9209
vn 0.1703 -0.1424 0.9751
vn 0.0725 -0.2089 0.9753
vn 0.1852 -0.2948 0.9374
vn 0.0543 -0.4198 0.9060
vn -0.1703 -0.1424 0.9751
vn -0.1852 -0.2948 0.9374
vn -0.0725 -0.2089 0.9753
vn -0.0543 -0.4198 0.9060
vn 0.0307 -0.3317 0.9429
vn 0.0875 -0.4751 0.8755
vn -0.0445 -0.6076 0.7930
vn -0.0505 -0.7391 0.6717
vn -0.0307 -0.3317 0.9429
vn 0.0445 -0.6076 0.7930
vn -0.0875 -0.4751 0.8755
vn 0.0505 -0.7391 0.6717
vn 0.0453 -0.5048 0.8621
vn 0.1154 -0.5578 0.8219
vn -0.0427 -0.7571 0.6519
vn -0.1025 -0.6509 0.7523
vn 0.0427 -0.7571 0.6519
vn -0.1154 -0.5578 0.8219
vn -0.0454 -0.5048 0.8620
vn 0.1024 -0.6508 0.7523
vn -0.1305 -0.1099 0.9853
vn -0.0672 -0.3070 0.9493
vn -0.2433 -0.3930 0.8867
vn -0.3230 -0.1187 0.9389
vn 0.2433 -0.3930 0.8867
vn 0.0673 -0.3071 0.9493
vn 0.1305 -0.1099 0.9853
vn 0.3230 -0.1186 0.9389
vn -0.0996 0.0376 0.9943
vn -0.0221 0.1712 0.9850
vn -0.2843 0.0889 0.9546
vn -0.1895 0.2728 0.9432
vn 0.0997 0.0376 0.9943
vn 0.2843 0.0889 0.9546
vn 0.0221 0.1712 0.9850
vn 0.1895 0.2728 0.9432
vn 0.0458 0.2524 0.9665
vn 0.0960 0.2812 0.9548
vn -0.1214 0.4045 0.9064
vn -0.0692 0.4961 0.8655
vn -0.0458 0.2524 0.9665
vn 0.1214 0.4045 0.9064
vn -0.0960 0.2812 0.9548
vn 0.0692 0.4961 0.8655
vn 0.1653 0.2777 0.9463
vn 0.2387 0.2716 0.9324
vn 0.0457 0.5515 0.8329
vn 0.2024 0.5582 0.8047
vn -0.0457 0.5515 0.8329
vn -0.1653 0.2777 0.9463
vn -0.2387 0.2716 0.9324
vn -0.2024 0.5582 0.8047
vn 0.3075 0.3145 0.8981
vn 0.2862 0.2859 0.9145
vn 0.3130 0.5501 0.7742
vn 0.3838 0.5457 0.7449
vn -0.3130 0.5501 0.7742
vn -0.2862 0.2859 0.9145
vn -0.3075 0.3145 0.8981
vn -0.3838 0.5457 0.7449
vn 0.3566 0.3279 0.8748
vn 0.4829 0.2547 0.8378
vn 0.4884 0.4865 0.7244
vn 0.6391 0.3261 0.6966
vn -0.4884 0.4865 0.7244
vn -0.3566 0.3279 0.8748
vn -0.4829 0.2547 0.8378
vn -0.6391 0.3261 0.6966
vn 0.4789 -0.2529 0.8407
vn 0.5676 -0.1781 0.8038
vn 0.7192 -0.2340 0.6542
vn 0.6071 -0.3407 0.7179
vn 0.4572 -0.3968 0.7959
vn -0.7192 -0.2340 0.6542
vn -0.4789 -0.2529 0.8407
vn -0.6071 -0.3407 0.7179
vn -0.5676 -0.1781 0.8038
vn 0.6154 -0.0872 0.7834
vn 0.6256 0.0004 0.7801
vn 0.7735 0.0093 0.6337
vn 0.7708 -0.1055 0.6283
vn -0.7735 0.0093 0.6337
vn -0.6154 -0.0872 0.7834
vn -0.7708 -0.1055 0.6283
vn -0.6256 0.0003 0.7801
vn 0.5905 0.1131 0.7991
vn 0.7394 0.1429 0.6579
vn -0.5905 0.1131 0.7991
vn -0.7394 0.1429 0.6579
vn -0.2323 0.9693 0.0807
vn -0.6351 0.6494 -0.4181
vn -0.6759 0.7362 0.0331
vn 0.2795 0.9551 0.0978
vn -0.2600 0.8778 -0.4024
vn 0.1969 0.8991 -0.3910
vn -0.2233 0.5882 -0.7772
vn -0.4769 0.5037 -0.7203
vn -0.1969 0.8991 -0.3910
vn 0.2233 0.5882 -0.7772
vn -0.0717 0.6557 -0.7516
vn -0.2796 0.9551 0.0978
vn 0.2600 0.8778 -0.4024
vn 0.2323 0.9693 0.0812
vn 0.6351 0.6494 -0.4181
vn 0.4769 0.5037 -0.7203
vn -0.0000 -0.5021 -0.8648
vn 0.1926 -0.2631 -0.9453
vn -0.0000 -0.2643 -0.9644
vn -0.0000 -0.7857 -0.6186
vn 0.2377 -0.5060 -0.8291
vn 0.2944 -0.7672 -0.5698
vn 0.4963 -0.4353 -0.7511
vn 0.3470 -0.2260 -0.9102
vn -0.2944 -0.7672 -0.5698
vn -0.4963 -0.4353 -0.7511
vn -0.6284 -0.6181 -0.4723
vn -0.2377 -0.5060 -0.8291
vn -0.1926 -0.2631 -0.9453
vn -0.3470 -0.2259 -0.9102
vn -0.0000 -0.1870 -0.9824
vn 0.1092 -0.2576 -0.9601
vn -0.0000 -0.2890 -0.9573
vn 0.1531 -0.1695 -0.9736
vn 0.2325 -0.1212 -0.9650
vn 0.1467 -0.1855 -0.9716
vn -0.2325 -0.1211 -0.9650
vn -0.1531 -0.1695 -0.9736
vn -0.1092 -0.2577 -0.9600
vn -0.1467 -0.1855 -0.9716
vn -0.0000 -0.4941 -0.8694
vn 0.0487 -0.7331 -0.6784
vn -0.0000 -0.7570 -0.6534
vn 0.0649 -0.4595 -0.8858
vn 0.0762 -0.3784 -0.9225
vn 0.0594 -0.6778 -0.7328
vn -0.0762 -0.3784 -0.9225
vn -0.0649 -0.4595 -0.8858
vn -0.0487 -0.7331 -0.6784
vn -0.0594 -0.6778 -0.7328
vn 0.1462 -0.9892 -0.0070
vn 0.0642 -0.9422 -0.3289
vn 0.1009 -0.9219 -0.3740
vn 0.0842 -0.9963 0.0157
vn -0.0000 -0.9516 -0.3072
vn -0.0641 -0.9422 -0.3288
vn -0.0842 -0.9963 0.0157
vn -0.1462 -0.9892 -0.0070
vn -0.1009 -0.9219 -0.3740
vn 0.6123 -0.7904 -0.0176
vn 0.2182 -0.8821 -0.4176
vn 0.5857 -0.6656 -0.4626
vn 0.2768 -0.9607 -0.0190
vn 0.1438 -0.6058 -0.7825
vn 0.4285 -0.4694 -0.7720
vn -0.2182 -0.8820 -0.4177
vn -0.1437 -0.6058 -0.7825
vn -0.2769 -0.9607 -0.0190
vn -0.6123 -0.7904 -0.0176
vn -0.5857 -0.6656 -0.4626
vn -0.4285 -0.4694 -0.7720
vn 0.9983 -0.0523 0.0251
vn 0.8696 -0.2061 -0.4487
vn 0.9117 0.0570 -0.4069
vn 0.9222 -0.3867 0.0021
vn 0.5465 -0.1550 -0.8230
vn 0.6177 0.0301 -0.7858
vn -0.8696 -0.2061 -0.4487
vn -0.5465 -0.1550 -0.8230
vn -0.9222 -0.3867 0.0021
vn -0.9983 -0.0522 0.0251
vn -0.9117 0.0570 -0.4069
vn -0.6177 0.0301 -0.7858
vn 0.9915 0.1246 0.0365
vn 0.9174 0.1284 -0.3767
vn 0.9255 0.1366 -0.3532
vn 0.9967 0.0766 0.0278
vn 0.6795 0.0824 -0.7290
vn 0.7516 0.0590 -0.6569
vn -0.9174 0.1284 -0.3767
vn -0.6795 0.0824 -0.7290
vn -0.9967 0.0766 0.0278
vn -0.9915 0.1246 0.0365
vn -0.9255 0.1366 -0.3532
vn -0.7516 0.0590 -0.6569
vn 0.2689 -0.0825 -0.9596
vn 0.3807 -0.0301 -0.9242
vn 0.5331 -0.1024 -0.8398
vn -0.3806 -0.0301 -0.9242
vn -0.5331 -0.1024 -0.8398
vn -0.2689 -0.0825 -0.9596
vn 0.1695 -0.2653 -0.9491
vn -0.1695 -0.2653 -0.9491
vn 0.9265 0.0173 -0.3760
vn 0.7177 -0.2166 -0.6618
vn 0.8594 -0.2939 -0.4183
vn 0.8437 0.0228 -0.5364
vn 0.6284 -0.6181 -0.4723
vn -0.8437 0.0228 -0.5364
vn -0.7177 -0.2166 -0.6618
vn -0.9265 0.0173 -0.3760
vn -0.8594 -0.2939 -0.4183
vn 0.9733 0.2144 0.0816
vn 0.9402 0.1405 -0.3103
vn 0.9556 0.1786 -0.2344
vn 0.9862 0.1572 0.0529
vn -0.9402 0.1405 -0.3103
vn -0.9862 0.1571 0.0529
vn -0.9733 0.2144 0.0816
vn -0.9556 0.1786 -0.2344
vn 0.9949 0.1003 0.0112
vn 0.9445 0.2824 0.1677
vn 0.9438 0.3004 0.1376
vn 0.8626 -0.3930 0.3186
vn 0.9797 0.0897 0.1793
vn 0.7849 -0.3490 0.5120
vn 0.9525 0.0624 0.2980
vn 0.9584 0.2078 0.1955
vn -0.7849 -0.3490 0.5120
vn -0.9797 0.0897 0.1793
vn -0.9525 0.0624 0.2980
vn -0.8626 -0.3930 0.3186
vn -0.9949 0.1003 0.0112
vn -0.9445 0.2824 0.1677
vn -0.9584 0.2078 0.1955
vn 0.9531 0.2815 0.1112
vn 0.9752 0.1788 -0.1302
vn 0.9793 -0.0975 -0.1772
vn -0.9793 -0.0975 -0.1772
vn -0.9143 -0.3951 0.0894
vn -0.9752 0.1788 -0.1302
vn -0.9531 0.2815 0.1112
vn -0.9438 0.3004 0.1376
vn 0.5837 -0.7735 0.2471
vn 0.9126 -0.3120 0.2641
vn 0.5649 -0.8217 0.0752
vn 0.9388 -0.2412 0.2457
vn 0.7129 -0.5552 0.4284
vn 0.5067 -0.8506 0.1406
vn -0.7129 -0.5552 0.4284
vn -0.9126 -0.3120 0.2641
vn -0.5837 -0.7735 0.2471
vn -0.5649 -0.8217 0.0752
vn -0.5067 -0.8506 0.1406
vn 0.2551 -0.2597 -0.9314
vn -0.0000 -0.4986 -0.8668
vn -0.0000 -0.2479 -0.9688
vn 0.3985 -0.2872 -0.8710
vn 0.2511 -0.4973 -0.8304
vn 0.4002 -0.5020 -0.7667
vn 0.2495 -0.7124 -0.6560
vn -0.0000 -0.7220 -0.6919
vn -0.4002 -0.5020 -0.7667
vn -0.2495 -0.7124 -0.6560
vn -0.4289 -0.6941 -0.5782
vn -0.3985 -0.2872 -0.8710
vn -0.2511 -0.4973 -0.8304
vn -0.2551 -0.2597 -0.9314
vn -0.0000 -0.8683 -0.4960
vn 0.4289 -0.6941 -0.5782
vn 0.2496 -0.8497 -0.4645
vn 0.4522 -0.8002 -0.3940
vn 0.2514 -0.9231 -0.2909
vn -0.0000 -0.9480 -0.3182
vn -0.4522 -0.8002 -0.3940
vn -0.2514 -0.9231 -0.2909
vn -0.4639 -0.8567 -0.2254
vn -0.2494 -0.8497 -0.4646
vn -0.0000 -0.9791 -0.2033
vn 0.5010 -0.8603 -0.0942
vn 0.2721 -0.9468 -0.1719
vn 0.3038 -0.9408 -0.1506
vn -0.0000 -0.9831 -0.1832
vn -0.5010 -0.8603 -0.0942
vn -0.3038 -0.9408 -0.1506
vn -0.5902 -0.8067 -0.0278
vn -0.2721 -0.9468 -0.1719
vn 0.3199 -0.9050 -0.2806
vn -0.0000 -0.9478 -0.3187
vn 0.6461 -0.7418 -0.1798
vn -0.3199 -0.9050 -0.2806
vn -0.6461 -0.7418 -0.1798
vn 0.8879 -0.4356 -0.1482
vn 0.7879 -0.6129 0.0597
vn 0.9143 -0.3951 0.0894
vn -0.7879 -0.6129 0.0597
vn -0.8879 -0.4356 -0.1482
vn 0.2646 0.2940 -0.9185
vn -0.0000 0.0119 -0.9999
vn -0.0000 0.3250 -0.9457
vn 0.4124 0.2265 -0.8824
vn 0.2606 -0.0139 -0.9654
vn 0.4080 -0.0727 -0.9101
vn -0.4080 -0.0727 -0.9101
vn -0.4124 0.2265 -0.8824
vn -0.2605 -0.0139 -0.9654
vn -0.2645 0.2941 -0.9185
vn 0.1782 0.8126 0.5549
vn -0.0000 0.9596 0.2813
vn -0.0000 0.8302 0.5575
vn 0.3995 0.7538 0.5217
vn 0.1527 0.9467 0.2838
vn 0.3706 0.8884 0.2707
vn 0.1386 0.9903 0.0114
vn -0.0000 1.0000 0.0088
vn -0.3706 0.8884 0.2707
vn -0.1386 0.9903 0.0114
vn -0.3414 0.9399 0.0091
vn -0.3995 0.7538 0.5217
vn -0.1527 0.9467 0.2838
vn -0.1781 0.8126 0.5550
vn 0.1515 0.9542 -0.2579
vn -0.0000 0.9667 -0.2559
vn 0.3414 0.9399 0.0091
vn 0.3468 0.7600 -0.5496
vn 0.1957 0.8175 -0.5417
vn -0.0000 0.8404 -0.5419
vn -0.3468 0.7600 -0.5496
vn -0.1515 0.9542 -0.2579
vn -0.1957 0.8175 -0.5416
vn -0.3302 0.9065 -0.2630
vn 0.2437 0.5898 -0.7699
vn -0.0000 0.6208 -0.7839
vn 0.3861 0.5223 -0.7604
vn -0.3861 0.5223 -0.7604
vn -0.2437 0.5898 -0.7699
vn 0.5390 0.7220 0.4338
vn 0.6301 0.6051 0.4867
vn 0.5827 0.6207 0.5245
vn 0.6320 0.6843 0.3638
vn 0.8340 0.4107 0.3685
vn 0.8547 0.4335 0.2856
vn 0.6810 0.6265 0.3791
vn 0.6352 0.6597 0.4016
vn -0.8547 0.4335 0.2856
vn -0.6301 0.6051 0.4867
vn -0.6809 0.6265 0.3792
vn -0.8340 0.4107 0.3685
vn -0.6320 0.6843 0.3638
vn -0.5390 0.7220 0.4338
vn -0.5827 0.6207 0.5245
vn -0.6352 0.6597 0.4016
vn 0.7373 0.6552 0.1646
vn 0.6636 0.7255 0.1825
vn 0.8852 0.4530 0.1060
vn 0.9017 0.4290 -0.0543
vn 0.7643 0.6437 -0.0389
vn 0.6644 0.7465 -0.0372
vn -0.9017 0.4290 -0.0543
vn -0.7373 0.6552 0.1646
vn -0.7643 0.6437 -0.0389
vn -0.8852 0.4530 0.1060
vn -0.6636 0.7255 0.1825
vn -0.6644 0.7465 -0.0372
vn 0.6412 0.7086 -0.2946
vn 0.7623 0.5937 -0.2578
vn 0.8998 0.3810 -0.2126
vn 0.7302 0.4453 -0.5182
vn 0.5979 0.5575 -0.5759
vn -0.8998 0.3810 -0.2126
vn -0.7302 0.4453 -0.5182
vn -0.8587 0.3156 -0.4038
vn -0.7623 0.5937 -0.2578
vn -0.6411 0.7086 -0.2946
vn -0.5979 0.5575 -0.5759
vn 0.6676 0.0944 -0.7385
vn 0.6943 0.2153 -0.6868
vn 0.8444 0.1804 -0.5044
vn 0.5727 0.0301 -0.8192
vn 0.6473 -0.0287 -0.7617
vn 0.5769 0.3130 -0.7545
vn 0.8587 0.3156 -0.4038
vn -0.5770 0.3130 -0.7544
vn -0.5727 0.0301 -0.8192
vn -0.6943 0.2153 -0.6868
vn -0.6676 0.0944 -0.7385
vn -0.8444 0.1804 -0.5044
vn 0.4788 0.4285 -0.7662
vn 0.4999 0.1334 -0.8558
vn 0.4799 0.6679 -0.5688
vn -0.4788 0.4285 -0.7663
vn -0.4800 0.6679 -0.5688
vn -0.4999 0.1334 -0.8558
vn 0.5147 0.8099 -0.2812
vn 0.3302 0.9065 -0.2630
vn 0.5500 0.8351 -0.0136
vn -0.5147 0.8100 -0.2812
vn -0.5500 0.8351 -0.0136
vn 0.5774 0.7856 0.2224
vn 0.5882 0.6742 0.4467
vn -0.5777 0.7854 0.2225
vn -0.5882 0.6742 0.4467
vn 0.5670 0.5994 0.5650
vn 0.4069 0.6398 0.6520
vn 0.5077 0.7095 0.4887
vn -0.5670 0.5994 0.5650
vn -0.5077 0.7095 0.4887
vn -0.4069 0.6398 0.6520
vn 0.1934 0.6970 0.6905
vn -0.0000 0.7010 0.7131
vn -0.0000 0.6545 0.7561
vn 0.3676 0.7105 0.6000
vn 0.2010 0.6828 0.7024
vn -0.3676 0.7105 0.6000
vn -0.2010 0.6828 0.7024
vn -0.1934 0.6970 0.6905
vn 0.9780 -0.1558 0.1387
vn 0.9658 0.1440 0.2157
vn 0.9701 0.1401 0.1983
vn 0.9906 -0.1099 0.0808
vn 0.9736 0.1749 0.1467
vn 0.8480 0.4584 0.2661
vn -0.9658 0.1440 0.2157
vn -0.9736 0.1749 0.1467
vn -0.9906 -0.1099 0.0808
vn -0.9780 -0.1558 0.1387
vn -0.9701 0.1401 0.1983
vn -0.8480 0.4584 0.2661
vn 0.9943 -0.0984 0.0401
vn 0.9751 0.2196 0.0326
vn 0.9973 0.0642 0.0368
vn 0.9659 0.2438 -0.0870
vn -0.9751 0.2196 0.0326
vn -0.9659 0.2438 -0.0870
vn -0.9973 0.0642 0.0368
vn -0.9943 -0.0984 0.0401
vn 0.6933 0.5788 -0.4294
vn 0.9437 0.2192 -0.2478
vn 0.8847 0.4511 0.1173
vn -0.9437 0.2192 -0.2478
vn -0.6933 0.5788 -0.4293
vn -0.8847 0.4511 0.1173
vn 0.6525 -0.7531 0.0842
vn 0.5902 -0.8067 -0.0278
vn 0.4639 -0.8567 -0.2254
vn 0.6075 -0.7940 -0.0226
vn 0.5809 -0.7955 -0.1725
vn 0.5486 -0.8360 0.0086
vn 0.5774 -0.8037 0.1442
vn -0.5809 -0.7955 -0.1725
vn -0.5486 -0.8360 0.0086
vn -0.5339 -0.8275 -0.1737
vn -0.6075 -0.7940 -0.0226
vn -0.6525 -0.7531 0.0842
vn -0.5773 -0.8037 0.1442
vn 0.5168 -0.8426 0.1513
vn 0.5175 -0.8482 0.1128
vn 0.6939 -0.7033 0.1544
vn 0.4538 -0.8899 0.0458
vn 0.3756 -0.9118 -0.1661
vn 0.2222 -0.9750 -0.0033
vn -0.3756 -0.9118 -0.1661
vn -0.5168 -0.8426 0.1513
vn -0.4538 -0.8899 0.0459
vn -0.5175 -0.8482 0.1128
vn -0.2222 -0.9750 -0.0033
vn 0.6848 -0.7025 0.1938
vn 0.7003 -0.6994 0.1430
vn -0.6848 -0.7025 0.1938
vn -0.7003 -0.6994 0.1430
vn 0.5194 -0.2753 -0.8090
vn 0.4432 -0.6005 -0.6656
vn 0.5563 -0.3063 -0.7724
vn 0.5558 -0.2672 -0.7872
vn -0.4432 -0.6005 -0.6656
vn -0.5558 -0.2672 -0.7872
vn -0.5625 -0.5387 -0.6271
vn -0.5194 -0.2753 -0.8090
vn -0.5563 -0.3063 -0.7724
vn -0.6473 -0.0287 -0.7617
vn 0.5072 -0.1654 -0.8458
vn 0.5185 -0.3627 -0.7743
vn -0.5185 -0.3627 -0.7743
vn -0.5072 -0.1654 -0.8458
vn 0.1396 -0.8795 -0.4550
vn 0.5339 -0.8275 -0.1737
vn 0.3583 -0.8245 -0.4379
vn 0.5435 -0.7484 -0.3802
vn 0.3264 -0.6042 -0.7269
vn -0.5435 -0.7484 -0.3802
vn -0.3583 -0.8245 -0.4379
vn -0.1396 -0.8795 -0.4550
vn -0.3264 -0.6042 -0.7269
vn 0.5823 -0.7371 -0.3429
vn 0.5707 -0.6342 -0.5216
vn -0.5707 -0.6342 -0.5216
vn -0.5823 -0.7371 -0.3429
vn 0.5159 -0.4972 -0.6976
vn 0.5625 -0.5387 -0.6271
vn -0.5159 -0.4972 -0.6976
vn -0.3187 0.9294 0.1862
vn 0.2844 0.5417 0.7910
vn -0.1641 0.9738 0.1574
vn -0.4461 0.8609 0.2445
vn 0.1734 0.5729 0.8011
vn 0.0489 0.5321 0.8453
vn 0.5638 -0.1233 0.8167
vn 0.5490 -0.1863 0.8148
vn -0.0489 0.5321 0.8453
vn -0.5638 -0.1233 0.8167
vn -0.5149 -0.1142 0.8496
vn 0.4461 0.8609 0.2445
vn -0.1734 0.5729 0.8011
vn 0.3187 0.9294 0.1862
vn -0.2844 0.5417 0.7910
vn -0.5490 -0.1863 0.8148
vn 0.3607 0.4703 0.8054
vn 0.0756 0.9797 0.1859
vn 0.4613 -0.2319 0.8564
vn 0.2860 -0.2225 0.9321
vn 0.4307 0.3388 0.8365
vn 0.4358 0.8568 0.2758
vn -0.2860 -0.2224 0.9321
vn -0.3607 0.4703 0.8054
vn -0.4307 0.3388 0.8365
vn -0.4613 -0.2319 0.8564
vn 0.1641 0.9738 0.1573
vn -0.0756 0.9797 0.1859
vn -0.4358 0.8568 0.2758
vn 0.4253 0.1508 0.8924
vn 0.7338 0.4879 0.4727
vn 0.0465 -0.1638 0.9854
vn 0.3748 0.0130 0.9270
vn 0.7820 0.1011 0.6150
vn -0.0465 -0.1638 0.9854
vn -0.3748 0.0130 0.9270
vn 0.1340 -0.0599 0.9892
vn -0.4254 0.1508 0.8924
vn -0.7338 0.4879 0.4727
vn -0.7820 0.1011 0.6150
vn 0.7641 -0.2042 0.6120
vn -0.1340 -0.0599 0.9892
vn 0.3752 -0.0704 0.9243
vn -0.1902 0.1090 0.9757
vn 0.4450 -0.1314 0.8859
vn 0.7263 -0.4892 0.4828
vn 0.1901 0.1090 0.9757
vn -0.4450 -0.1314 0.8859
vn 0.0701 0.3285 0.9419
vn -0.3752 -0.0704 0.9243
vn -0.7641 -0.2042 0.6120
vn -0.7263 -0.4893 0.4828
vn 0.6075 -0.7262 0.3219
vn -0.0701 0.3285 0.9419
vn 0.5404 -0.2353 0.8079
vn 0.4476 0.3134 0.8375
vn 0.5852 -0.3889 0.7115
vn 0.4415 -0.8709 0.2157
vn -0.4476 0.3134 0.8375
vn -0.5404 -0.2353 0.8079
vn -0.5851 -0.3889 0.7116
vn -0.1960 0.4191 0.8865
vn -0.6075 -0.7262 0.3219
vn -0.4415 -0.8709 0.2157
vn 0.2692 -0.9441 0.1903
vn 0.5229 0.1853 0.8320
vn 0.5074 -0.5042 0.6988
vn 0.3736 0.2697 0.8875
vn 0.2805 -0.4555 0.8449
vn 0.0634 -0.9713 0.2291
vn -0.3736 0.2697 0.8875
vn -0.5074 -0.5042 0.6988
vn -0.2805 -0.4555 0.8449
vn -0.5229 0.1853 0.8320
vn -0.2692 -0.9441 0.1903
vn -0.0634 -0.9713 0.2291
vn 0.3260 0.6939 0.6420
vn 0.1151 0.7891 0.6034
vn 0.1164 0.9080 0.4024
vn 0.1410 0.9072 0.3964
vn 0.2840 0.7138 0.6402
vn -0.1410 0.9072 0.3964
vn -0.3260 0.6939 0.6420
vn -0.2840 0.7138 0.6402
vn -0.1164 0.9080 0.4024
vn -0.1151 0.7891 0.6034
vn -0.2355 0.7934 0.5613
vn 0.1960 0.4191 0.8865
vn -0.5723 0.6138 0.5438
vn -0.4505 0.8595 0.2414
vn -0.1165 0.9326 0.3417
vn 0.1164 0.9326 0.3417
vn 0.2355 0.7934 0.5613
vn 0.4505 0.8595 0.2414
vn 0.5723 0.6138 0.5438
vn -0.6953 -0.0864 0.7135
vn -0.9715 -0.0776 0.2240
vn -0.7615 0.2803 0.5845
vn -0.9450 0.3152 0.0871
vn 0.9450 0.3152 0.0871
vn 0.7578 0.6400 0.1269
vn 0.9715 -0.0776 0.2240
vn 0.7615 0.2803 0.5845
vn 0.6953 -0.0864 0.7135
vn 0.1007 -0.5301 0.8419
vn -0.0803 -0.7280 0.6809
vn -0.3575 -0.3885 0.8493
vn -0.6796 -0.5174 0.5201
vn 0.6796 -0.5174 0.5201
vn 0.0803 -0.7280 0.6809
vn 0.3575 -0.3885 0.8493
vn -0.1007 -0.5301 0.8419
vn 0.5569 -0.4946 0.6673
vn 0.5237 -0.6318 0.5714
vn 0.4056 -0.5370 0.7397
vn 0.3339 -0.6988 0.6327
vn -0.3339 -0.6988 0.6326
vn -0.5237 -0.6319 0.5714
vn -0.4060 -0.5372 0.7393
vn -0.5569 -0.4946 0.6673
vn 0.6373 -0.4343 0.6366
vn 0.6457 -0.3977 0.6518
vn 0.6830 -0.5161 0.5168
vn 0.6353 -0.5621 0.5295
vn -0.6830 -0.5161 0.5168
vn -0.6373 -0.4343 0.6366
vn -0.6353 -0.5621 0.5295
vn -0.6458 -0.3977 0.6518
vn 0.8410 -0.5388 0.0488
vn 0.4702 -0.6998 0.5378
vn 0.7262 -0.6724 0.1433
vn 0.9064 -0.4007 0.1337
vn 0.9129 -0.4037 -0.0600
vn -0.4702 -0.6998 0.5378
vn -0.9064 -0.4007 0.1337
vn -0.7189 0.1287 0.6831
vn -0.7262 -0.6724 0.1433
vn -0.8411 -0.5387 0.0488
vn -0.9129 -0.4037 -0.0600
vn -0.0479 -0.9738 0.2224
vn 0.1605 -0.4179 0.8942
vn 0.2647 0.4101 0.8728
vn 0.7189 0.1287 0.6831
vn -0.2647 0.4101 0.8728
vn -0.1605 -0.4179 0.8942
vn 0.0479 -0.9738 0.2224
vn 0.9365 -0.3501 0.0175
vn 0.8915 -0.4331 0.1331
vn 0.9461 -0.3197 -0.0512
vn -0.9365 -0.3501 0.0175
vn -0.9461 -0.3197 -0.0512
vn -0.8915 -0.4331 0.1331
vn 0.2951 0.4027 0.8665
vn -0.1732 0.9535 0.2464
vn 0.8413 0.0796 0.5347
vn 0.5289 -0.1788 0.8296
vn 0.5149 -0.1142 0.8496
vn -0.2951 0.4027 0.8665
vn -0.5289 -0.1788 0.8296
vn -0.8413 0.0795 0.5347
vn 0.1732 0.9535 0.2464
vn 0.2188 0.8007 0.5577
vn 0.1337 0.9365 0.3243
vn 0.4764 0.7564 0.4482
vn 0.5017 0.6237 0.5994
vn -0.4764 0.7564 0.4482
vn -0.2188 0.8007 0.5577
vn -0.5017 0.6237 0.5994
vn -0.1337 0.9365 0.3243
vn 0.7458 0.1408 0.6511
vn 0.7686 0.1973 0.6086
vn 0.7523 0.0644 0.6557
vn 0.9326 -0.1455 0.3303
vn 0.7255 0.2185 0.6526
vn 0.8810 0.0292 0.4722
vn -0.8810 0.0292 0.4722
vn -0.9326 -0.1455 0.3303
vn -0.7255 0.2185 0.6526
vn -0.7458 0.1408 0.6511
vn -0.7686 0.1973 0.6086
vn 0.9288 -0.0157 0.3702
vn 0.7150 0.3398 0.6110
vn 0.6943 0.5129 0.5049
vn 0.9224 -0.0194 0.3858
vn 0.6969 0.3399 0.6316
vn 0.6038 0.5866 0.5397
vn -0.7523 0.0644 0.6557
vn -0.7150 0.3398 0.6110
vn -0.6969 0.3399 0.6316
vn -0.9224 -0.0194 0.3858
vn -0.9288 -0.0156 0.3702
vn -0.6943 0.5129 0.5049
vn -0.6038 0.5866 0.5397
vn 0.7948 -0.4662 0.3885
vn 0.8222 -0.4906 0.2887
vn 0.7355 -0.5522 0.3925
vn 0.9205 -0.3672 0.1335
vn 0.8787 -0.4009 0.2591
vn -0.9205 -0.3672 0.1335
vn -0.7948 -0.4662 0.3885
vn -0.8787 -0.4009 0.2591
vn -0.8222 -0.4906 0.2887
vn 0.8493 -0.3396 0.4042
vn 0.6500 -0.4103 0.6397
vn 0.7112 -0.2663 0.6506
vn 0.8908 -0.3952 0.2243
vn 0.7228 -0.4366 0.5357
vn 0.6992 -0.5271 0.4831
vn 0.6837 -0.5079 0.5240
vn -0.6992 -0.5271 0.4831
vn -0.7355 -0.5522 0.3925
vn -0.8908 -0.3952 0.2243
vn -0.7228 -0.4366 0.5357
vn -0.8493 -0.3396 0.4042
vn -0.6500 -0.4103 0.6397
vn -0.6837 -0.5079 0.5240
vn 0.6233 -0.3979 0.6732
vn 0.6852 -0.5036 0.5263
vn -0.6233 -0.3979 0.6732
vn -0.6852 -0.5036 0.5263
vn -0.7113 -0.2663 0.6505
vn 0.9729 -0.1417 0.1826
vn 0.9558 -0.2884 0.0574
vn -0.9729 -0.1417 0.1826
vn -0.9558 -0.2884 0.0574
vn 0.9356 -0.3531 -0.0084
vn 0.9436 -0.3308 0.0104
vn -0.9436 -0.3308 0.0104
vn -0.9356 -0.3531 -0.0084
vn 0.9699 -0.1924 0.1495
vn -0.9699 -0.1924 0.1495
vn 0.6900 -0.5087 0.5149
vn 0.6788 -0.5033 0.5347
vn 0.6863 -0.5212 0.5072
vn 0.5665 -0.3556 0.7434
vn 0.5969 -0.3219 0.7349
vn 0.6057 -0.2638 0.7507
vn -0.5665 -0.3556 0.7434
vn -0.6900 -0.5086 0.5149
vn -0.5969 -0.3219 0.7349
vn -0.6863 -0.5212 0.5073
vn -0.6788 -0.5033 0.5347
vn -0.6057 -0.2638 0.7507
vn 0.6717 -0.5709 0.4721
vn 0.6744 -0.5436 0.4996
vn 0.5174 -0.3778 0.7678
vn -0.6717 -0.5709 0.4721
vn -0.5174 -0.3778 0.7678
vn -0.4732 -0.3899 0.7900
vn -0.6744 -0.5436 0.4996
vn 0.7363 -0.5288 0.4221
vn 0.8717 -0.0322 0.4890
vn 0.6351 -0.0644 0.7698
vn 0.4998 -0.3344 0.7990
vn 0.4732 -0.3899 0.7900
vn -0.6351 -0.0644 0.7698
vn -0.7363 -0.5288 0.4221
vn -0.4998 -0.3344 0.7990
vn -0.8717 -0.0322 0.4890
vn 0.6411 0.5509 0.5343
vn 0.5957 0.5678 0.5681
vn 0.4452 0.3038 0.8423
vn -0.5956 0.5678 0.5682
vn -0.4452 0.3038 0.8423
vn -0.4178 0.3398 0.8426
vn -0.6411 0.5509 0.5344
vn 0.7279 0.2866 0.6229
vn 0.4169 0.1648 0.8939
vn 0.4712 0.2155 0.8553
vn 0.4178 0.3398 0.8426
vn -0.4169 0.1648 0.8939
vn -0.7279 0.2867 0.6229
vn -0.4712 0.2155 0.8553
vn -0.7697 -0.0146 0.6382
vn 0.7589 0.1352 0.6370
vn 0.7697 -0.0147 0.6382
vn 0.4584 0.7549 0.4689
vn 0.2412 0.7286 0.6411
vn 0.3485 0.3618 0.8647
vn -0.2412 0.7286 0.6411
vn -0.7589 0.1352 0.6370
vn -0.3485 0.3618 0.8647
vn -0.4584 0.7549 0.4689
vn 0.0426 0.9538 0.2976
vn 0.0739 0.9218 0.3806
vn -0.0670 0.8325 0.5499
vn -0.0739 0.9218 0.3806
vn 0.0670 0.8325 0.5499
vn -0.1537 0.7195 0.6772
vn -0.0426 0.9538 0.2976
vn 0.6301 -0.5240 0.5731
vn 0.5230 -0.5887 0.6164
vn 0.5828 -0.2013 0.7873
vn 0.5250 -0.1935 0.8288
vn -0.6301 -0.5240 0.5731
vn -0.5828 -0.2013 0.7873
vn -0.5230 -0.5887 0.6164
vn -0.5250 -0.1935 0.8288
vn 0.3170 -0.6756 0.6656
vn -0.1027 -0.6680 0.7371
vn 0.4032 -0.2089 0.8909
vn 0.2651 -0.1542 0.9518
vn -0.3170 -0.6756 0.6656
vn -0.4032 -0.2089 0.8909
vn 0.1027 -0.6680 0.7371
vn -0.2651 -0.1542 0.9518
vn -0.5679 -0.4139 0.7114
vn -0.7658 -0.0395 0.6418
vn 0.1756 -0.0386 0.9837
vn 0.1739 0.0074 0.9847
vn 0.5679 -0.4139 0.7114
vn -0.1756 -0.0386 0.9837
vn 0.7658 -0.0395 0.6418
vn -0.1739 0.0074 0.9847
vn -0.5241 0.5807 0.6229
vn -0.7578 0.6401 0.1269
vn -0.7202 0.2947 0.6281
vn 0.1997 0.0225 0.9796
vn 0.2334 0.0931 0.9679
vn 0.7202 0.2947 0.6280
vn -0.1997 0.0225 0.9796
vn 0.5241 0.5807 0.6229
vn -0.2334 0.0931 0.9679
vn 0.0218 0.8514 0.5241
vn -0.2410 0.7725 0.5876
vn 0.3012 0.2151 0.9290
vn 0.3923 0.3543 0.8488
vn -0.3012 0.2151 0.9290
vn 0.2410 0.7725 0.5876
vn -0.0218 0.8514 0.5241
vn -0.3923 0.3543 0.8488
vn 0.1458 0.8754 0.4610
vn 0.4030 0.5006 0.7661
vn 0.1537 0.7195 0.6772
vn -0.4030 0.5006 0.7661
vn -0.1458 0.8754 0.4609
vn 0.2169 0.0906 0.9720
vn 0.1387 0.2465 0.9592
vn 0.2142 0.1257 0.9687
vn 0.2589 0.1805 0.9489
vn 0.2325 0.0869 0.9687
vn 0.2162 0.0100 0.9763
vn -0.2589 0.1805 0.9489
vn -0.2142 0.1257 0.9687
vn -0.2325 0.0870 0.9687
vn -0.1387 0.2465 0.9592
vn -0.2169 0.0906 0.9720
vn -0.2162 0.0100 0.9763
vn 0.2916 -0.0103 0.9565
vn 0.4082 0.0763 0.9097
vn 0.3294 0.0444 0.9432
vn 0.4499 -0.0211 0.8929
vn 0.3771 -0.0051 0.9262
vn 0.3477 -0.0212 0.9374
vn -0.4499 -0.0211 0.8929
vn -0.3294 0.0444 0.9432
vn -0.3771 -0.0051 0.9262
vn -0.4083 0.0763 0.9097
vn -0.2916 -0.0103 0.9565
vn -0.3477 -0.0212 0.9374
vn 0.3615 -0.0148 0.9322
vn 0.3690 -0.0399 0.9286
vn 0.4244 -0.0970 0.9002
vn 0.3396 -0.0436 0.9396
vn 0.3430 0.0347 0.9387
vn -0.4244 -0.0970 0.9003
vn -0.3396 -0.0436 0.9396
vn -0.4014 -0.1418 0.9049
vn -0.3690 -0.0399 0.9286
vn -0.3616 -0.0148 0.9322
vn -0.3430 0.0347 0.9387
vn 0.3433 0.1473 0.9276
vn 0.4014 -0.1418 0.9049
vn 0.3549 0.0190 0.9347
vn 0.4274 -0.1097 0.8974
vn 0.4354 0.1345 0.8901
vn 0.3912 0.2643 0.8815
vn -0.4274 -0.1097 0.8974
vn -0.4354 0.1345 0.8901
vn -0.4874 -0.0052 0.8731
vn -0.3549 0.0190 0.9347
vn -0.3433 0.1473 0.9276
vn -0.3912 0.2643 0.8815
vn 0.4280 0.1277 0.8947
vn 0.4204 0.2350 0.8764
vn 0.4447 -0.0071 0.8956
vn -0.4280 0.1277 0.8947
vn -0.4447 -0.0071 0.8956
vn -0.4204 0.2351 0.8764
vn 0.4001 -0.1244 0.9080
vn 0.4398 -0.0910 0.8935
vn -0.4398 -0.0910 0.8935
vn -0.4001 -0.1245 0.9080
vn 0.3298 -0.1330 0.9346
vn 0.2559 -0.1197 0.9593
vn -0.3299 -0.1328 0.9346
vn -0.2559 -0.1197 0.9593
vn 0.2509 -0.0242 0.9677
vn -0.2509 -0.0242 0.9677
vn 0.0087 0.4996 0.8662
vn 0.2446 0.3657 0.8980
vn -0.2446 0.3657 0.8980
vn -0.0087 0.4996 0.8662
vn 0.4715 0.1607 0.8671
vn 0.4971 0.0223 0.8674
vn -0.4715 0.1606 0.8671
vn -0.4971 0.0223 0.8674
vn 0.4384 -0.1465 0.8868
vn 0.4513 -0.0850 0.8883
vn -0.4514 -0.0851 0.8883
vn -0.4384 -0.1465 0.8868
vn 0.5059 0.0135 0.8625
vn 0.4874 -0.0052 0.8731
vn 0.4748 -0.1225 0.8715
vn -0.4749 -0.1225 0.8715
vn -0.5059 0.0135 0.8625
vn 0.4769 0.1790 0.8605
vn 0.4208 0.2693 0.8662
vn -0.4769 0.1791 0.8605
vn -0.4209 0.2691 0.8663
vn 0.4146 0.2707 0.8688
vn -0.4146 0.2707 0.8688
vn -0.0639 -0.8857 -0.4599
vn 0.0923 -0.8636 -0.4956
vn -0.1065 -0.9002 -0.4223
vn -0.1672 -0.4827 -0.8597
vn -0.3213 -0.3944 -0.8610
vn -0.2395 -0.3714 -0.8971
vn 0.1672 -0.4827 -0.8597
vn 0.0639 -0.8857 -0.4599
vn 0.3212 -0.3947 -0.8608
vn 0.1065 -0.9002 -0.4223
vn -0.0923 -0.8636 -0.4956
vn 0.2395 -0.3714 -0.8970
vn 0.3794 -0.8071 -0.4524
vn 0.7109 -0.6444 -0.2816
vn -0.0174 -0.3741 -0.9272
vn 0.3559 -0.3679 -0.8590
vn -0.3794 -0.8071 -0.4524
vn 0.0174 -0.3740 -0.9273
vn -0.7109 -0.6445 -0.2816
vn -0.3559 -0.3679 -0.8590
vn 0.9819 0.1370 0.1305
vn 0.9474 -0.3196 0.0159
vn 0.7376 -0.1929 -0.6471
vn 0.9073 0.0932 -0.4100
vn -0.9474 -0.3196 0.0159
vn -0.7376 -0.1929 -0.6471
vn -0.9819 0.1370 0.1305
vn -0.9073 0.0932 -0.4100
vn 0.2790 0.8212 -0.4978
vn 0.7795 0.5859 -0.2215
vn 0.5868 0.3405 -0.7346
vn 0.0473 0.3824 -0.9228
vn -0.5868 0.3405 -0.7346
vn -0.7795 0.5859 -0.2215
vn -0.2790 0.8212 -0.4978
vn -0.0474 0.3823 -0.9228
vn -0.4152 0.7458 -0.5209
vn -0.1932 0.8031 -0.5637
vn -0.2825 0.3057 -0.9093
vn -0.4283 0.2875 -0.8567
vn 0.2824 0.3057 -0.9093
vn 0.1932 0.8031 -0.5637
vn 0.4152 0.7458 -0.5209
vn 0.4283 0.2875 -0.8567
vn -0.5589 0.7450 -0.3641
vn -0.5146 0.7343 -0.4427
vn -0.4825 0.3098 -0.8193
vn -0.3762 0.3767 -0.8465
vn 0.5146 0.7343 -0.4427
vn 0.4825 0.3098 -0.8193
vn 0.5589 0.7450 -0.3641
vn 0.3762 0.3767 -0.8465
vn -0.3623 -0.0235 -0.9318
vn -0.3971 -0.0257 -0.9174
vn -0.1497 -0.0726 -0.9861
vn 0.1497 -0.0726 -0.9861
vn 0.3971 -0.0257 -0.9174
vn 0.3623 -0.0235 -0.9318
vn -0.2248 -0.0247 -0.9741
vn -0.0188 -0.0188 -0.9996
vn 0.2245 -0.0249 -0.9742
vn 0.0188 -0.0188 -0.9996
vn 0.3738 0.0414 -0.9266
vn -0.3738 0.0414 -0.9266
vn 0.2271 0.3034 -0.9254
vn -0.1736 0.8642 -0.4722
vn 0.1736 0.8642 -0.4722
vn -0.2271 0.3033 -0.9254
vn 0.2882 -0.1866 -0.9392
vn 0.1160 -0.5685 -0.8144
vn -0.2882 -0.1866 -0.9392
vn -0.1160 -0.5685 -0.8144
vn -0.0693 -0.8966 -0.4374
vn 0.0693 -0.8966 -0.4374
vn 0.1490 -0.7149 0.6832
vn 0.0821 -0.7918 0.6053
vn 0.1536 -0.7674 0.6225
vn 0.0743 -0.7578 0.6482
vn -0.0000 -0.7980 0.6026
vn -0.0000 -0.8411 0.5410
vn 0.0920 -0.8379 0.5381
vn 0.1639 -0.8263 0.5389
vn -0.0744 -0.7579 0.6481
vn -0.0000 -0.7685 0.6398
vn -0.1490 -0.7149 0.6832
vn -0.0824 -0.7919 0.6051
vn -0.1537 -0.7674 0.6225
vn -0.0920 -0.8379 0.5381
vn 0.3384 -0.4658 0.8176
vn 0.2488 -0.6942 0.6755
vn 0.3688 -0.5508 0.7487
vn 0.2418 -0.6176 0.7484
vn 0.2630 -0.7745 0.5752
vn 0.4146 -0.6369 0.6500
vn -0.2418 -0.6176 0.7484
vn -0.3384 -0.4658 0.8176
vn -0.2488 -0.6942 0.6754
vn -0.3688 -0.5508 0.7487
vn -0.2630 -0.7745 0.5752
vn -0.1639 -0.8263 0.5389
vn 0.3939 -0.3218 0.8610
vn 0.5323 -0.2260 0.8158
vn 0.4245 -0.2113 0.8804
vn 0.4663 -0.3775 0.8001
vn 0.5664 -0.4207 0.7087
vn 0.6627 -0.2200 0.7159
vn -0.4663 -0.3775 0.8001
vn -0.3939 -0.3218 0.8610
vn -0.5323 -0.2260 0.8158
vn -0.6627 -0.2200 0.7159
vn -0.5664 -0.4207 0.7087
vn -0.4146 -0.6369 0.6500
vn 0.4470 -0.1093 0.8878
vn 0.5821 -0.0145 0.8130
vn 0.4506 -0.0353 0.8921
vn 0.5711 -0.0992 0.8149
vn 0.7060 -0.0741 0.7043
vn 0.7162 0.0160 0.6977
vn -0.4245 -0.2113 0.8804
vn -0.5711 -0.0992 0.8149
vn -0.4469 -0.1093 0.8879
vn -0.5821 -0.0145 0.8130
vn -0.7162 0.0160 0.6977
vn -0.7060 -0.0741 0.7043
vn 0.4454 0.0015 0.8954
vn 0.6053 0.0799 0.7920
vn 0.4538 0.0333 0.8905
vn 0.5868 0.0331 0.8090
vn 0.7232 0.0729 0.6868
vn 0.7402 0.1339 0.6589
vn -0.4505 -0.0355 0.8921
vn -0.5868 0.0331 0.8090
vn -0.4453 0.0015 0.8954
vn -0.6053 0.0800 0.7920
vn -0.7402 0.1339 0.6589
vn -0.7232 0.0729 0.6868
vn 0.3823 -0.3574 0.8522
vn 0.4245 -0.5087 0.7490
vn 0.4070 -0.5574 0.7236
vn 0.3559 -0.2045 0.9119
vn 0.5000 -0.3727 0.7817
vn 0.5931 -0.5880 0.5500
vn 0.4179 -0.7114 0.5650
vn 0.3934 -0.6888 0.6089
vn -0.3559 -0.2045 0.9119
vn -0.5000 -0.3727 0.7817
vn -0.1109 -0.0685 0.9915
vn -0.3823 -0.3574 0.8522
vn -0.4245 -0.5087 0.7490
vn -0.4070 -0.5575 0.7236
vn -0.4179 -0.7114 0.5651
vn -0.5931 -0.5880 0.5500
vn 0.4485 -0.3731 0.8122
vn 0.4319 -0.5318 0.7284
vn 0.5002 -0.4536 0.7376
vn 0.4033 -0.4183 0.8139
vn 0.4407 -0.6199 0.6493
vn 0.5383 -0.5242 0.6599
vn -0.4033 -0.4183 0.8139
vn -0.4485 -0.3731 0.8122
vn -0.4318 -0.5318 0.7285
vn -0.5002 -0.4536 0.7376
vn -0.4407 -0.6199 0.6492
vn -0.3936 -0.6887 0.6089
vn 0.4804 -0.2626 0.8368
vn 0.5622 -0.3696 0.7398
vn 0.5699 -0.3183 0.7576
vn 0.4868 -0.3066 0.8180
vn 0.6240 -0.4264 0.6548
vn 0.6479 -0.3619 0.6702
vn -0.4868 -0.3066 0.8179
vn -0.4804 -0.2626 0.8368
vn -0.5622 -0.3696 0.7398
vn -0.5699 -0.3183 0.7576
vn -0.6240 -0.4264 0.6548
vn -0.5383 -0.5242 0.6599
vn 0.3131 -0.2847 0.9060
vn 0.5220 -0.2973 0.7994
vn 0.4606 -0.2716 0.8450
vn 0.4103 -0.2517 0.8765
vn 0.6280 -0.3143 0.7119
vn 0.6054 -0.1887 0.7732
vn -0.4104 -0.2517 0.8765
vn -0.3131 -0.2847 0.9060
vn -0.5220 -0.2973 0.7994
vn -0.4607 -0.2716 0.8450
vn -0.6280 -0.3143 0.7119
vn -0.6479 -0.3619 0.6702
vn 0.2254 -0.3277 0.9175
vn 0.3292 -0.0852 0.9404
vn 0.1547 -0.3528 0.9228
vn 0.3951 -0.1811 0.9006
vn 0.5448 0.0667 0.8359
vn 0.4719 0.2651 0.8408
vn -0.2254 -0.3277 0.9175
vn -0.3292 -0.0852 0.9404
vn -0.3951 -0.1811 0.9006
vn -0.4719 0.2651 0.8408
vn -0.5448 0.0667 0.8359
vn -0.6054 -0.1887 0.7732
vn 0.1305 -0.3044 0.9436
vn 0.3014 -0.0214 0.9532
vn 0.3052 0.0110 0.9522
vn 0.1294 -0.3407 0.9312
vn 0.4554 0.3499 0.8186
vn 0.4697 0.3614 0.8055
vn -0.1547 -0.3528 0.9228
vn -0.3014 -0.0214 0.9532
vn -0.1305 -0.3044 0.9436
vn -0.1294 -0.3407 0.9312
vn -0.4697 0.3614 0.8055
vn -0.4554 0.3499 0.8186
vn 0.1710 -0.2506 0.9529
vn 0.3052 0.0373 0.9516
vn 0.2512 0.0708 0.9654
vn 0.1438 -0.2745 0.9508
vn 0.4512 0.3786 0.8082
vn 0.3056 0.4325 0.8483
vn -0.1438 -0.2745 0.9508
vn -0.3051 0.0110 0.9523
vn -0.1710 -0.2506 0.9529
vn -0.3051 0.0372 0.9516
vn -0.2514 0.0708 0.9653
vn -0.4512 0.3786 0.8081
vn 0.1942 -0.2339 0.9527
vn -0.0142 0.0366 0.9992
vn 0.2193 -0.2290 0.9484
vn 0.1166 0.0786 0.9901
vn 0.0041 0.4442 0.8959
vn -0.2951 0.3492 0.8894
vn -0.1943 -0.2342 0.9526
vn 0.0142 0.0365 0.9992
vn -0.1166 0.0786 0.9901
vn 0.2951 0.3492 0.8894
vn -0.0041 0.4441 0.8960
vn -0.3055 0.4328 0.8481
vn 0.2363 -0.2280 0.9445
vn -0.1124 0.0104 0.9936
vn 0.2034 -0.2190 0.9543
vn -0.0759 0.0006 0.9971
vn -0.4459 0.2629 0.8556
vn -0.4743 0.2789 0.8350
vn -0.2194 -0.2290 0.9484
vn 0.0759 0.0004 0.9971
vn -0.2368 -0.2275 0.9446
vn 0.1117 0.0090 0.9937
vn 0.4733 0.2761 0.8365
vn 0.4457 0.2623 0.8559
vn 0.1202 -0.1929 0.9738
vn 0.0007 0.0611 0.9981
vn -0.0010 -0.2013 0.9795
vn -0.0985 0.0558 0.9936
vn -0.3551 0.3913 0.8490
vn -0.0007 0.4644 0.8856
vn -0.2050 -0.2179 0.9542
vn 0.0980 0.0528 0.9938
vn -0.1224 -0.1926 0.9736
vn 0.3536 0.3867 0.8517
vn 0.8178 -0.2682 0.5091
vn 0.7878 -0.0786 0.6109
vn 0.8798 0.0415 0.4735
vn 0.6816 -0.2515 0.6871
vn 0.3250 -0.1896 0.9265
vn 0.6223 -0.1639 0.7654
vn -0.6816 -0.2515 0.6871
vn -0.8178 -0.2682 0.5091
vn -0.7878 -0.0786 0.6109
vn -0.6223 -0.1639 0.7654
vn -0.3250 -0.1896 0.9265
vn 0.8464 0.1578 0.5087
vn 0.6999 0.1122 0.7054
vn 0.8016 0.2109 0.5594
vn 0.7616 0.0335 0.6472
vn 0.6275 -0.0853 0.7739
vn 0.5540 0.0089 0.8325
vn -0.8798 0.0415 0.4734
vn -0.7616 0.0336 0.6472
vn -0.8464 0.1578 0.5086
vn -0.6999 0.1122 0.7054
vn -0.5540 0.0089 0.8325
vn -0.6275 -0.0853 0.7739
vn 0.7654 0.1964 0.6128
vn 0.6428 0.1225 0.7562
vn 0.4888 0.0522 0.8708
vn -0.8015 0.2109 0.5595
vn -0.6428 0.1225 0.7562
vn -0.7654 0.1963 0.6129
vn -0.4538 0.0333 0.8905
vn -0.4888 0.0522 0.8708
vn -0.0008 0.8248 0.5654
vn -0.0001 0.9913 0.1318
vn 0.5554 0.6610 0.5046
vn 0.5989 0.7972 0.0763
vn 0.7465 0.4749 0.4661
vn -0.5989 0.7972 0.0760
vn -0.7467 0.4759 0.4648
vn -0.8271 0.5619 0.0131
vn -0.5560 0.6624 0.5021
vn -0.1514 -0.2192 0.9639
vn -0.2466 -0.2424 0.9383
vn -0.3266 -0.2781 0.9033
vn 0.3232 -0.2787 0.9044
vn 0.2425 -0.2426 0.9393
vn 0.1487 -0.2185 0.9644
vn -0.0002 -0.2473 0.9689
vn -0.0822 -0.2145 0.9732
vn 0.0812 -0.2136 0.9735
vn 0.3518 -0.9041 0.2427
vn 0.4527 -0.7185 0.5281
vn 0.3673 -0.7880 0.4942
vn 0.4779 -0.8457 0.2374
vn 0.5815 -0.6228 0.5235
vn 0.3767 -0.8145 0.4411
vn 0.5988 -0.6812 0.4211
vn 0.3414 -0.9113 0.2301
vn 0.3312 -0.2539 0.9088
vn 0.3741 -0.3536 0.8573
vn 0.4187 -0.3305 0.8458
vn 0.2924 -0.0901 0.9521
vn 0.1464 0.0426 0.9883
vn -0.2924 -0.0901 0.9521
vn -0.3312 -0.2539 0.9088
vn -0.1464 0.0426 0.9883
vn -0.3767 -0.8146 0.4411
vn -0.3673 -0.7880 0.4942
vn -0.3413 -0.9114 0.2301
vn -0.5988 -0.6812 0.4211
vn -0.4527 -0.7185 0.5281
vn -0.5815 -0.6228 0.5235
vn -0.4779 -0.8457 0.2375
vn -0.3518 -0.9041 0.2427
vn -0.4188 -0.3302 0.8459
vn -0.3741 -0.3536 0.8573
vn 0.6177 -0.7599 0.2024
vn 0.6909 -0.5089 0.5135
vn 0.7539 -0.6306 0.1841
vn 0.7458 -0.4035 0.5300
vn 0.4417 -0.2666 0.8566
vn 0.4265 -0.2119 0.8793
vn -0.6909 -0.5089 0.5136
vn -0.7458 -0.4035 0.5300
vn -0.7539 -0.6306 0.1840
vn -0.6177 -0.7599 0.2024
vn -0.4265 -0.2119 0.8793
vn -0.4418 -0.2667 0.8566
vn 0.9675 -0.1606 0.1953
vn 0.8836 -0.4300 0.1857
vn 0.9410 0.2644 0.2112
vn 0.7741 -0.2865 0.5646
vn 0.7894 -0.0011 0.6138
vn 0.3493 -0.1848 0.9186
vn 0.2311 -0.2226 0.9471
vn -0.7894 -0.0011 0.6138
vn -0.9410 0.2644 0.2112
vn -0.7740 -0.2865 0.5646
vn -0.9675 -0.1606 0.1953
vn -0.2311 -0.2226 0.9471
vn -0.3493 -0.1848 0.9186
vn -0.3150 -0.1201 0.9415
vn 0.6949 0.6867 0.2134
vn 0.5001 0.8495 0.1678
vn 0.6657 0.3938 0.6339
vn 0.5344 0.6139 0.5811
vn 0.1309 -0.3279 0.9356
vn 0.0824 -0.4180 0.9047
vn -0.5344 0.6139 0.5811
vn -0.5001 0.8495 0.1678
vn -0.6657 0.3938 0.6339
vn -0.6949 0.6867 0.2134
vn -0.1309 -0.3279 0.9356
vn -0.0824 -0.4180 0.9047
vn 0.5115 0.8493 0.1307
vn 0.5640 0.8188 0.1066
vn 0.5309 0.6582 0.5338
vn 0.5640 0.6400 0.5219
vn 0.0853 -0.4265 0.9005
vn 0.0879 -0.3890 0.9170
vn -0.5640 0.6400 0.5219
vn -0.5640 0.8188 0.1066
vn -0.5309 0.6582 0.5338
vn -0.5115 0.8493 0.1307
vn -0.0879 -0.3891 0.9170
vn -0.0853 -0.4265 0.9005
vn 0.5444 0.8327 0.1008
vn 0.5386 0.6552 0.5298
vn 0.0838 -0.3745 0.9234
vn 0.1274 -0.3711 0.9198
vn -0.5385 0.6551 0.5299
vn -0.3186 0.7588 0.5680
vn -0.5444 0.8327 0.1008
vn -0.1274 -0.3710 0.9198
vn -0.0838 -0.3746 0.9234
vn 0.3185 0.7588 0.5682
vn -0.1304 0.7922 0.5962
vn -0.5494 0.6251 0.5544
vn 0.3012 -0.3291 0.8950
vn 0.2151 -0.3550 0.9098
vn 0.5494 0.6251 0.5544
vn 0.6759 0.7362 0.0331
vn 0.1301 0.7924 0.5960
vn -0.2151 -0.3550 0.9098
vn -0.3013 -0.3290 0.8950
vn -0.8421 0.5393 -0.0052
vn -0.7371 0.4651 0.4903
vn 0.3445 -0.3055 0.8877
vn 0.8271 0.5618 0.0132
vn 0.7371 0.4649 0.4905
vn 0.8421 0.5393 -0.0052
vn -0.2487 -0.2062 0.9464
vn -0.3458 -0.3052 0.8873
vn 0.8901 -0.2413 0.3868
vn 0.9296 0.1567 0.3335
vn -0.0363 0.0985 0.9945
vn -0.1254 0.0718 0.9895
vn 0.1109 -0.0685 0.9915
vn -0.1821 -0.0171 0.9831
vn -0.0000 0.0075 1.0000
vn -0.1975 -0.1175 0.9732
vn -0.0138 -0.2153 0.9765
vn 0.5749 -0.1600 0.8024
vn 0.1254 0.0718 0.9895
vn 0.0425 -0.0440 0.9981
vn 0.0363 0.0985 0.9945
vn 0.1820 -0.0171 0.9831
vn 0.1975 -0.1175 0.9732
vn 0.0138 -0.2153 0.9765
vn -0.5749 -0.1600 0.8024
vn -0.8901 -0.2413 0.3868
vn -0.9296 0.1567 0.3335
vn -0.9388 -0.2412 0.2457
vn 0.8732 0.2591 0.4129
vn 0.8787 0.1864 0.4396
vn 0.8801 0.2855 0.3795
vn 0.8842 0.1202 0.4514
vn 0.8895 0.0649 0.4524
vn 0.3029 -0.0209 0.9528
vn 0.3013 0.0012 0.9535
vn 0.3155 -0.0460 0.9478
vn 0.4102 -0.0866 0.9079
vn 0.3292 -0.0020 0.9443
vn -0.3030 -0.0209 0.9528
vn -0.3156 -0.0459 0.9478
vn -0.3013 0.0012 0.9535
vn -0.8842 0.1202 0.4514
vn -0.8895 0.0649 0.4524
vn -0.8787 0.1864 0.4396
vn -0.3292 -0.0020 0.9443
vn -0.4102 -0.0866 0.9079
vn -0.8801 0.2855 0.3795
vn -0.8732 0.2591 0.4129
vn 0.8912 -0.0179 0.4533
vn 0.8669 -0.1758 0.4664
vn 0.3261 -0.1005 0.9400
vn 0.3305 -0.1743 0.9276
vn -0.3261 -0.1005 0.9400
vn -0.3305 -0.1743 0.9276
vn -0.8911 -0.0179 0.4534
vn -0.8669 -0.1758 0.4664
vn 0.7625 -0.4558 0.4593
vn 0.5135 -0.7557 0.4064
vn 0.3329 -0.2598 0.9065
vn 0.3012 -0.3825 0.8735
vn -0.3012 -0.3825 0.8735
vn -0.3329 -0.2598 0.9065
vn -0.5135 -0.7557 0.4064
vn -0.7625 -0.4558 0.4593
vn 0.2830 -0.8947 0.3456
vn 0.1692 -0.9313 0.3226
vn 0.2206 -0.5285 0.8198
vn 0.1321 -0.6334 0.7624
vn -0.2206 -0.5285 0.8198
vn -0.1321 -0.6334 0.7624
vn -0.1145 -0.4030 0.9080
vn -0.1692 -0.9313 0.3227
vn -0.2832 -0.8947 0.3455
vn 0.0962 -0.9383 0.3322
vn -0.0000 -0.9405 0.3399
vn -0.0000 -0.9996 0.0286
vn 0.0601 -0.6829 0.7281
vn -0.0000 -0.6948 0.7192
vn -0.0601 -0.6828 0.7281
vn -0.0962 -0.9383 0.3322
vn 0.5509 -0.1767 0.8156
vn 0.9017 0.2541 0.3497
vn -0.5509 -0.1767 0.8156
vn -0.9017 0.2541 0.3497
vn -0.3435 0.8658 -0.3639
vn -0.6422 0.5858 -0.4943
vn -0.4025 0.5124 -0.7586
vn -0.1584 0.9169 0.3663
vn -0.5428 0.8386 -0.0454
vn -0.2698 0.7899 0.5507
vn -0.5728 0.8170 -0.0667
vn -0.7147 0.6186 -0.3264
vn 0.1584 0.9169 0.3663
vn 0.5428 0.8386 -0.0454
vn 0.2698 0.7899 0.5507
vn 0.3435 0.8658 -0.3639
vn 0.6422 0.5858 -0.4943
vn 0.7147 0.6186 -0.3264
vn 0.5728 0.8170 -0.0666
vn 0.3278 0.8649 0.3801
vn 0.4309 -0.9023 -0.0164
vn 0.4570 -0.8614 0.2215
vn 0.4917 -0.8584 0.1464
vn 0.3633 -0.9134 -0.1837
vn 0.3606 -0.9321 0.0338
vn 0.2826 -0.9468 -0.1541
vn 0.3585 -0.9115 0.2016
vn 0.4290 -0.8319 0.3520
vn -0.3633 -0.9134 -0.1836
vn -0.3606 -0.9321 0.0338
vn -0.2826 -0.9468 -0.1541
vn -0.4309 -0.9023 -0.0164
vn -0.4570 -0.8614 0.2215
vn -0.3584 -0.9115 0.2016
vn -0.3307 -0.9436 -0.0177
vn 0.2630 0.9534 -0.1476
vn 0.3693 0.8983 -0.2381
vn 0.3908 0.9103 -0.1363
vn 0.0839 0.9885 -0.1261
vn 0.2416 0.9138 -0.3264
vn 0.0282 0.8797 -0.4747
vn 0.2872 0.8742 -0.3915
vn 0.3731 0.8883 -0.2677
vn -0.0839 0.9885 -0.1261
vn -0.2416 0.9138 -0.3264
vn -0.0282 0.8797 -0.4747
vn -0.2630 0.9535 -0.1475
vn -0.3693 0.8983 -0.2381
vn -0.3731 0.8883 -0.2677
vn -0.2872 0.8742 -0.3915
vn -0.1383 0.7258 -0.6738
vn 0.5741 0.8015 -0.1672
vn 0.8268 0.4762 -0.2993
vn 0.8493 0.5018 -0.1643
vn 0.5494 0.7932 -0.2625
vn 0.5372 0.7908 -0.2933
vn 0.8082 0.4680 -0.3574
vn -0.3908 0.9103 -0.1363
vn -0.5494 0.7932 -0.2625
vn -0.5741 0.8015 -0.1672
vn -0.8268 0.4762 -0.2994
vn -0.8082 0.4680 -0.3574
vn -0.5368 0.7911 -0.2934
vn 0.9952 0.0831 -0.0523
vn 0.9236 -0.3615 -0.1277
vn 0.9503 -0.3052 0.0621
vn 0.9709 0.0427 -0.2357
vn 0.9336 0.0364 -0.3564
vn 0.8790 -0.3690 -0.3021
vn -0.8493 0.5018 -0.1643
vn -0.9709 0.0427 -0.2357
vn -0.9952 0.0831 -0.0523
vn -0.9236 -0.3615 -0.1277
vn -0.8790 -0.3690 -0.3021
vn -0.9336 0.0364 -0.3564
vn 0.6547 -0.7406 0.1513
vn 0.7648 -0.6421 -0.0533
vn 0.6219 -0.7828 -0.0223
vn 0.8063 -0.5780 0.1260
vn 0.7104 -0.6606 -0.2428
vn 0.5693 -0.7944 -0.2119
vn -0.8063 -0.5780 0.1260
vn -0.9503 -0.3052 0.0621
vn -0.6547 -0.7406 0.1513
vn -0.7648 -0.6421 -0.0533
vn -0.6219 -0.7828 -0.0223
vn -0.7104 -0.6606 -0.2428
vn 0.5175 -0.8553 -0.0236
vn 0.5417 -0.8281 0.1445
vn 0.4694 -0.8610 -0.1960
vn -0.5417 -0.8281 0.1444
vn -0.4917 -0.8584 0.1464
vn -0.5175 -0.8553 -0.0236
vn -0.4694 -0.8610 -0.1960
vn -0.5693 -0.7944 -0.2119
vn -0.1704 0.8281 -0.5341
vn -0.0546 0.9975 0.0442
vn -0.1679 0.4655 -0.8690
vn 0.1383 0.7258 -0.6738
vn 0.0546 0.9975 0.0442
vn 0.1704 0.8281 -0.5341
vn 0.1679 0.4655 -0.8690
vn 0.4025 0.5123 -0.7586
vn -0.7420 0.5095 -0.4357
vn -0.7668 0.5802 -0.2744
vn -0.4687 0.3919 -0.7916
vn -0.0000 0.9999 0.0130
vn -0.4798 0.8722 -0.0947
vn -0.1960 0.8920 0.4073
vn -0.3278 0.8649 0.3801
vn -0.0000 0.8974 0.4412
vn -0.1656 0.3320 -0.9286
vn 0.0717 0.6557 -0.7516
vn 0.1378 0.5468 -0.8259
vn 0.1143 0.8543 0.5070
vn 0.0160 0.7128 0.7012
vn 0.2386 0.9246 0.2970
vn -0.0000 0.6114 0.7913
vn -0.0567 0.6402 0.7661
vn -0.0160 0.7128 0.7012
vn 0.0567 0.6402 0.7661
vn 0.1960 0.8920 0.4073
vn 0.4798 0.8722 -0.0947
vn 0.7668 0.5802 -0.2744
vn 0.4687 0.3919 -0.7916
vn 0.7420 0.5095 -0.4357
vn 0.1656 0.3320 -0.9286
vn -0.1378 0.5468 -0.8259
vn -0.1143 0.8543 0.5070
vn -0.2386 0.9246 0.2970
vn 0.4220 0.8383 -0.3453
vn 0.4010 0.8853 -0.2355
vn 0.4147 0.8946 -0.1666
vn 0.4288 0.8092 -0.4017
vn 0.3816 0.9075 0.1756
vn 0.4684 0.8745 0.1261
vn -0.4288 0.8092 -0.4017
vn -0.4220 0.8383 -0.3453
vn -0.4147 0.8946 -0.1666
vn -0.4010 0.8853 -0.2355
vn -0.4684 0.8745 0.1261
vn -0.3816 0.9075 0.1756
vn 0.5883 0.7887 -0.1785
vn 0.8790 0.4249 -0.2163
vn 0.6173 0.7843 0.0617
vn 0.8585 0.5111 0.0413
vn -0.8790 0.4249 -0.2163
vn -0.5883 0.7887 -0.1785
vn -0.8585 0.5111 0.0413
vn -0.6173 0.7843 0.0617
vn 0.9746 -0.0212 -0.2230
vn 0.8949 -0.3958 -0.2060
vn 0.9863 0.1322 0.0991
vn 0.9644 -0.2215 0.1445
vn -0.8949 -0.3958 -0.2060
vn -0.8836 -0.4299 0.1857
vn -0.9746 -0.0212 -0.2229
vn -0.9644 -0.2215 0.1445
vn -0.9863 0.1322 0.0991
vn 0.5787 -0.8009 -0.1539
vn 0.7219 -0.6689 -0.1773
vn 0.8453 -0.5040 0.1774
vn 0.6745 -0.7117 0.1965
vn -0.7219 -0.6689 -0.1773
vn -0.5787 -0.8009 -0.1539
vn -0.6939 -0.7033 0.1544
vn -0.8453 -0.5040 0.1774
vn -0.6745 -0.7117 0.1965
vn 0.4662 -0.8776 -0.1118
vn 0.3386 -0.9368 -0.0878
vn 0.5398 -0.8197 0.1914
vn 0.5377 -0.8210 0.1919
vn -0.4662 -0.8776 -0.1118
vn -0.3386 -0.9368 -0.0878
vn -0.5398 -0.8198 0.1914
vn -0.5377 -0.8210 0.1919
vn 0.3914 -0.9176 0.0688
vn 0.3307 -0.9436 -0.0177
vn 0.3068 -0.9483 -0.0816
vn 0.4681 -0.7615 0.4482
vn 0.5416 -0.7019 0.4626
vn 0.6101 -0.7429 0.2753
vn -0.3068 -0.9483 -0.0816
vn -0.3914 -0.9176 0.0688
vn -0.6101 -0.7430 0.2753
vn -0.5416 -0.7019 0.4626
vn -0.4289 -0.8320 0.3520
vn -0.4681 -0.7615 0.4482
vt 0.841958 0.587571
vt 0.821995 0.593570
vt 0.832355 0.577968
vt 0.834528 0.598761
vt 0.818288 0.611927
vt 0.800024 0.611927
vt 0.805140 0.586588
vt 0.819440 0.565053
vt 0.866314 0.931635
vt 0.884671 0.909664
vt 0.891653 0.926518
vt 0.866314 0.913371
vt 0.879480 0.897131
vt 0.890670 0.889701
vt 0.900273 0.899304
vt 0.913188 0.912219
vt 0.785869 0.578606
vt 0.804303 0.549916
vt 0.778617 0.611927
vt 0.746541 0.611927
vt 0.764081 0.569581
vt 0.781622 0.527235
vt 0.866314 0.985118
vt 0.899635 0.945789
vt 0.908660 0.967577
vt 0.866314 0.953042
vt 0.928325 0.927356
vt 0.951006 0.950037
vt 0.785869 0.645248
vt 0.805140 0.637266
vt 0.804303 0.673938
vt 0.781622 0.696619
vt 0.764081 0.654273
vt 0.781622 0.950037
vt 0.832993 0.945790
vt 0.823968 0.967577
vt 0.804303 0.927356
vt 0.840975 0.926519
vt 0.831869 0.611927
vt 0.821995 0.630285
vt 0.834528 0.625094
vt 0.832355 0.645886
vt 0.819440 0.658801
vt 0.819440 0.912219
vt 0.847957 0.909664
vt 0.832355 0.899305
vt 0.853148 0.897131
vt 0.866314 0.899790
vt 0.841958 0.636283
vt 0.847957 0.656246
vt 0.853148 0.643713
vt 0.866314 0.659953
vt 0.866314 0.678217
vt 0.840975 0.673101
vt 0.800024 0.865345
vt 0.821995 0.883703
vt 0.805140 0.890684
vt 0.818288 0.865345
vt 0.834528 0.878512
vt 0.841958 0.889701
vt 0.832993 0.692372
vt 0.866314 0.699624
vt 0.866314 0.731700
vt 0.823968 0.714159
vt 0.746541 0.865345
vt 0.785869 0.898666
vt 0.764081 0.907691
vt 0.778617 0.865345
vt 0.899635 0.692372
vt 0.891653 0.673101
vt 0.928325 0.673938
vt 0.951006 0.696619
vt 0.908660 0.714159
vt 0.804303 0.803334
vt 0.764081 0.822999
vt 0.781622 0.780653
vt 0.819440 0.818471
vt 0.785869 0.832024
vt 0.879480 0.643713
vt 0.866314 0.646372
vt 0.890670 0.636283
vt 0.884671 0.656246
vt 0.900273 0.645886
vt 0.832355 0.831386
vt 0.805140 0.840006
vt 0.834528 0.852179
vt 0.821995 0.846988
vt 0.831869 0.865345
vt 0.910633 0.630285
vt 0.900759 0.611927
vt 0.898100 0.625094
vt 0.914340 0.611927
vt 0.927487 0.637266
vt 0.913188 0.658801
vt 0.866314 0.817320
vt 0.840975 0.804172
vt 0.866314 0.799055
vt 0.866314 0.830900
vt 0.847956 0.821027
vt 0.841958 0.840989
vt 0.932604 0.611927
vt 0.946759 0.645248
vt 0.954011 0.611927
vt 0.968547 0.654273
vt 0.866314 0.777648
vt 0.823968 0.763112
vt 0.866314 0.745572
vt 0.832993 0.784901
vt 0.927488 0.586588
vt 0.913189 0.565053
vt 0.946759 0.578606
vt 0.928325 0.549916
vt 0.968547 0.569581
vt 0.986087 0.611927
vt 0.928325 0.803334
vt 0.908660 0.763112
vt 0.951006 0.780653
vt 0.913189 0.818471
vt 0.899635 0.784900
vt 0.891653 0.804171
vt 0.898100 0.598761
vt 0.890670 0.587571
vt 0.910633 0.593570
vt 0.900273 0.577968
vt 0.900273 0.831386
vt 0.890671 0.840989
vt 0.884672 0.821026
vt 0.879480 0.833559
vt 0.879481 0.580141
vt 0.866314 0.577482
vt 0.884672 0.567608
vt 0.866314 0.563902
vt 0.891653 0.550753
vt 0.914340 0.865345
vt 0.927488 0.840006
vt 0.932604 0.865345
vt 0.900759 0.865345
vt 0.910633 0.846988
vt 0.898100 0.852179
vt 0.866314 0.545637
vt 0.899635 0.531482
vt 0.866314 0.524230
vt 0.908660 0.509694
vt 0.951006 0.527235
vt 0.954011 0.865345
vt 0.968547 0.822999
vt 0.986087 0.865345
vt 0.946759 0.832024
vt 0.840975 0.550754
vt 0.832993 0.531483
vt 0.823968 0.509694
vt 0.866314 0.492154
vt 0.968547 0.907691
vt 0.946759 0.898666
vt 0.927487 0.890684
vt 0.853148 0.580141
vt 0.847956 0.567608
vt 0.910633 0.883703
vt 0.898100 0.878511
vt 0.847218 0.592830
vt 0.855978 0.586975
vt 0.866314 0.584920
vt 0.857933 0.591693
vt 0.850996 0.596609
vt 0.893321 0.865345
vt 0.886549 0.873726
vt 0.887978 0.865345
vt 0.891267 0.875681
vt 0.885411 0.884442
vt 0.881632 0.880663
vt 0.876650 0.586975
vt 0.885411 0.592830
vt 0.874695 0.591693
vt 0.866314 0.590264
vt 0.885411 0.846249
vt 0.886549 0.856964
vt 0.881632 0.850027
vt 0.891267 0.855009
vt 0.891267 0.601591
vt 0.893321 0.611927
vt 0.886548 0.603546
vt 0.881632 0.596609
vt 0.866314 0.838338
vt 0.874695 0.845111
vt 0.866314 0.843682
vt 0.876650 0.840393
vt 0.891267 0.622263
vt 0.885411 0.631024
vt 0.886548 0.620308
vt 0.887978 0.611927
vt 0.847218 0.846249
vt 0.857933 0.845111
vt 0.850996 0.850027
vt 0.853148 0.833559
vt 0.855978 0.840393
vt 0.866314 0.638934
vt 0.876650 0.636880
vt 0.866314 0.633590
vt 0.874695 0.632161
vt 0.881632 0.627245
vt 0.844651 0.865345
vt 0.841362 0.855009
vt 0.846080 0.856964
vt 0.839308 0.865345
vt 0.855978 0.636880
vt 0.847218 0.631024
vt 0.850996 0.627245
vt 0.857933 0.632161
vt 0.850996 0.880663
vt 0.841362 0.875681
vt 0.846080 0.873726
vt 0.847218 0.884442
vt 0.841362 0.622263
vt 0.839307 0.611927
vt 0.844651 0.611927
vt 0.846080 0.620308
vt 0.866314 0.887009
vt 0.855978 0.890298
vt 0.857933 0.885579
vt 0.866314 0.892352
vt 0.841362 0.601591
vt 0.846080 0.603546
vt 0.876650 0.890297
vt 0.874695 0.885580
vt 0.852421 0.611927
vt 0.856490 0.602103
vt 0.866314 0.611927
vt 0.851470 0.605779
vt 0.872463 0.880189
vt 0.876138 0.875169
vt 0.866314 0.879238
vt 0.866314 0.865345
vt 0.851470 0.618075
vt 0.856490 0.621751
vt 0.856490 0.875169
vt 0.860166 0.880189
vt 0.866314 0.625820
vt 0.860166 0.626771
vt 0.851470 0.871493
vt 0.852421 0.865345
vt 0.876138 0.621751
vt 0.872463 0.626771
vt 0.851470 0.859197
vt 0.856490 0.855521
vt 0.880207 0.611927
vt 0.881158 0.618075
vt 0.860166 0.850501
vt 0.866314 0.851452
vt 0.876138 0.602103
vt 0.881158 0.605779
vt 0.872463 0.850501
vt 0.876138 0.855521
vt 0.866314 0.598034
vt 0.872463 0.597083
vt 0.881158 0.859197
vt 0.880207 0.865345
vt 0.860166 0.597083
vt 0.881158 0.871493
vt 0.527024 0.266010
vt 0.499988 0.277059
vt 0.500000 0.251418
vt 0.545404 0.275728
vt 0.523226 0.280041
vt 0.541898 0.284520
vt 0.521771 0.294039
vt 0.499905 0.293909
vt 0.458096 0.284520
vt 0.478092 0.294039
vt 0.459976 0.294351
vt 0.454596 0.275728
vt 0.476757 0.280041
vt 0.472976 0.266010
vt 0.509398 0.158316
vt 0.516738 0.147535
vt 0.519290 0.162370
vt 0.500000 0.157011
vt 0.508550 0.147028
vt 0.500000 0.146506
vt 0.507575 0.132484
vt 0.515034 0.131889
vt 0.492425 0.132483
vt 0.500000 0.132565
vt 0.491450 0.147028
vt 0.490602 0.158316
vt 0.483262 0.147535
vt 0.484966 0.131889
vt 0.513989 0.115454
vt 0.506781 0.103323
vt 0.513281 0.102038
vt 0.507057 0.116576
vt 0.500000 0.116970
vt 0.500000 0.103752
vt 0.492943 0.116576
vt 0.486011 0.115454
vt 0.493220 0.103323
vt 0.505970 0.092870
vt 0.500000 0.096268
vt 0.500000 0.092922
vt 0.512576 0.094805
vt 0.506442 0.096035
vt 0.486719 0.102038
vt 0.493558 0.096035
vt 0.487424 0.094805
vt 0.494030 0.092870
vt 0.527074 0.181310
vt 0.522061 0.174791
vt 0.524955 0.172555
vt 0.524090 0.181523
vt 0.519501 0.176747
vt 0.515347 0.172292
vt 0.517029 0.168986
vt 0.484653 0.172292
vt 0.477939 0.174791
vt 0.482971 0.168986
vt 0.480499 0.176747
vt 0.475911 0.181523
vt 0.472926 0.181310
vt 0.475045 0.172555
vt 0.480710 0.162370
vt 0.519261 0.195157
vt 0.525913 0.190887
vt 0.520995 0.199700
vt 0.517649 0.192988
vt 0.523186 0.188844
vt 0.520433 0.187926
vt 0.479567 0.187926
vt 0.478938 0.182023
vt 0.482351 0.192988
vt 0.476814 0.188844
vt 0.480739 0.195157
vt 0.474087 0.190887
vt 0.505875 0.199296
vt 0.512180 0.205394
vt 0.500000 0.204879
vt 0.507816 0.196177
vt 0.512645 0.198780
vt 0.512958 0.195764
vt 0.487042 0.195764
vt 0.492184 0.196177
vt 0.487355 0.198780
vt 0.494125 0.199296
vt 0.487820 0.205395
vt 0.479005 0.199700
vt 0.500000 0.197703
vt 0.502171 0.197571
vt 0.500000 0.199106
vt 0.500000 0.196473
vt 0.503581 0.194855
vt 0.496419 0.194855
vt 0.497829 0.197571
vt 0.500000 0.163419
vt 0.509172 0.164953
vt 0.508445 0.168777
vt 0.500000 0.167306
vt 0.491555 0.168777
vt 0.490828 0.164953
vt 0.500000 0.170593
vt 0.507587 0.171841
vt 0.513573 0.174668
vt 0.507042 0.175090
vt 0.500000 0.174359
vt 0.486427 0.174668
vt 0.492958 0.175090
vt 0.488248 0.176218
vt 0.492413 0.171841
vt 0.500000 0.193873
vt 0.504346 0.192090
vt 0.500000 0.190899
vt 0.505960 0.189533
vt 0.508708 0.191549
vt 0.508462 0.193596
vt 0.491292 0.191549
vt 0.495654 0.192090
vt 0.491538 0.193596
vt 0.494040 0.189533
vt 0.511645 0.190936
vt 0.512584 0.193423
vt 0.514414 0.189894
vt 0.516015 0.191269
vt 0.485586 0.189894
vt 0.487416 0.193423
vt 0.483985 0.191269
vt 0.488355 0.190936
vt 0.517893 0.187186
vt 0.514730 0.186939
vt 0.518223 0.182389
vt 0.521062 0.182023
vt 0.485270 0.186939
vt 0.481777 0.182389
vt 0.485593 0.182855
vt 0.482107 0.187186
vt 0.516957 0.178190
vt 0.514407 0.182855
vt 0.513315 0.179034
vt 0.486685 0.179034
vt 0.483043 0.178190
vt 0.508478 0.183823
vt 0.500000 0.186095
vt 0.510217 0.187800
vt 0.489783 0.187800
vt 0.491522 0.183823
vt 0.500000 0.179309
vt 0.507446 0.179235
vt 0.511752 0.176218
vt 0.492555 0.179235
vt 0.509305 0.090047
vt 0.511781 0.090975
vt 0.505309 0.091223
vt 0.500000 0.091197
vt 0.504678 0.089850
vt 0.508107 0.088954
vt 0.495322 0.089850
vt 0.500000 0.089829
vt 0.494691 0.091223
vt 0.490695 0.090047
vt 0.491893 0.088954
vt 0.512787 0.085637
vt 0.510099 0.082220
vt 0.511896 0.080943
vt 0.510692 0.086468
vt 0.509366 0.086214
vt 0.508857 0.082755
vt 0.489308 0.086468
vt 0.490634 0.086214
vt 0.488219 0.090975
vt 0.487213 0.085637
vt 0.489901 0.082220
vt 0.491143 0.082755
vt 0.507052 0.075544
vt 0.508337 0.078961
vt 0.505859 0.076795
vt 0.509883 0.077646
vt 0.507259 0.079929
vt 0.505041 0.077966
vt 0.491664 0.078961
vt 0.492741 0.079929
vt 0.488104 0.080943
vt 0.492948 0.075544
vt 0.494141 0.076795
vt 0.494959 0.077966
vt 0.500000 0.073791
vt 0.503012 0.075511
vt 0.500000 0.075080
vt 0.503665 0.074251
vt 0.502571 0.076818
vt 0.500000 0.076443
vt 0.496988 0.075511
vt 0.497429 0.076818
vt 0.496335 0.074251
vt 0.500000 0.078327
vt 0.502199 0.078607
vt 0.504318 0.079484
vt 0.502117 0.080860
vt 0.500000 0.080667
vt 0.495682 0.079484
vt 0.497884 0.080860
vt 0.495967 0.081399
vt 0.497801 0.078607
vt 0.506231 0.080994
vt 0.507615 0.083112
vt 0.506692 0.083355
vt 0.505597 0.082274
vt 0.504033 0.081399
vt 0.493308 0.083355
vt 0.493769 0.080994
vt 0.494403 0.082274
vt 0.492385 0.083112
vt 0.508027 0.085616
vt 0.506930 0.087537
vt 0.505683 0.085744
vt 0.506693 0.084710
vt 0.494318 0.085744
vt 0.491973 0.085616
vt 0.493307 0.084710
vt 0.493070 0.087537
vt 0.503995 0.088104
vt 0.500000 0.088047
vt 0.503251 0.085916
vt 0.496749 0.085916
vt 0.500000 0.085801
vt 0.496005 0.088104
vt 0.502533 0.083402
vt 0.500000 0.083252
vt 0.504557 0.083604
vt 0.497468 0.083402
vt 0.495443 0.083604
vt 0.505634 0.083590
vt 0.494366 0.083590
vt 0.539976 0.294351
vt 0.553493 0.287605
vt 0.551961 0.294743
vt 0.556311 0.281502
vt 0.562735 0.284843
vt 0.560698 0.289608
vt 0.559849 0.295167
vt 0.437265 0.284843
vt 0.446506 0.287605
vt 0.439302 0.289608
vt 0.443689 0.281502
vt 0.448033 0.294743
vt 0.440151 0.295167
vt 0.542858 0.314840
vt 0.552176 0.302647
vt 0.554500 0.310801
vt 0.539858 0.304671
vt 0.560482 0.301287
vt 0.562571 0.307583
vt 0.447807 0.302647
vt 0.439518 0.301287
vt 0.460005 0.304671
vt 0.456952 0.314840
vt 0.445476 0.310801
vt 0.437430 0.307583
vt 0.559386 0.331156
vt 0.559096 0.318474
vt 0.565414 0.324312
vt 0.549916 0.324080
vt 0.565991 0.313526
vt 0.570554 0.318139
vt 0.440887 0.318474
vt 0.434009 0.313526
vt 0.449947 0.324080
vt 0.440566 0.331156
vt 0.434580 0.324312
vt 0.429446 0.318139
vt 0.560340 0.276499
vt 0.560352 0.262817
vt 0.550919 0.268433
vt 0.567156 0.272078
vt 0.565889 0.280939
vt 0.432844 0.272077
vt 0.434111 0.280939
vt 0.428694 0.277459
vt 0.439648 0.262817
vt 0.439660 0.276499
vt 0.574739 0.259168
vt 0.589347 0.266009
vt 0.577776 0.268034
vt 0.588859 0.272504
vt 0.579701 0.274213
vt 0.571306 0.277459
vt 0.411141 0.272504
vt 0.422224 0.268034
vt 0.420299 0.274213
vt 0.410653 0.266009
vt 0.425261 0.259168
vt 0.590128 0.258454
vt 0.598954 0.267559
vt 0.602516 0.261453
vt 0.607318 0.272062
vt 0.603396 0.276967
vt 0.596548 0.273582
vt 0.396604 0.276967
vt 0.401046 0.267559
vt 0.403452 0.273582
vt 0.392682 0.272062
vt 0.397484 0.261453
vt 0.409872 0.258454
vt 0.612670 0.267478
vt 0.615458 0.278388
vt 0.621921 0.275464
vt 0.621933 0.285556
vt 0.615600 0.287396
vt 0.610204 0.281797
vt 0.384400 0.287396
vt 0.384543 0.278388
vt 0.389796 0.281797
vt 0.378067 0.285556
vt 0.378079 0.275464
vt 0.387331 0.267478
vt 0.629100 0.284280
vt 0.625191 0.292691
vt 0.632817 0.292855
vt 0.625682 0.299180
vt 0.618527 0.298527
vt 0.618172 0.293154
vt 0.381473 0.298527
vt 0.374809 0.292691
vt 0.381828 0.293154
vt 0.374318 0.299180
vt 0.367183 0.292855
vt 0.370901 0.284280
vt 0.631043 0.306693
vt 0.633320 0.300439
vt 0.625537 0.312624
vt 0.624034 0.304684
vt 0.619607 0.309684
vt 0.617395 0.303139
vt 0.380393 0.309684
vt 0.382605 0.303139
vt 0.386034 0.307225
vt 0.374463 0.312624
vt 0.375966 0.304684
vt 0.368957 0.306693
vt 0.616754 0.319146
vt 0.607143 0.325470
vt 0.612096 0.314666
vt 0.603826 0.319309
vt 0.607714 0.311081
vt 0.613966 0.307225
vt 0.396175 0.319309
vt 0.392286 0.311081
vt 0.399233 0.314638
vt 0.392857 0.325470
vt 0.387904 0.314666
vt 0.383246 0.319146
vt 0.597092 0.323143
vt 0.599090 0.330564
vt 0.591469 0.325930
vt 0.590778 0.319995
vt 0.595272 0.317709
vt 0.600768 0.314638
vt 0.409222 0.319995
vt 0.402909 0.323143
vt 0.404728 0.317709
vt 0.408531 0.325930
vt 0.400910 0.330564
vt 0.592254 0.334142
vt 0.585933 0.327534
vt 0.585613 0.336120
vt 0.579775 0.328011
vt 0.581415 0.321470
vt 0.586314 0.321240
vt 0.418585 0.321470
vt 0.414067 0.327534
vt 0.413686 0.321240
vt 0.420225 0.328011
vt 0.414388 0.336120
vt 0.407746 0.334142
vt 0.569197 0.335101
vt 0.578153 0.336490
vt 0.572659 0.327253
vt 0.575944 0.320639
vt 0.427341 0.327253
vt 0.424057 0.320639
vt 0.430797 0.335101
vt 0.578770 0.315448
vt 0.582808 0.316502
vt 0.574828 0.313220
vt 0.581307 0.311143
vt 0.583998 0.312892
vt 0.425172 0.313220
vt 0.418693 0.311143
vt 0.421385 0.309394
vt 0.421230 0.315448
vt 0.417192 0.316502
vt 0.416002 0.312892
vt 0.586610 0.316499
vt 0.590239 0.315611
vt 0.586827 0.312614
vt 0.589656 0.312336
vt 0.413390 0.316499
vt 0.413173 0.312614
vt 0.409761 0.315611
vt 0.410344 0.312336
vt 0.593991 0.313813
vt 0.598501 0.311335
vt 0.593001 0.310793
vt 0.596347 0.309249
vt 0.406009 0.313813
vt 0.406999 0.310793
vt 0.401499 0.311335
vt 0.403653 0.309249
vt 0.609200 0.304949
vt 0.604158 0.308264
vt 0.601180 0.305883
vt 0.606014 0.302517
vt 0.398820 0.305883
vt 0.395842 0.308264
vt 0.390800 0.304949
vt 0.393986 0.302517
vt 0.612592 0.297948
vt 0.611760 0.301604
vt 0.606874 0.300018
vt 0.607735 0.297520
vt 0.393125 0.300018
vt 0.388240 0.301604
vt 0.387408 0.297948
vt 0.392265 0.297520
vt 0.612342 0.293738
vt 0.610434 0.289223
vt 0.607360 0.294368
vt 0.606985 0.291216
vt 0.387658 0.293738
vt 0.392640 0.294368
vt 0.389566 0.289223
vt 0.393015 0.291216
vt 0.606068 0.284691
vt 0.600569 0.280754
vt 0.602630 0.287149
vt 0.598275 0.283083
vt 0.393932 0.284691
vt 0.397370 0.287149
vt 0.399431 0.280754
vt 0.401725 0.283083
vt 0.595045 0.278155
vt 0.588879 0.277316
vt 0.594070 0.281625
vt 0.589866 0.280167
vt 0.405930 0.281625
vt 0.404955 0.278155
vt 0.411121 0.277316
vt 0.410134 0.280167
vt 0.574611 0.281370
vt 0.581435 0.278749
vt 0.583109 0.282396
vt 0.576352 0.284624
vt 0.416891 0.282396
vt 0.418565 0.278749
vt 0.425389 0.281370
vt 0.423648 0.284624
vt 0.570436 0.284278
vt 0.568093 0.287503
vt 0.574592 0.287270
vt 0.572831 0.289915
vt 0.425408 0.287270
vt 0.429564 0.284278
vt 0.431908 0.287503
vt 0.427169 0.289915
vt 0.571378 0.309615
vt 0.568682 0.305146
vt 0.573307 0.303342
vt 0.575961 0.306368
vt 0.578615 0.309394
vt 0.426693 0.303342
vt 0.428622 0.309615
vt 0.424039 0.306368
vt 0.431318 0.305146
vt 0.567064 0.300316
vt 0.566435 0.295569
vt 0.572447 0.295716
vt 0.572877 0.299529
vt 0.427553 0.295716
vt 0.432936 0.300316
vt 0.427123 0.299529
vt 0.433565 0.295569
vt 0.566813 0.291277
vt 0.572639 0.292816
vt 0.433187 0.291277
vt 0.427361 0.292816
vt 0.592535 0.397792
vt 0.578513 0.412183
vt 0.576540 0.398350
vt 0.606189 0.393052
vt 0.597289 0.409803
vt 0.613299 0.403885
vt 0.603459 0.423263
vt 0.584616 0.428636
vt 0.386701 0.403886
vt 0.396541 0.423263
vt 0.377699 0.417889
vt 0.393811 0.393052
vt 0.402711 0.409803
vt 0.407465 0.397792
vt 0.421487 0.412183
vt 0.415384 0.428636
vt 0.614340 0.026457
vt 0.597975 0.040208
vt 0.603553 0.023452
vt 0.625128 0.029461
vt 0.614876 0.047507
vt 0.628764 0.053341
vt 0.613032 0.067150
vt 0.595852 0.057066
vt 0.371236 0.053341
vt 0.386968 0.067150
vt 0.372357 0.076039
vt 0.374872 0.029461
vt 0.385124 0.047507
vt 0.385660 0.026457
vt 0.402025 0.040208
vt 0.404148 0.057066
vt 0.575167 0.016447
vt 0.553169 0.029708
vt 0.546781 0.009442
vt 0.576080 0.033087
vt 0.576419 0.048510
vt 0.557078 0.043913
vt 0.423581 0.048510
vt 0.396447 0.023452
vt 0.423920 0.033087
vt 0.424833 0.016447
vt 0.446832 0.029708
vt 0.442923 0.043913
vt 0.523391 0.021332
vt 0.518423 0.041365
vt 0.500000 0.033223
vt 0.533089 0.033671
vt 0.540487 0.044770
vt 0.528540 0.049111
vt 0.459513 0.044770
vt 0.453219 0.009442
vt 0.466911 0.033671
vt 0.476609 0.021332
vt 0.481578 0.041365
vt 0.471460 0.049111
vt 0.519423 0.059027
vt 0.512287 0.049469
vt 0.522193 0.054365
vt 0.510474 0.055792
vt 0.500000 0.046817
vt 0.487713 0.049469
vt 0.489526 0.055792
vt 0.480577 0.059027
vt 0.477807 0.054365
vt 0.530115 0.064670
vt 0.529030 0.058819
vt 0.534182 0.062164
vt 0.525757 0.062097
vt 0.534799 0.055696
vt 0.537892 0.059801
vt 0.470970 0.058819
vt 0.465201 0.055696
vt 0.474243 0.062097
vt 0.469885 0.064670
vt 0.465818 0.062164
vt 0.462108 0.059801
vt 0.537712 0.070719
vt 0.539807 0.064687
vt 0.547018 0.068498
vt 0.533636 0.067068
vt 0.544721 0.060943
vt 0.555423 0.064317
vt 0.460193 0.064687
vt 0.455279 0.060943
vt 0.466364 0.067068
vt 0.462288 0.070719
vt 0.452983 0.068498
vt 0.444577 0.064317
vt 0.550954 0.087156
vt 0.556142 0.075456
vt 0.566289 0.085820
vt 0.543499 0.077147
vt 0.568316 0.071381
vt 0.581580 0.081806
vt 0.443858 0.075456
vt 0.431684 0.071381
vt 0.456501 0.077147
vt 0.449046 0.087156
vt 0.433711 0.085820
vt 0.418420 0.081806
vt 0.558471 0.055810
vt 0.574686 0.061954
vt 0.591230 0.071750
vt 0.425314 0.061954
vt 0.408770 0.071750
vt 0.441529 0.055810
vt 0.544733 0.054173
vt 0.455267 0.054173
vt 0.603014 0.107106
vt 0.606073 0.083524
vt 0.618415 0.094631
vt 0.593460 0.094491
vt 0.627643 0.076039
vt 0.406540 0.094491
vt 0.393928 0.083524
vt 0.396986 0.107106
vt 0.381585 0.094631
vt 0.567660 0.115280
vt 0.576261 0.099023
vt 0.584815 0.112723
vt 0.559502 0.100727
vt 0.423739 0.099023
vt 0.440498 0.100727
vt 0.432340 0.115280
vt 0.415185 0.112723
vt 0.594885 0.135591
vt 0.580658 0.148065
vt 0.578291 0.138955
vt 0.613931 0.148832
vt 0.595446 0.145419
vt 0.608703 0.157627
vt 0.594670 0.153707
vt 0.581755 0.156770
vt 0.391306 0.157632
vt 0.404557 0.145420
vt 0.405332 0.153707
vt 0.386088 0.148842
vt 0.405115 0.135592
vt 0.419342 0.148065
vt 0.418245 0.156770
vt 0.574009 0.128156
vt 0.591041 0.124787
vt 0.610266 0.118102
vt 0.389734 0.118102
vt 0.380433 0.131871
vt 0.408959 0.124787
vt 0.425991 0.128156
vt 0.421709 0.138955
vt 0.589953 0.178790
vt 0.594925 0.161845
vt 0.600701 0.172584
vt 0.583189 0.166552
vt 0.606110 0.164293
vt 0.607243 0.170934
vt 0.393893 0.164298
vt 0.405078 0.161851
vt 0.410055 0.178812
vt 0.399318 0.172634
vt 0.392769 0.170967
vt 0.891623 0.097679
vt 0.891858 0.045729
vt 0.922374 0.064228
vt 0.865466 0.119496
vt 0.867108 0.077870
vt 0.847946 0.103808
vt 0.839593 0.065176
vt 0.861342 0.027230
vt 0.152054 0.103808
vt 0.160407 0.065176
vt 0.173669 0.095429
vt 0.134534 0.119496
vt 0.132892 0.077870
vt 0.108377 0.097679
vt 0.108142 0.045729
vt 0.138658 0.027230
vt 0.817973 0.019033
vt 0.826331 0.095429
vt 0.805710 0.056486
vt 0.797985 0.088803
vt 0.763901 0.051956
vt 0.774604 0.010837
vt 0.202015 0.088803
vt 0.236099 0.051956
vt 0.238854 0.084697
vt 0.194290 0.056486
vt 0.182027 0.019033
vt 0.225396 0.010837
vt 0.710807 0.019777
vt 0.716002 0.085063
vt 0.713213 0.053481
vt 0.667508 0.056654
vt 0.647010 0.028716
vt 0.283998 0.085063
vt 0.332492 0.056654
vt 0.332169 0.090156
vt 0.286787 0.053480
vt 0.289193 0.019777
vt 0.352990 0.028716
vt 0.642878 0.056331
vt 0.636069 0.029089
vt 0.641743 0.082147
vt 0.357122 0.056331
vt 0.358257 0.082147
vt 0.363931 0.029089
vt 0.628798 0.103320
vt 0.641534 0.112481
vt 0.619573 0.131868
vt 0.358467 0.112481
vt 0.371202 0.103320
vt 0.934704 0.168068
vt 0.955003 0.109236
vt 0.987633 0.154243
vt 0.896128 0.177540
vt 0.915197 0.129091
vt 0.881994 0.144724
vt 0.118006 0.144724
vt 0.103873 0.177540
vt 0.084803 0.129091
vt 0.065297 0.168068
vt 0.044997 0.109236
vt 0.077626 0.064228
vt 0.868892 0.382737
vt 0.929385 0.389136
vt 0.899807 0.420886
vt 0.845385 0.349477
vt 0.896250 0.358417
vt 0.869249 0.330320
vt 0.918638 0.329726
vt 0.958963 0.357385
vt 0.130751 0.330319
vt 0.081362 0.329726
vt 0.112750 0.308014
vt 0.154615 0.349477
vt 0.103750 0.358417
vt 0.131108 0.382737
vt 0.070615 0.389136
vt 0.041037 0.357385
vt 0.935976 0.294352
vt 0.979411 0.305458
vt 0.887250 0.308014
vt 0.907259 0.251051
vt 0.946139 0.254228
vt 0.999860 0.253531
vt 0.092741 0.251051
vt 0.064024 0.294352
vt 0.053861 0.254228
vt 0.099415 0.282038
vt 0.020589 0.305458
vt 0.000140 0.253531
vt 0.945040 0.211094
vt 0.993747 0.203887
vt 0.905311 0.214719
vt 0.094689 0.214719
vt 0.054960 0.211094
vt 0.006254 0.203887
vt 0.012367 0.154243
vt 0.768808 0.324647
vt 0.783151 0.300070
vt 0.793845 0.314302
vt 0.760321 0.309994
vt 0.774786 0.284586
vt 0.794728 0.273645
vt 0.806104 0.288188
vt 0.819032 0.301906
vt 0.205272 0.273645
vt 0.216849 0.300070
vt 0.193896 0.288188
vt 0.225214 0.284586
vt 0.239679 0.309994
vt 0.231192 0.324647
vt 0.206155 0.314302
vt 0.180968 0.301906
vt 0.824058 0.274889
vt 0.838248 0.287622
vt 0.810902 0.261307
vt 0.822856 0.248111
vt 0.836824 0.260438
vt 0.851701 0.271726
vt 0.177144 0.248111
vt 0.175943 0.274889
vt 0.163176 0.260438
vt 0.189098 0.261307
vt 0.161752 0.287622
vt 0.148299 0.271726
vt 0.860550 0.254189
vt 0.845020 0.244939
vt 0.830972 0.234937
vt 0.847283 0.227859
vt 0.863440 0.233646
vt 0.169028 0.234937
vt 0.152717 0.227859
vt 0.164416 0.224788
vt 0.154980 0.244939
vt 0.139450 0.254189
vt 0.136560 0.233646
vt 0.813499 0.190705
vt 0.842088 0.208196
vt 0.827882 0.210681
vt 0.850889 0.184430
vt 0.833095 0.188120
vt 0.859324 0.209358
vt 0.835584 0.224788
vt 0.140676 0.209358
vt 0.149111 0.184430
vt 0.157912 0.208196
vt 0.186501 0.190705
vt 0.172118 0.210681
vt 0.878484 0.212918
vt 0.869955 0.181958
vt 0.881569 0.242801
vt 0.121516 0.212918
vt 0.118431 0.242801
vt 0.130045 0.181958
vt 0.877160 0.267497
vt 0.900585 0.282038
vt 0.866656 0.287999
vt 0.122840 0.267497
vt 0.133344 0.287999
vt 0.851578 0.306157
vt 0.830477 0.322131
vt 0.148422 0.306157
vt 0.169523 0.322131
vt 0.803049 0.335669
vt 0.815668 0.365563
vt 0.776546 0.346552
vt 0.196951 0.335669
vt 0.223454 0.346552
vt 0.184332 0.365563
vt 0.807215 0.417917
vt 0.862286 0.445937
vt 0.824765 0.470987
vt 0.788124 0.377676
vt 0.836604 0.403237
vt 0.211876 0.377676
vt 0.163396 0.403237
vt 0.192785 0.417917
vt 0.137714 0.445937
vt 0.100193 0.420886
vt 0.754852 0.241289
vt 0.772561 0.260839
vt 0.754818 0.268633
vt 0.771354 0.234581
vt 0.788532 0.251830
vt 0.754593 0.293715
vt 0.227439 0.260839
vt 0.211468 0.251830
vt 0.228646 0.234581
vt 0.245149 0.241289
vt 0.245182 0.268633
vt 0.245407 0.293715
vt 0.785607 0.225047
vt 0.801747 0.241119
vt 0.797150 0.219961
vt 0.811700 0.228910
vt 0.198253 0.241119
vt 0.188300 0.228910
vt 0.202850 0.219961
vt 0.214393 0.225047
vt 0.808224 0.197060
vt 0.819264 0.218244
vt 0.802950 0.203415
vt 0.180736 0.218244
vt 0.191776 0.197060
vt 0.197050 0.203415
vt 0.683203 0.117875
vt 0.667831 0.090156
vt 0.761146 0.084697
vt 0.722712 0.112662
vt 0.762807 0.110868
vt 0.732201 0.137843
vt 0.690101 0.148314
vt 0.237193 0.110868
vt 0.267802 0.137845
vt 0.232904 0.133044
vt 0.277289 0.112663
vt 0.316800 0.117877
vt 0.309929 0.148329
vt 0.717467 0.174038
vt 0.759655 0.177851
vt 0.740883 0.196038
vt 0.745836 0.160824
vt 0.772483 0.153402
vt 0.780113 0.169386
vt 0.227517 0.153402
vt 0.282562 0.174053
vt 0.254167 0.160826
vt 0.240346 0.177851
vt 0.219887 0.169386
vt 0.649961 0.141110
vt 0.656670 0.123219
vt 0.350064 0.141122
vt 0.343334 0.123221
vt 0.808644 0.180943
vt 0.813087 0.158813
vt 0.824462 0.171350
vt 0.840739 0.162092
vt 0.186913 0.158813
vt 0.159261 0.162092
vt 0.174216 0.140699
vt 0.191356 0.180943
vt 0.175538 0.171350
vt 0.166905 0.188120
vt 0.858660 0.154629
vt 0.846783 0.132955
vt 0.153217 0.132955
vt 0.141340 0.154629
vt 0.791951 0.170283
vt 0.767097 0.133044
vt 0.795122 0.153023
vt 0.797272 0.134276
vt 0.803789 0.171181
vt 0.202728 0.134276
vt 0.204878 0.153023
vt 0.208049 0.170283
vt 0.196211 0.171181
vt 0.796426 0.113704
vt 0.822278 0.117915
vt 0.177722 0.117915
vt 0.203574 0.113704
vt 0.838413 0.119035
vt 0.825784 0.140699
vt 0.161587 0.119035
vt 0.519572 0.959188
vt 0.561802 0.915652
vt 0.574628 0.959188
vt 0.464516 0.959188
vt 0.516045 0.922936
vt 0.474551 0.920758
vt 0.511865 0.891435
vt 0.546486 0.884398
vt 0.275675 0.920758
vt 0.238361 0.891435
vt 0.271829 0.891177
vt 0.285710 0.959188
vt 0.234181 0.922936
vt 0.230654 0.959188
vt 0.188424 0.915652
vt 0.203740 0.884398
vt 0.609269 0.895978
vt 0.645261 0.928128
vt 0.579383 0.869204
vt 0.602918 0.845870
vt 0.644486 0.864912
vt 0.715894 0.897069
vt 0.147308 0.845870
vt 0.140958 0.895978
vt 0.105740 0.864912
vt 0.170843 0.869204
vt 0.175598 0.959188
vt 0.104965 0.928128
vt 0.034332 0.897069
vt 0.651095 0.821545
vt 0.699884 0.827040
vt 0.610634 0.815930
vt 0.640167 0.779387
vt 0.683874 0.757011
vt 0.139592 0.815930
vt 0.110059 0.779387
vt 0.144664 0.786110
vt 0.099131 0.821545
vt 0.050342 0.827040
vt 0.066352 0.757011
vt 0.642922 0.736745
vt 0.605563 0.786110
vt 0.619586 0.751802
vt 0.592711 0.762554
vt 0.596736 0.732188
vt 0.616494 0.718829
vt 0.157515 0.762554
vt 0.153490 0.732188
vt 0.174717 0.743899
vt 0.130640 0.751802
vt 0.107304 0.736745
vt 0.133732 0.718829
vt 0.592767 0.700818
vt 0.575509 0.743899
vt 0.574099 0.714494
vt 0.535174 0.712262
vt 0.550439 0.697425
vt 0.568762 0.682226
vt 0.215052 0.712262
vt 0.176127 0.714494
vt 0.199788 0.697425
vt 0.193862 0.727394
vt 0.157460 0.700818
vt 0.181464 0.682226
vt 0.542017 0.662681
vt 0.511127 0.698351
vt 0.523844 0.680612
vt 0.483059 0.686046
vt 0.492106 0.663910
vt 0.509951 0.641511
vt 0.267167 0.686046
vt 0.226383 0.680612
vt 0.258121 0.663910
vt 0.239099 0.698351
vt 0.208209 0.662681
vt 0.240275 0.641510
vt 0.502570 0.713953
vt 0.523035 0.725478
vt 0.496558 0.727138
vt 0.478437 0.719479
vt 0.479512 0.704615
vt 0.271789 0.719479
vt 0.247656 0.713953
vt 0.270714 0.704615
vt 0.253668 0.727138
vt 0.227191 0.725478
vt 0.541105 0.738607
vt 0.556364 0.727394
vt 0.556793 0.753282
vt 0.528405 0.748145
vt 0.513367 0.736876
vt 0.236859 0.736876
vt 0.209121 0.738607
vt 0.221821 0.748145
vt 0.193433 0.753282
vt 0.578305 0.788819
vt 0.557492 0.789842
vt 0.569742 0.769732
vt 0.551327 0.774608
vt 0.198899 0.774608
vt 0.208980 0.760746
vt 0.192734 0.789842
vt 0.180484 0.769732
vt 0.171921 0.788819
vt 0.573835 0.831938
vt 0.553278 0.821575
vt 0.580442 0.810681
vt 0.558490 0.806171
vt 0.191736 0.806171
vt 0.196948 0.821575
vt 0.169784 0.810681
vt 0.176391 0.831938
vt 0.534023 0.860442
vt 0.524733 0.842213
vt 0.557245 0.848936
vt 0.541426 0.833901
vt 0.208800 0.833901
vt 0.225493 0.842213
vt 0.192981 0.848936
vt 0.216203 0.860442
vt 0.508191 0.866036
vt 0.481859 0.866134
vt 0.485167 0.845417
vt 0.505421 0.846022
vt 0.265059 0.845417
vt 0.242035 0.866036
vt 0.244805 0.846022
vt 0.268367 0.866134
vt 0.763121 0.197064
vt 0.783131 0.175256
vt 0.770348 0.184669
vt 0.777626 0.186156
vt 0.774208 0.194778
vt 0.216869 0.175256
vt 0.222374 0.186156
vt 0.213850 0.181127
vt 0.229652 0.184669
vt 0.236879 0.197064
vt 0.225792 0.194778
vt 0.469381 0.617758
vt 0.408881 0.630764
vt 0.408153 0.587507
vt 0.453411 0.647273
vt 0.450049 0.676375
vt 0.409610 0.674022
vt 0.300177 0.676375
vt 0.296815 0.647273
vt 0.280845 0.617758
vt 0.341344 0.630764
vt 0.340616 0.674022
vt 0.766024 0.213459
vt 0.748743 0.218952
vt 0.777530 0.207879
vt 0.233976 0.213459
vt 0.222470 0.207879
vt 0.251258 0.218952
vt 0.400301 0.910556
vt 0.439551 0.909525
vt 0.432409 0.934872
vt 0.407228 0.894437
vt 0.447072 0.885130
vt 0.478397 0.891177
vt 0.310675 0.909525
vt 0.303154 0.885130
vt 0.342998 0.894437
vt 0.349925 0.910556
vt 0.317818 0.934872
vt 0.454406 0.698551
vt 0.460003 0.714724
vt 0.444369 0.714480
vt 0.432071 0.698602
vt 0.305857 0.714480
vt 0.295820 0.698551
vt 0.318155 0.698602
vt 0.290223 0.714724
vt 0.415721 0.720660
vt 0.434438 0.719796
vt 0.430148 0.728711
vt 0.392812 0.710774
vt 0.419682 0.707193
vt 0.401211 0.692398
vt 0.349015 0.692398
vt 0.357414 0.710774
vt 0.330544 0.707194
vt 0.334505 0.720660
vt 0.315788 0.719796
vt 0.423608 0.756432
vt 0.420204 0.736114
vt 0.427559 0.748080
vt 0.411463 0.743520
vt 0.430302 0.738481
vt 0.431951 0.745678
vt 0.320078 0.728711
vt 0.330022 0.736114
vt 0.319924 0.738481
vt 0.338763 0.743520
vt 0.326618 0.756432
vt 0.322667 0.748080
vt 0.318275 0.745678
vt 0.412294 0.802298
vt 0.423542 0.773857
vt 0.427743 0.795436
vt 0.392195 0.762980
vt 0.409195 0.769765
vt 0.358031 0.762980
vt 0.337932 0.802298
vt 0.341031 0.769765
vt 0.326684 0.773857
vt 0.402866 0.846753
vt 0.435134 0.849876
vt 0.414155 0.878318
vt 0.391578 0.815187
vt 0.420886 0.829514
vt 0.436040 0.815125
vt 0.448675 0.830507
vt 0.314186 0.815125
vt 0.322483 0.795436
vt 0.358648 0.815187
vt 0.329340 0.829514
vt 0.347360 0.846753
vt 0.315092 0.849876
vt 0.301551 0.830507
vt 0.456683 0.861151
vt 0.465599 0.840461
vt 0.293543 0.861151
vt 0.284627 0.840461
vt 0.336071 0.878318
vt 0.797593 0.206598
vt 0.791773 0.206854
vt 0.800145 0.197705
vt 0.802580 0.199758
vt 0.802765 0.201587
vt 0.197420 0.199758
vt 0.202407 0.206598
vt 0.197235 0.201586
vt 0.199855 0.197705
vt 0.208228 0.206854
vt 0.786094 0.199471
vt 0.782492 0.190815
vt 0.793660 0.190161
vt 0.797710 0.195652
vt 0.217508 0.190815
vt 0.206340 0.190161
vt 0.210391 0.184671
vt 0.213906 0.199471
vt 0.202290 0.195652
vt 0.786150 0.181127
vt 0.782271 0.186127
vt 0.787879 0.182899
vt 0.789609 0.184671
vt 0.212121 0.182899
vt 0.217730 0.186127
vt 0.472511 0.824106
vt 0.487963 0.828981
vt 0.458652 0.815659
vt 0.466180 0.803889
vt 0.477937 0.811208
vt 0.490554 0.816033
vt 0.284046 0.803889
vt 0.277715 0.824106
vt 0.272289 0.811208
vt 0.291574 0.815659
vt 0.262263 0.828981
vt 0.259672 0.816033
vt 0.439422 0.789579
vt 0.447530 0.803765
vt 0.456118 0.794388
vt 0.310804 0.789579
vt 0.294108 0.794388
vt 0.302138 0.783689
vt 0.302697 0.803765
vt 0.434430 0.774884
vt 0.432908 0.762868
vt 0.438903 0.765722
vt 0.442266 0.773174
vt 0.448088 0.783689
vt 0.311323 0.765722
vt 0.315796 0.774883
vt 0.307960 0.773174
vt 0.317318 0.762868
vt 0.434934 0.755645
vt 0.437813 0.750373
vt 0.441639 0.761612
vt 0.312413 0.750373
vt 0.308587 0.761611
vt 0.305346 0.756293
vt 0.315292 0.755645
vt 0.439277 0.743779
vt 0.450156 0.743396
vt 0.447517 0.750025
vt 0.444880 0.756293
vt 0.300070 0.743396
vt 0.310949 0.743779
vt 0.302709 0.750025
vt 0.309190 0.736364
vt 0.445033 0.729698
vt 0.441036 0.736364
vt 0.452267 0.725888
vt 0.456628 0.732950
vt 0.453480 0.737248
vt 0.293598 0.732950
vt 0.305193 0.729698
vt 0.296746 0.737248
vt 0.297959 0.725889
vt 0.463534 0.726810
vt 0.477300 0.731314
vt 0.464370 0.735905
vt 0.272926 0.731314
vt 0.285856 0.735905
vt 0.274973 0.740887
vt 0.286692 0.726810
vt 0.503644 0.830386
vt 0.518173 0.828287
vt 0.503021 0.818250
vt 0.514138 0.817861
vt 0.246582 0.830386
vt 0.247205 0.818250
vt 0.232053 0.828287
vt 0.236088 0.817861
vt 0.530198 0.822686
vt 0.538533 0.813905
vt 0.522718 0.814756
vt 0.528105 0.808602
vt 0.220028 0.822686
vt 0.227508 0.814756
vt 0.211693 0.813905
vt 0.222121 0.808602
vt 0.542359 0.802666
vt 0.541688 0.790371
vt 0.530589 0.800274
vt 0.529884 0.790937
vt 0.207867 0.802666
vt 0.219637 0.800274
vt 0.208538 0.790370
vt 0.220342 0.790937
vt 0.528652 0.766937
vt 0.541246 0.760746
vt 0.536851 0.778343
vt 0.525704 0.781560
vt 0.518616 0.772368
vt 0.213375 0.778343
vt 0.224522 0.781560
vt 0.221574 0.766937
vt 0.231610 0.772368
vt 0.505399 0.746589
vt 0.517955 0.756285
vt 0.509370 0.763442
vt 0.498612 0.755016
vt 0.240856 0.763442
vt 0.232271 0.756285
vt 0.244827 0.746589
vt 0.251614 0.755016
vt 0.491597 0.738115
vt 0.486986 0.747379
vt 0.475253 0.740887
vt 0.263240 0.747379
vt 0.258629 0.738115
vt 0.452087 0.763081
vt 0.459045 0.749893
vt 0.455685 0.756610
vt 0.468180 0.756304
vt 0.464135 0.763449
vt 0.459747 0.770475
vt 0.282046 0.756304
vt 0.294541 0.756610
vt 0.286091 0.763449
vt 0.291181 0.749893
vt 0.298139 0.763080
vt 0.290479 0.770475
vt 0.468227 0.778068
vt 0.477670 0.763032
vt 0.473058 0.770482
vt 0.487212 0.769934
vt 0.482260 0.777402
vt 0.477403 0.785326
vt 0.263014 0.769934
vt 0.277168 0.770482
vt 0.267966 0.777402
vt 0.272556 0.763032
vt 0.281999 0.778068
vt 0.272823 0.785326
vt 0.486979 0.791737
vt 0.491422 0.783852
vt 0.496379 0.776723
vt 0.500080 0.789536
vt 0.496472 0.797007
vt 0.253848 0.776723
vt 0.250146 0.789536
vt 0.245572 0.783088
vt 0.258804 0.783852
vt 0.263247 0.791737
vt 0.253754 0.797007
vt 0.505391 0.800947
vt 0.504655 0.783088
vt 0.507840 0.794163
vt 0.511487 0.788671
vt 0.514839 0.797336
vt 0.513407 0.803572
vt 0.238739 0.788671
vt 0.235387 0.797337
vt 0.234310 0.792605
vt 0.242386 0.794163
vt 0.244835 0.800947
vt 0.236819 0.803572
vt 0.503671 0.808749
vt 0.512591 0.810111
vt 0.493347 0.805634
vt 0.246555 0.808749
vt 0.256879 0.805634
vt 0.237635 0.810111
vt 0.472218 0.793997
vt 0.482612 0.800664
vt 0.267614 0.800664
vt 0.278008 0.793996
vt 0.462780 0.785958
vt 0.454615 0.777290
vt 0.287446 0.785958
vt 0.295611 0.777290
vt 0.447806 0.768861
vt 0.302420 0.768861
vt 0.462329 0.743171
vt 0.472052 0.748977
vt 0.278174 0.748977
vt 0.287897 0.743171
vt 0.482333 0.755496
vt 0.492608 0.762628
vt 0.267893 0.755496
vt 0.257618 0.762628
vt 0.510721 0.777545
vt 0.502268 0.770080
vt 0.247958 0.770081
vt 0.239505 0.777545
vt 0.521280 0.791790
vt 0.515916 0.792605
vt 0.517340 0.784766
vt 0.232886 0.784766
vt 0.228946 0.791790
vt 0.521914 0.798867
vt 0.520518 0.805432
vt 0.228313 0.798867
vt 0.229708 0.805432
vt 0.518623 0.810120
vt 0.231603 0.810120
vt 0.566273 0.646693
vt 0.589878 0.668123
vt 0.538478 0.622491
vt 0.573626 0.608689
vt 0.594854 0.633867
vt 0.613430 0.656303
vt 0.176600 0.608689
vt 0.183953 0.646693
vt 0.155372 0.633867
vt 0.211748 0.622491
vt 0.160348 0.668123
vt 0.136796 0.656303
vt 0.611015 0.687599
vt 0.631455 0.705072
vt 0.629727 0.676448
vt 0.644209 0.693364
vt 0.139211 0.687599
vt 0.120499 0.676448
vt 0.118771 0.705072
vt 0.106017 0.693364
vt 0.673244 0.724813
vt 0.652619 0.719468
vt 0.657429 0.705559
vt 0.668306 0.711200
vt 0.097607 0.719468
vt 0.092797 0.705559
vt 0.076982 0.724813
vt 0.081920 0.711200
vt 0.705503 0.727743
vt 0.697858 0.689895
vt 0.727131 0.698475
vt 0.688457 0.712496
vt 0.673880 0.702051
vt 0.676134 0.685740
vt 0.076346 0.702051
vt 0.061769 0.712496
vt 0.044724 0.727743
vt 0.052368 0.689895
vt 0.074092 0.685740
vt 0.728467 0.661422
vt 0.697046 0.633912
vt 0.729804 0.624370
vt 0.699766 0.662313
vt 0.673443 0.664330
vt 0.666976 0.640519
vt 0.076783 0.664330
vt 0.023095 0.698475
vt 0.050460 0.662314
vt 0.021759 0.661422
vt 0.053180 0.633911
vt 0.083250 0.640519
vt 0.725548 0.598652
vt 0.685094 0.585386
vt 0.721292 0.572934
vt 0.691519 0.608294
vt 0.658096 0.616815
vt 0.648021 0.594018
vt 0.058707 0.608294
vt 0.092130 0.616815
vt 0.020422 0.624370
vt 0.024678 0.598652
vt 0.065132 0.585385
vt 0.102205 0.594018
vt 0.639121 0.647453
vt 0.625722 0.624589
vt 0.610651 0.600456
vt 0.139575 0.600456
vt 0.124504 0.624589
vt 0.111105 0.647453
vt 0.650242 0.668729
vt 0.658459 0.686389
vt 0.099984 0.668729
vt 0.091767 0.686389
vt 0.663087 0.697564
vt 0.087139 0.697565
vt 0.673872 0.547863
vt 0.637955 0.572856
vt 0.630034 0.557583
vt 0.719501 0.555538
vt 0.679221 0.565658
vt 0.030726 0.555539
vt 0.028934 0.572934
vt 0.076355 0.547863
vt 0.071005 0.565658
vt 0.112271 0.572856
vt 0.594605 0.574978
vt 0.578456 0.548409
vt 0.549921 0.579473
vt 0.526877 0.539235
vt 0.155621 0.574978
vt 0.200305 0.579473
vt 0.120192 0.557583
vt 0.171770 0.548409
vt 0.223349 0.539235
vt 0.505198 0.594610
vt 0.467515 0.563371
vt 0.282711 0.563371
vt 0.245028 0.594610
vt 0.342073 0.587507
vt 0.511326 0.071286
vt 0.507485 0.066401
vt 0.513889 0.068155
vt 0.506030 0.069935
vt 0.500000 0.065563
vt 0.500000 0.061724
vt 0.508749 0.062797
vt 0.516141 0.065008
vt 0.493970 0.069935
vt 0.500000 0.069329
vt 0.488674 0.071286
vt 0.492515 0.066401
vt 0.486111 0.068155
vt 0.491251 0.062797
vt 0.518149 0.075397
vt 0.518417 0.069998
vt 0.521424 0.072354
vt 0.515325 0.072930
vt 0.521188 0.067191
vt 0.524361 0.069566
vt 0.484675 0.072930
vt 0.481851 0.075397
vt 0.481583 0.069998
vt 0.478576 0.072354
vt 0.478812 0.067191
vt 0.483859 0.065008
vt 0.520108 0.079196
vt 0.525284 0.080224
vt 0.521584 0.083760
vt 0.523532 0.075793
vt 0.526506 0.072663
vt 0.528497 0.076869
vt 0.476468 0.075793
vt 0.479892 0.079196
vt 0.474716 0.080224
vt 0.471503 0.076869
vt 0.473494 0.072663
vt 0.475639 0.069566
vt 0.522982 0.088965
vt 0.529780 0.095051
vt 0.524735 0.097534
vt 0.527200 0.085892
vt 0.531131 0.082828
vt 0.534867 0.092361
vt 0.478416 0.083760
vt 0.472800 0.085892
vt 0.477018 0.088965
vt 0.470220 0.095051
vt 0.465133 0.092361
vt 0.468869 0.082828
vt 0.527079 0.111621
vt 0.536711 0.125682
vt 0.529449 0.128249
vt 0.533245 0.109309
vt 0.539784 0.106566
vt 0.544768 0.122495
vt 0.475265 0.097534
vt 0.466755 0.109309
vt 0.472921 0.111621
vt 0.463289 0.125682
vt 0.455232 0.122495
vt 0.460216 0.106566
vt 0.593596 0.242989
vt 0.572016 0.224459
vt 0.598237 0.235792
vt 0.567649 0.234113
vt 0.549816 0.210633
vt 0.561180 0.201275
vt 0.580868 0.215279
vt 0.605180 0.227882
vt 0.432351 0.234113
vt 0.450184 0.210633
vt 0.463078 0.221905
vt 0.406404 0.242989
vt 0.427984 0.224459
vt 0.401763 0.235792
vt 0.419132 0.215279
vt 0.438820 0.201275
vt 0.626852 0.261678
vt 0.618786 0.246640
vt 0.633830 0.257826
vt 0.612910 0.251961
vt 0.625021 0.240160
vt 0.640437 0.252683
vt 0.387090 0.251961
vt 0.373148 0.261678
vt 0.381214 0.246640
vt 0.366170 0.257826
vt 0.374979 0.240160
vt 0.394820 0.227882
vt 0.644736 0.283842
vt 0.645266 0.269835
vt 0.653013 0.282827
vt 0.637465 0.272377
vt 0.653088 0.265927
vt 0.661944 0.280505
vt 0.362535 0.272377
vt 0.355264 0.283842
vt 0.354734 0.269835
vt 0.346987 0.282827
vt 0.346912 0.265927
vt 0.359563 0.252683
vt 0.648295 0.305551
vt 0.656667 0.296398
vt 0.656518 0.308217
vt 0.648281 0.295469
vt 0.665776 0.296321
vt 0.665235 0.310308
vt 0.351719 0.295469
vt 0.351706 0.305551
vt 0.343333 0.296398
vt 0.343482 0.308216
vt 0.334224 0.296321
vt 0.338056 0.280505
vt 0.644920 0.313027
vt 0.644696 0.325092
vt 0.637539 0.320509
vt 0.652784 0.316688
vt 0.661054 0.320168
vt 0.652398 0.329649
vt 0.355080 0.313027
vt 0.355304 0.325092
vt 0.347216 0.316688
vt 0.347602 0.329649
vt 0.338946 0.320168
vt 0.334765 0.310308
vt 0.613629 0.341145
vt 0.632078 0.336592
vt 0.618119 0.349006
vt 0.626104 0.330469
vt 0.638904 0.342479
vt 0.623659 0.356253
vt 0.362461 0.320509
vt 0.367922 0.336592
vt 0.386372 0.341145
vt 0.373897 0.330469
vt 0.376341 0.356253
vt 0.361096 0.342478
vt 0.594202 0.356203
vt 0.606042 0.359289
vt 0.595847 0.366269
vt 0.603084 0.350070
vt 0.609917 0.367578
vt 0.598151 0.375227
vt 0.396917 0.350070
vt 0.381881 0.349006
vt 0.405798 0.356202
vt 0.393958 0.359289
vt 0.404153 0.366269
vt 0.390083 0.367578
vt 0.585748 0.358928
vt 0.575198 0.368160
vt 0.575848 0.357918
vt 0.586394 0.369323
vt 0.587564 0.378637
vt 0.575060 0.377721
vt 0.414252 0.358928
vt 0.424802 0.368160
vt 0.413606 0.369323
vt 0.424940 0.377721
vt 0.412436 0.378637
vt 0.401849 0.375227
vt 0.562840 0.353232
vt 0.541853 0.355946
vt 0.546557 0.346198
vt 0.560132 0.363021
vt 0.558088 0.372971
vt 0.538595 0.366713
vt 0.424152 0.357918
vt 0.439851 0.363021
vt 0.437137 0.353232
vt 0.458010 0.355946
vt 0.461358 0.366713
vt 0.441906 0.372971
vt 0.526936 0.338133
vt 0.499712 0.346045
vt 0.499532 0.327988
vt 0.521505 0.349355
vt 0.519095 0.361564
vt 0.499905 0.359455
vt 0.453253 0.346198
vt 0.478094 0.349355
vt 0.472489 0.338133
vt 0.480768 0.361564
vt 0.554099 0.185465
vt 0.542587 0.176770
vt 0.554002 0.170636
vt 0.542443 0.193112
vt 0.533889 0.196903
vt 0.534486 0.180535
vt 0.457557 0.193112
vt 0.445901 0.185465
vt 0.457413 0.176770
vt 0.465514 0.180535
vt 0.466111 0.196903
vt 0.553476 0.159204
vt 0.541112 0.153455
vt 0.551545 0.148892
vt 0.542409 0.164429
vt 0.534071 0.168332
vt 0.532758 0.157084
vt 0.445998 0.170636
vt 0.457591 0.164429
vt 0.446524 0.159203
vt 0.458888 0.153455
vt 0.467242 0.157084
vt 0.465930 0.168332
vt 0.548687 0.136836
vt 0.539284 0.140690
vt 0.531275 0.143785
vt 0.448455 0.148892
vt 0.460716 0.140690
vt 0.451313 0.136836
vt 0.470551 0.128249
vt 0.468725 0.143785
vt 0.499988 0.372522
vt 0.500000 0.388133
vt 0.482369 0.374051
vt 0.483230 0.389132
vt 0.463554 0.377960
vt 0.516770 0.389132
vt 0.536440 0.377960
vt 0.534881 0.391310
vt 0.517614 0.374051
vt 0.473454 0.319869
vt 0.461407 0.330157
vt 0.447122 0.338185
vt 0.552741 0.338185
vt 0.538193 0.330157
vt 0.525970 0.319869
vt 0.499712 0.309129
vt 0.477863 0.307375
vt 0.521737 0.307375
vt 0.622681 0.210169
vt 0.631680 0.232649
vt 0.613915 0.218564
vt 0.638281 0.225601
vt 0.646896 0.246572
vt 0.592853 0.204121
vt 0.575561 0.189583
vt 0.605242 0.194066
vt 0.591220 0.250599
vt 0.607327 0.256521
vt 0.619489 0.264411
vt 0.570219 0.247044
vt 0.549580 0.247311
vt 0.429782 0.247044
vt 0.408780 0.250599
vt 0.450420 0.247311
vt 0.407150 0.204130
vt 0.386091 0.218577
vt 0.394783 0.194131
vt 0.424441 0.189586
vt 0.368323 0.232659
vt 0.353106 0.246575
vt 0.361749 0.225678
vt 0.377359 0.210271
vt 0.380511 0.264411
vt 0.392673 0.256521
vt 0.653309 0.240493
vt 0.661137 0.260846
vt 0.668815 0.255604
vt 0.671623 0.276845
vt 0.629481 0.273821
vt 0.636756 0.283988
vt 0.338863 0.260847
vt 0.328377 0.276845
vt 0.331186 0.255608
vt 0.346701 0.240520
vt 0.363244 0.283988
vt 0.370519 0.273822
vt 0.685001 0.293210
vt 0.680704 0.272881
vt 0.683360 0.312048
vt 0.675525 0.295055
vt 0.674180 0.311559
vt 0.640448 0.294007
vt 0.640728 0.302732
vt 0.325820 0.311559
vt 0.316640 0.312048
vt 0.324475 0.295055
vt 0.314999 0.293210
vt 0.359272 0.302732
vt 0.359552 0.294007
vt 0.366680 0.300439
vt 0.678113 0.325517
vt 0.668669 0.337807
vt 0.669337 0.323151
vt 0.660228 0.333865
vt 0.637845 0.309559
vt 0.631334 0.316273
vt 0.339773 0.333865
vt 0.331331 0.337808
vt 0.330663 0.323151
vt 0.321887 0.325517
vt 0.362155 0.309560
vt 0.368666 0.316273
vt 0.654437 0.353399
vt 0.637732 0.369852
vt 0.646267 0.347906
vt 0.630129 0.362893
vt 0.621217 0.324520
vt 0.610207 0.333016
vt 0.369871 0.362893
vt 0.362268 0.369852
vt 0.353733 0.347906
vt 0.345563 0.353399
vt 0.389794 0.333016
vt 0.378783 0.324520
vt 0.621238 0.383544
vt 0.614809 0.375329
vt 0.600941 0.340013
vt 0.593090 0.344861
vt 0.385191 0.375330
vt 0.398660 0.383823
vt 0.378762 0.383544
vt 0.406910 0.344861
vt 0.399059 0.340013
vt 0.601340 0.383823
vt 0.589446 0.387725
vt 0.575569 0.387266
vt 0.576835 0.346913
vt 0.585517 0.347222
vt 0.424431 0.387266
vt 0.423460 0.398350
vt 0.410554 0.387725
vt 0.414483 0.347222
vt 0.423165 0.346913
vt 0.555660 0.395602
vt 0.556856 0.383242
vt 0.565892 0.343846
vt 0.465119 0.391310
vt 0.443143 0.383242
vt 0.444340 0.395602
vt 0.421847 0.336490
vt 0.434091 0.343846
vt 0.568693 0.175582
vt 0.567736 0.163271
vt 0.535770 0.254605
vt 0.520537 0.236646
vt 0.536922 0.221905
vt 0.513626 0.218733
vt 0.500000 0.223247
vt 0.524003 0.208329
vt 0.528734 0.194593
vt 0.529923 0.181524
vt 0.479462 0.236646
vt 0.449081 0.268433
vt 0.464230 0.254605
vt 0.486374 0.218733
vt 0.475997 0.208329
vt 0.471266 0.194593
vt 0.470077 0.181524
vt 0.431307 0.175582
vt 0.432264 0.163271
vt 0.416812 0.166555
vt 0.560043 0.132289
vt 0.554566 0.118654
vt 0.564011 0.143679
vt 0.547752 0.103350
vt 0.540989 0.089414
vt 0.520685 0.113724
vt 0.522300 0.130403
vt 0.519273 0.099977
vt 0.526177 0.159830
vt 0.524060 0.146224
vt 0.479315 0.113724
vt 0.480727 0.099977
vt 0.477700 0.130403
vt 0.452248 0.103350
vt 0.459012 0.089414
vt 0.445435 0.118654
vt 0.475940 0.146224
vt 0.473823 0.159830
vt 0.435989 0.143679
vt 0.439958 0.132289
vt 0.535658 0.079656
vt 0.531919 0.073526
vt 0.518124 0.092180
vt 0.517158 0.087600
vt 0.481876 0.092180
vt 0.482842 0.087600
vt 0.464342 0.079656
vt 0.468081 0.073526
vt 0.529424 0.069693
vt 0.527019 0.067066
vt 0.516255 0.082831
vt 0.514752 0.078486
vt 0.485248 0.078486
vt 0.483745 0.082831
vt 0.472981 0.067066
vt 0.470577 0.069693
vt 0.523442 0.064738
vt 0.517787 0.062283
vt 0.512319 0.075584
vt 0.508934 0.073765
vt 0.487681 0.075584
vt 0.491066 0.073765
vt 0.490117 0.077646
vt 0.482213 0.062283
vt 0.476558 0.064738
vt 0.509617 0.059738
vt 0.500000 0.058503
vt 0.500000 0.054223
vt 0.504698 0.072518
vt 0.500000 0.072025
vt 0.495302 0.072518
vt 0.490383 0.059738
vt 0.528665 0.170729
vt 0.566575 0.153285
vt 0.471335 0.170729
vt 0.433425 0.153285
vt 0.531617 0.428268
vt 0.536904 0.420645
vt 0.535897 0.427942
vt 0.527337 0.428594
vt 0.528632 0.425123
vt 0.523622 0.428615
vt 0.524021 0.420172
vt 0.531148 0.415872
vt 0.472663 0.428594
vt 0.471369 0.425123
vt 0.476378 0.428615
vt 0.468383 0.428268
vt 0.463096 0.420645
vt 0.468852 0.415872
vt 0.475979 0.420172
vt 0.480094 0.428636
vt 0.644592 0.200826
vt 0.639552 0.184491
vt 0.653285 0.191404
vt 0.637707 0.204102
vt 0.636474 0.193705
vt 0.629766 0.194276
vt 0.629696 0.186518
vt 0.631558 0.181626
vt 0.362501 0.204550
vt 0.363702 0.193975
vt 0.370384 0.194598
vt 0.355651 0.201199
vt 0.360601 0.184633
vt 0.370373 0.186623
vt 0.373812 0.187895
vt 0.746558 0.360731
vt 0.729988 0.342510
vt 0.737689 0.338860
vt 0.759638 0.390038
vt 0.739040 0.365135
vt 0.751492 0.393869
vt 0.733171 0.368204
vt 0.725076 0.341001
vt 0.240362 0.390038
vt 0.260960 0.365135
vt 0.248508 0.393869
vt 0.253442 0.360731
vt 0.270012 0.342510
vt 0.274924 0.341001
vt 0.266829 0.368204
vt 0.258733 0.395407
vt 0.730405 0.322746
vt 0.715214 0.309458
vt 0.724759 0.305766
vt 0.722025 0.326135
vt 0.715585 0.328513
vt 0.706094 0.316025
vt 0.262311 0.338861
vt 0.277975 0.326135
vt 0.269595 0.322746
vt 0.284786 0.309458
vt 0.293906 0.316025
vt 0.284415 0.328513
vt 0.720624 0.282572
vt 0.702059 0.263235
vt 0.714470 0.257868
vt 0.709660 0.286882
vt 0.701516 0.289830
vt 0.694489 0.266644
vt 0.275241 0.305766
vt 0.290340 0.286882
vt 0.279376 0.282572
vt 0.297941 0.263235
vt 0.305511 0.266644
vt 0.298484 0.289830
vt 0.687469 0.219790
vt 0.689679 0.243261
vt 0.674035 0.226532
vt 0.703027 0.237244
vt 0.682031 0.247270
vt 0.666331 0.230964
vt 0.296980 0.237250
vt 0.285530 0.257868
vt 0.312585 0.219840
vt 0.310328 0.243273
vt 0.326026 0.226625
vt 0.317975 0.247285
vt 0.657855 0.211989
vt 0.670096 0.203867
vt 0.650622 0.216511
vt 0.330058 0.204008
vt 0.346927 0.191599
vt 0.342320 0.212257
vt 0.349529 0.216836
vt 0.333721 0.231078
vt 0.769798 0.428340
vt 0.778782 0.426204
vt 0.791382 0.465295
vt 0.780852 0.463997
vt 0.759778 0.431640
vt 0.741267 0.395407
vt 0.221218 0.426204
vt 0.208618 0.465295
vt 0.198088 0.466593
vt 0.230202 0.428340
vt 0.240222 0.431640
vt 0.219148 0.463997
vt 0.552824 0.412283
vt 0.533206 0.406585
vt 0.560257 0.428289
vt 0.500000 0.407930
vt 0.516558 0.409591
vt 0.509953 0.428636
vt 0.519906 0.428636
vt 0.500000 0.428636
vt 0.761517 0.462770
vt 0.742181 0.461543
vt 0.747652 0.438566
vt 0.726855 0.432574
vt 0.734061 0.413991
vt 0.801912 0.466593
vt 0.788927 0.423276
vt 0.803911 0.458024
vt 0.770279 0.385250
vt 0.794464 0.481505
vt 0.810202 0.480489
vt 0.795638 0.489991
vt 0.793290 0.473019
vt 0.802939 0.474083
vt 0.797601 0.469806
vt 0.196089 0.458024
vt 0.189799 0.480489
vt 0.175235 0.470987
vt 0.202399 0.469806
vt 0.197061 0.474083
vt 0.206710 0.473019
vt 0.205536 0.481505
vt 0.204362 0.489991
vt 0.490047 0.428636
vt 0.483442 0.409591
vt 0.466794 0.406585
vt 0.439743 0.428289
vt 0.447176 0.412282
vt 0.464103 0.427942
vt 0.273145 0.432574
vt 0.252348 0.438566
vt 0.265939 0.413991
vt 0.257819 0.461543
vt 0.265482 0.447059
vt 0.238484 0.462770
vt 0.211073 0.423276
vt 0.229721 0.385250
vt 0.646544 0.378268
vt 0.663726 0.359482
vt 0.678521 0.341291
vt 0.673896 0.365926
vt 0.655612 0.390403
vt 0.629549 0.393177
vt 0.638957 0.404146
vt 0.622301 0.417889
vt 0.758068 0.354723
vt 0.750085 0.332835
vt 0.344388 0.390403
vt 0.370451 0.393177
vt 0.361043 0.404146
vt 0.353456 0.378268
vt 0.321479 0.341291
vt 0.326104 0.365926
vt 0.307819 0.341450
vt 0.336274 0.359482
vt 0.249915 0.332835
vt 0.241932 0.354723
vt 0.688017 0.327277
vt 0.693117 0.312326
vt 0.699137 0.328737
vt 0.692181 0.341450
vt 0.742717 0.317502
vt 0.737704 0.300744
vt 0.306883 0.312326
vt 0.300863 0.328737
vt 0.311983 0.327277
vt 0.262296 0.300744
vt 0.257283 0.317502
vt 0.693473 0.291497
vt 0.688013 0.269588
vt 0.736487 0.276180
vt 0.733953 0.249716
vt 0.311987 0.269588
vt 0.319296 0.272881
vt 0.306527 0.291497
vt 0.266048 0.249716
vt 0.263514 0.276180
vt 0.659756 0.235349
vt 0.675596 0.251138
vt 0.724974 0.228072
vt 0.710359 0.209098
vt 0.324408 0.251148
vt 0.340276 0.235427
vt 0.259124 0.196042
vt 0.275030 0.228075
vt 0.289673 0.209118
vt 0.644440 0.220409
vt 0.630227 0.205407
vt 0.690724 0.190149
vt 0.667231 0.173690
vt 0.355650 0.220632
vt 0.369894 0.205708
vt 0.309368 0.190204
vt 0.332892 0.173764
vt 0.617197 0.179850
vt 0.626264 0.187733
vt 0.616382 0.188376
vt 0.619047 0.174934
vt 0.623969 0.169962
vt 0.638410 0.163454
vt 0.383691 0.188559
vt 0.382835 0.179927
vt 0.361665 0.163498
vt 0.376063 0.169983
vt 0.368519 0.181698
vt 0.380967 0.174956
vt 0.717709 0.538143
vt 0.032517 0.538143
vt 0.734518 0.447059
s 1
f 47/1/1 1681/2/2 566/3/3
f 567/4/4 568/5/5 1681/2/2
f 1681/2/2 3/6/6 569/7/7
f 566/3/3 569/7/7 45/8/8
f 4/9/9 1682/10/10 570/11/11
f 571/12/12 572/13/13 1682/10/10
f 1682/10/10 48/14/14 573/15/15
f 570/11/11 573/15/15 46/16/16
f 45/8/8 1683/17/17 574/18/18
f 569/7/7 575/19/19 1683/17/17
f 1683/17/17 5/20/20 576/21/21
f 574/18/18 576/21/21 43/22/22
f 6/23/23 1684/24/24 577/25/25
f 578/26/26 570/11/11 1684/24/24
f 1684/24/24 46/16/16 579/27/27
f 577/25/25 579/27/27 44/28/28
f 3/6/6 1685/29/29 575/19/19
f 580/30/30 581/31/31 1685/29/29
f 1685/29/29 7/32/32 582/33/33
f 575/19/19 582/33/33 5/20/20
f 8/34/34 1686/35/35 583/36/36
f 584/37/37 585/38/38 1686/35/35
f 1686/35/35 4/9/9 578/26/26
f 583/36/36 578/26/26 6/23/23
f 1/39/39 1687/40/40 568/5/5
f 586/41/41 587/42/42 1687/40/40
f 1687/40/40 9/43/43 580/30/30
f 568/5/5 580/30/30 3/6/6
f 10/44/44 1688/45/45 585/38/38
f 588/46/46 589/47/47 1688/45/45
f 1688/45/45 2/48/48 571/12/12
f 585/38/38 571/12/12 4/9/9
f 11/49/49 1689/50/50 587/42/42
f 590/51/51 591/52/52 1689/50/50
f 1689/50/50 15/53/53 592/54/54
f 587/42/42 592/54/54 9/43/43
f 16/55/55 1690/56/56 593/57/57
f 594/58/58 595/59/59 1690/56/56
f 1690/56/56 12/60/60 588/46/46
f 593/57/57 588/46/46 10/44/44
f 9/43/43 1691/61/61 581/31/31
f 592/54/54 596/62/62 1691/61/61
f 1691/61/61 17/63/63 597/64/64
f 581/31/31 597/64/64 7/32/32
f 18/65/65 1692/66/66 598/67/67
f 599/68/68 593/57/57 1692/66/66
f 1692/66/66 10/44/44 584/37/37
f 598/67/67 584/37/37 8/34/34
f 15/53/53 1693/69/69 596/62/62
f 600/70/70 601/71/71 1693/69/69
f 1693/69/69 19/72/72 602/73/73
f 596/62/62 602/73/73 17/63/63
f 604/74/74 603/75/75 20/76/76
f 22/77/77 1694/78/78 604/74/74
f 1694/78/78 16/55/55 599/68/68
f 603/75/75 599/68/68 18/65/65
f 606/79/79 591/52/52 13/80/80
f 23/81/81 1695/82/82 606/79/79
f 607/83/83 600/70/70 1695/82/82
f 1695/82/82 15/53/53 591/52/52
f 608/84/84 605/85/85 22/77/77
f 608/84/84 609/86/86 1696/87/87
f 1696/87/87 14/88/88 594/58/58
f 605/85/85 594/58/58 16/55/55
f 23/81/81 1697/89/89 607/83/83
f 25/90/90 1697/89/89 610/91/91
f 611/92/92 612/93/93 1697/89/89
f 607/83/83 612/93/93 21/94/94
f 614/95/95 613/96/96 28/97/97
f 26/98/98 1698/99/99 614/95/95
f 1698/99/99 24/100/100 608/84/84
f 613/96/96 608/84/84 22/77/77
f 612/93/93 601/71/71 21/94/94
f 27/101/101 1699/102/102 612/93/93
f 616/103/103 617/104/104 1699/102/102
f 1699/102/102 19/72/72 601/71/71
f 619/105/105 618/106/106 30/107/107
f 28/97/97 1700/108/108 619/105/105
f 613/96/96 604/74/74 1700/108/108
f 1700/108/108 20/76/76 618/106/106
f 620/109/109 616/103/103 27/101/101
f 33/110/110 1701/111/111 620/109/109
f 621/112/112 622/113/113 1701/111/111
f 1701/111/111 29/114/114 616/103/103
f 624/115/115 623/116/116 32/117/117
f 34/118/118 1702/119/119 624/115/115
f 625/120/120 619/105/105 1702/119/119
f 1702/119/119 30/107/107 623/116/116
f 626/121/121 611/92/92 25/90/90
f 35/122/122 1703/123/123 626/121/121
f 627/124/124 620/109/109 1703/123/123
f 1703/123/123 27/101/101 611/92/92
f 628/125/125 625/120/120 34/118/118
f 36/126/126 1704/127/127 628/125/125
f 629/128/128 614/95/95 1704/127/127
f 1704/127/127 28/97/97 625/120/120
f 630/129/129 627/124/124 35/122/122
f 37/130/130 1705/131/131 630/129/129
f 631/132/132 632/133/133 1705/131/131
f 1705/131/131 33/110/110 627/124/124
f 634/134/134 633/135/135 40/136/136
f 38/137/137 1706/138/138 634/134/134
f 635/139/139 628/125/125 1706/138/138
f 1706/138/138 34/118/118 633/135/135
f 632/133/133 621/112/112 33/110/110
f 39/140/140 1707/141/141 632/133/133
f 636/142/142 637/143/143 1707/141/141
f 1707/141/141 31/144/144 621/112/112
f 639/145/145 638/146/146 42/147/147
f 40/136/136 1708/148/148 639/145/145
f 633/135/135 624/115/115 1708/148/148
f 1708/148/148 32/117/117 638/146/146
f 640/149/149 636/142/142 39/140/140
f 45/8/8 1709/150/150 640/149/149
f 574/18/18 641/151/151 1709/150/150
f 1709/150/150 41/152/152 636/142/142
f 579/27/27 642/153/153 44/28/28
f 46/16/16 1710/154/154 579/27/27
f 643/155/155 639/145/145 1710/154/154
f 1710/154/154 42/147/147 642/153/153
f 644/156/156 631/132/132 37/130/130
f 47/1/1 1711/157/157 644/156/156
f 566/3/3 640/149/149 1711/157/157
f 1711/157/157 39/140/140 631/132/132
f 573/15/15 643/155/155 46/16/16
f 48/14/14 1712/158/158 573/15/15
f 645/159/159 634/134/134 1712/158/158
f 1712/158/158 40/136/136 643/155/155
f 644/156/156 646/160/160 47/1/1
f 37/130/130 1713/161/161 644/156/156
f 647/162/162 648/163/163 1713/161/161
f 1713/161/161 49/164/164 646/160/160
f 650/165/165 649/166/166 52/167/167
f 38/137/137 1714/168/168 650/165/165
f 645/159/159 651/169/169 1714/168/168
f 1714/168/168 50/170/170 649/166/166
f 630/129/129 647/162/162 37/130/130
f 35/122/122 1715/171/171 630/129/129
f 652/172/172 653/173/173 1715/171/171
f 1715/171/171 51/174/174 647/162/162
f 655/175/175 654/176/176 54/177/177
f 36/126/126 1716/178/178 655/175/175
f 635/139/139 650/165/165 1716/178/178
f 1716/178/178 52/167/167 654/176/176
f 626/121/121 652/172/172 35/122/122
f 25/90/90 1717/179/179 626/121/121
f 656/180/180 657/181/181 1717/179/179
f 1717/179/179 53/182/182 652/172/172
f 659/183/183 658/184/184 56/185/185
f 26/98/98 1718/186/186 659/183/183
f 629/128/128 655/175/175 1718/186/186
f 1718/186/186 54/177/177 658/184/184
f 610/91/91 656/180/180 25/90/90
f 23/81/81 1719/187/187 610/91/91
f 660/188/188 661/189/189 1719/187/187
f 1719/187/187 55/190/190 656/180/180
f 663/191/191 662/192/192 58/193/193
f 663/191/191 615/194/194 1720/195/195
f 615/194/194 659/183/183 1720/195/195
f 1720/195/195 56/185/185 662/192/192
f 606/79/79 660/188/188 23/81/81
f 606/79/79 664/196/196 1721/197/197
f 1721/197/197 59/198/198 665/199/199
f 660/188/188 665/199/199 57/200/200
f 60/201/201 1722/202/202 666/203/203
f 667/204/204 609/86/86 1722/202/202
f 1722/202/202 24/100/100 663/191/191
f 666/203/203 663/191/191 58/193/193
f 13/80/80 1723/205/205 664/196/196
f 590/51/51 668/206/206 1723/205/205
f 1723/205/205 63/207/207 669/208/208
f 664/196/196 669/208/208 59/198/198
f 64/209/209 1724/210/210 670/211/211
f 671/212/212 595/59/59 1724/210/210
f 1724/210/210 14/88/88 667/204/204
f 670/211/211 667/204/204 60/201/201
f 11/49/49 1725/213/213 668/206/206
f 586/41/41 672/214/214 1725/213/213
f 1725/213/213 65/215/215 673/216/216
f 668/206/206 673/216/216 63/207/207
f 66/217/217 1726/218/218 674/219/219
f 675/220/220 589/47/47 1726/218/218
f 1726/218/218 12/60/60 671/212/212
f 674/219/219 671/212/212 64/209/209
f 1/39/39 1727/221/221 672/214/214
f 567/4/4 646/160/160 1727/221/221
f 1727/221/221 49/164/164 676/222/222
f 672/214/214 676/222/222 65/215/215
f 50/170/170 1728/223/223 677/224/224
f 651/169/169 572/13/13 1728/223/223
f 1728/223/223 2/48/48 675/220/220
f 677/224/224 675/220/220 66/217/217
f 679/225/225 678/226/226 61/227/227
f 65/215/215 1729/228/228 679/225/225
f 49/164/164 1729/228/228 676/222/222
f 50/170/170 1730/229/229 680/230/230
f 66/217/217 1730/229/229 677/224/224
f 680/230/230 681/231/231 62/232/232
f 63/207/207 1731/233/233 682/234/234
f 65/215/215 1731/233/233 673/216/216
f 682/234/234 679/225/225 61/227/227
f 681/231/231 683/235/235 62/232/232
f 66/217/217 1732/236/236 681/231/231
f 64/209/209 1732/236/236 674/219/219
f 684/237/237 682/234/234 61/227/227
f 59/198/198 1733/238/238 684/237/237
f 63/207/207 1733/238/238 669/208/208
f 64/209/209 1734/239/239 683/235/235
f 60/201/201 1734/239/239 670/211/211
f 683/235/235 685/240/240 62/232/232
f 686/241/241 684/237/237 61/227/227
f 57/200/200 1735/242/242 686/241/241
f 59/198/198 1735/242/242 665/199/199
f 60/201/201 1736/243/243 685/240/240
f 58/193/193 1736/243/243 666/203/203
f 685/240/240 687/244/244 62/232/232
f 688/245/245 686/241/241 61/227/227
f 55/190/190 1737/246/246 688/245/245
f 57/200/200 1737/246/246 661/189/189
f 58/193/193 1738/247/247 687/244/244
f 56/185/185 1738/247/247 662/192/192
f 687/244/244 689/248/248 62/232/232
f 690/249/249 688/245/245 61/227/227
f 53/182/182 1739/250/250 690/249/249
f 55/190/190 1739/250/250 657/181/181
f 56/185/185 1740/251/251 689/248/248
f 54/177/177 1740/251/251 658/184/184
f 689/248/248 691/252/252 62/232/232
f 692/253/253 690/249/249 61/227/227
f 51/174/174 1741/254/254 692/253/253
f 53/182/182 1741/254/254 653/173/173
f 54/177/177 1742/255/255 691/252/252
f 52/167/167 1742/255/255 654/176/176
f 691/252/252 693/256/256 62/232/232
f 678/226/226 692/253/253 61/227/227
f 49/164/164 1743/257/257 678/226/226
f 51/174/174 1743/257/257 648/163/163
f 52/167/167 1744/258/258 693/256/256
f 50/170/170 1744/258/258 649/166/166
f 693/256/256 680/230/230 62/232/232
f 743/259/259 752/260/260 145/261/261
f 149/262/262 1745/263/263 743/259/259
f 753/264/264 749/265/265 1745/263/263
f 1745/263/263 146/266/266 752/260/260
f 754/267/267 750/268/268 152/269/269
f 150/270/270 1746/271/271 754/267/267
f 744/272/272 752/260/260 1746/271/271
f 1746/271/271 146/266/266 750/268/268
f 766/273/273 765/274/274 143/275/275
f 158/276/276 1747/277/277 766/273/273
f 767/278/278 768/279/279 1747/277/277
f 1747/277/277 155/280/280 765/274/274
f 767/278/278 769/281/281 157/282/282
f 158/276/276 1748/283/283 767/278/278
f 770/284/284 771/285/285 1748/283/283
f 1748/283/283 156/286/286 769/281/281
f 761/287/287 772/288/288 153/289/289
f 155/280/280 1749/290/290 761/287/287
f 768/279/279 773/291/291 1749/290/290
f 1749/290/290 68/292/292 772/288/288
f 769/281/281 773/291/291 157/282/282
f 156/286/286 1750/293/293 769/281/281
f 762/294/294 774/295/295 1750/293/293
f 1750/293/293 68/292/292 773/291/291
f 776/296/296 775/297/297 129/298/298
f 776/296/296 763/299/299 1751/300/300
f 1751/300/300 153/289/289 772/288/288
f 1751/300/300 68/292/292 775/297/297
f 154/301/301 1752/302/302 774/295/295
f 764/303/303 777/304/304 1752/302/302
f 777/304/304 775/297/297 1752/302/302
f 1752/302/302 68/292/292 774/295/295
f 141/305/305 1753/306/306 778/307/307
f 779/308/308 780/309/309 1753/306/306
f 1753/306/306 159/310/310 781/311/311
f 778/307/307 781/311/311 143/275/275
f 160/312/312 1754/313/313 782/314/314
f 783/315/315 784/316/316 1754/313/313
f 1754/313/313 142/317/317 785/318/318
f 782/314/314 785/318/318 144/319/319
f 787/320/320 786/321/321 139/322/322
f 163/323/323 1755/324/324 787/320/320
f 788/325/325 779/308/308 1755/324/324
f 1755/324/324 141/305/305 786/321/321
f 789/326/326 784/316/316 162/327/327
f 164/328/328 1756/329/329 789/326/326
f 790/330/330 791/331/331 1756/329/329
f 1756/329/329 142/317/317 784/316/316
f 793/332/332 792/333/333 138/334/334
f 165/335/335 1757/336/336 793/332/332
f 794/337/337 787/320/320 1757/336/336
f 1757/336/336 139/322/322 792/333/333
f 795/338/338 790/330/330 164/328/328
f 166/339/339 1758/340/340 795/338/338
f 796/341/341 797/342/342 1758/340/340
f 1758/340/340 140/343/343 790/330/330
f 137/344/344 1759/345/345 798/346/346
f 799/347/347 800/348/348 1759/345/345
f 800/348/348 793/332/332 1759/345/345
f 798/346/346 793/332/332 138/334/334
f 801/349/349 796/341/341 166/339/339
f 801/349/349 799/347/347 1760/350/350
f 1760/350/350 137/344/344 798/346/346
f 796/341/341 798/346/346 138/334/334
f 766/273/273 802/351/351 158/276/276
f 143/275/275 1761/352/352 766/273/273
f 781/311/311 803/353/353 1761/352/352
f 1761/352/352 69/354/354 802/351/351
f 782/314/314 804/355/355 160/312/312
f 144/319/319 1762/356/356 782/314/314
f 770/284/284 802/351/351 1762/356/356
f 1762/356/356 69/354/354 804/355/355
f 803/353/353 805/357/357 69/354/354
f 159/310/310 1763/358/358 803/353/353
f 806/359/359 807/360/360 1763/358/358
f 1763/358/358 176/361/361 805/357/357
f 809/362/362 808/363/363 175/364/364
f 160/312/312 1764/365/365 809/362/362
f 804/355/355 805/357/357 1764/365/365
f 1764/365/365 176/361/361 808/363/363
f 70/366/366 1765/367/367 800/348/348
f 810/368/368 811/369/369 1765/367/367
f 1765/367/367 168/370/370 812/371/371
f 800/348/348 812/371/371 165/335/335
f 169/372/372 1766/373/373 813/374/374
f 814/375/375 810/368/368 1766/373/373
f 1766/373/373 70/366/366 801/349/349
f 813/374/374 801/349/349 166/339/339
f 812/371/371 794/337/337 165/335/335
f 812/371/371 815/376/376 1767/377/377
f 1767/377/377 170/378/378 816/379/379
f 1767/377/377 163/323/323 794/337/337
f 171/380/380 1768/381/381 817/382/382
f 818/383/383 813/374/374 1768/381/381
f 813/374/374 795/338/338 1768/381/381
f 1768/381/381 164/328/328 817/382/382
f 816/379/379 788/325/325 163/323/323
f 170/378/378 1769/384/384 816/379/379
f 819/385/385 820/386/386 1769/384/384
f 1769/384/384 161/387/387 788/325/325
f 822/388/388 821/389/389 173/390/390
f 171/380/380 1770/391/391 822/388/388
f 817/382/382 789/326/326 1770/391/391
f 1770/391/391 162/327/327 821/389/389
f 161/387/387 1771/392/392 780/309/309
f 172/393/393 1771/392/392 820/386/386
f 823/394/394 806/359/359 1771/392/392
f 780/309/309 806/359/359 159/310/310
f 824/395/395 809/362/362 175/364/364
f 173/390/390 1772/396/396 824/395/395
f 1772/396/396 162/327/327 783/315/315
f 809/362/362 783/315/315 160/312/312
f 825/397/397 811/369/369 167/398/398
f 172/393/393 1773/399/399 825/397/397
f 1773/399/399 170/378/378 815/376/376
f 1773/399/399 168/370/370 811/369/369
f 171/380/380 1774/400/400 818/383/383
f 173/390/390 1774/400/400 822/388/388
f 826/401/401 814/375/375 1774/400/400
f 1774/400/400 169/372/372 818/383/383
f 827/402/402 825/397/397 167/398/398
f 827/402/402 807/360/360 1775/403/403
f 1775/403/403 174/404/404 823/394/394
f 825/397/397 823/394/394 172/393/393
f 175/364/364 1776/405/405 824/395/395
f 808/363/363 827/402/402 1776/405/405
f 827/402/402 826/401/401 1776/405/405
f 824/395/395 826/401/401 173/390/390
f 776/296/296 835/406/406 130/407/407
f 129/298/298 1777/408/408 776/296/296
f 836/409/409 837/410/410 1777/408/408
f 1777/408/408 186/411/411 835/406/406
f 836/409/409 838/412/412 71/413/413
f 129/298/298 1778/414/414 836/409/409
f 777/304/304 839/415/415 1778/414/414
f 1778/414/414 187/416/416 838/412/412
f 759/417/417 840/418/418 132/419/419
f 130/407/407 1779/420/420 759/417/417
f 1779/420/420 186/411/411 841/421/421
f 840/418/418 841/421/421 184/422/422
f 187/416/416 1780/423/423 842/424/424
f 131/425/425 1780/423/423 839/415/415
f 760/426/426 843/427/427 1780/423/423
f 842/424/424 843/427/427 185/428/428
f 134/429/429 1781/430/430 844/431/431
f 132/419/419 1781/430/430 757/432/432
f 1781/430/430 184/422/422 845/433/433
f 844/431/431 845/433/433 182/434/434
f 185/428/428 1782/435/435 846/436/436
f 133/437/437 1782/435/435 843/427/427
f 1782/435/435 135/438/438 847/439/439
f 846/436/436 847/439/439 183/440/440
f 136/441/441 1783/442/442 848/443/443
f 755/444/444 844/431/431 1783/442/442
f 1783/442/442 182/434/434 849/445/445
f 848/443/443 849/445/445 181/446/446
f 183/440/440 1784/447/447 850/448/448
f 847/439/439 756/449/449 1784/447/447
f 1784/447/447 136/441/441 848/443/443
f 850/448/448 848/443/443 181/446/446
f 849/445/445 851/450/450 181/446/446
f 182/434/434 1785/451/451 849/445/445
f 852/452/452 853/453/453 1785/451/451
f 1785/451/451 195/454/454 851/450/450
f 855/455/455 854/456/456 194/457/457
f 183/440/440 1786/458/458 855/455/455
f 850/448/448 851/450/450 1786/458/458
f 1786/458/458 195/454/454 854/456/456
f 182/434/434 1787/459/459 852/452/452
f 845/433/433 856/460/460 1787/459/459
f 1787/459/459 191/461/461 857/462/462
f 1787/459/459 193/463/463 852/452/452
f 192/464/464 1788/465/465 858/466/466
f 859/467/467 846/436/436 1788/465/465
f 1788/465/465 183/440/440 855/455/455
f 1788/465/465 194/457/457 858/466/466
f 184/422/422 1789/468/468 856/460/460
f 841/421/421 860/469/469 1789/468/468
f 1789/468/468 189/470/470 861/471/471
f 856/460/460 861/471/471 191/461/461
f 190/472/472 1790/473/473 862/474/474
f 863/475/475 842/424/424 1790/473/473
f 1790/473/473 185/428/428 859/467/467
f 862/474/474 859/467/467 192/464/464
f 837/410/410 860/469/469 186/411/411
f 71/413/413 1791/476/476 837/410/410
f 864/477/477 865/478/478 1791/476/476
f 1791/476/476 189/470/470 860/469/469
f 864/477/477 866/479/479 188/480/480
f 71/413/413 1792/481/481 864/477/477
f 838/412/412 863/475/475 1792/481/481
f 1792/481/481 190/472/472 866/479/479
f 188/480/480 1793/482/482 865/478/478
f 867/483/483 853/453/453 1793/482/482
f 1793/482/482 193/463/463 868/484/484
f 865/478/478 868/484/484 189/470/470
f 194/457/457 1794/485/485 869/486/486
f 854/456/456 867/483/483 1794/485/485
f 1794/485/485 188/480/480 866/479/479
f 869/486/486 866/479/479 190/472/472
f 868/484/484 861/471/471 189/470/470
f 857/462/462 868/484/484 193/463/463
f 191/461/461 1795/487/487 857/462/462
f 192/464/464 1796/488/488 862/474/474
f 869/486/486 858/466/466 194/457/457
f 862/474/474 869/486/486 190/472/472
f 151/489/489 1797/490/490 870/491/491
f 753/264/264 871/492/492 1797/490/490
f 1797/490/490 198/493/493 872/494/494
f 870/491/491 872/494/494 196/495/495
f 199/496/496 1798/497/497 873/498/498
f 874/499/499 754/267/267 1798/497/497
f 1798/497/497 152/269/269 875/500/500
f 873/498/498 875/500/500 197/501/501
f 111/502/502 1799/503/503 876/504/504
f 748/505/505 870/491/491 1799/503/503
f 1799/503/503 196/495/495 877/506/506
f 876/504/504 877/506/506 218/507/507
f 197/501/501 1800/508/508 878/509/509
f 875/500/500 751/510/510 1800/508/508
f 1800/508/508 112/511/511 879/512/512
f 878/509/509 879/512/512 219/513/513
f 109/514/514 1801/515/515 880/516/516
f 746/517/517 876/504/504 1801/515/515
f 1801/515/515 218/507/507 881/518/518
f 1801/515/515 220/519/519 880/516/516
f 219/513/513 1802/520/520 882/521/521
f 879/512/512 747/522/522 1802/520/520
f 1802/520/520 110/523/523 883/524/524
f 1802/520/520 221/525/525 882/521/521
f 149/262/262 1803/526/526 871/492/492
f 113/527/527 1803/526/526 742/528/528
f 884/529/529 885/530/530 1803/526/526
f 1803/526/526 198/493/493 871/492/492
f 887/531/531 886/532/532 217/533/533
f 114/534/534 1804/535/535 887/531/531
f 1804/535/535 150/270/270 874/499/499
f 1804/535/535 199/496/496 886/532/532
f 740/536/536 884/529/529 113/527/527
f 740/536/536 888/537/537 1805/538/538
f 1805/538/538 214/539/539 889/540/540
f 1805/538/538 216/541/541 884/529/529
f 215/542/542 1806/543/543 890/544/544
f 891/545/545 741/546/546 1806/543/543
f 741/546/546 887/531/531 1806/543/543
f 1806/543/543 217/533/533 890/544/544
f 115/547/547 1807/548/548 888/537/537
f 738/549/549 892/550/550 1807/548/548
f 1807/548/548 212/551/551 893/552/552
f 888/537/537 893/552/552 214/539/539
f 213/553/553 1808/554/554 894/555/555
f 895/556/556 739/557/557 1808/554/554
f 1808/554/554 116/558/558 891/545/545
f 894/555/555 891/545/545 215/542/542
f 117/559/559 1809/560/560 892/550/550
f 736/561/561 896/562/562 1809/560/560
f 1809/560/560 210/563/563 897/564/564
f 892/550/550 897/564/564 212/551/551
f 211/565/565 1810/566/566 898/567/567
f 899/568/568 737/569/569 1810/566/566
f 1810/566/566 118/570/570 895/556/556
f 898/567/567 895/556/556 213/553/553
f 119/571/571 1811/572/572 896/562/562
f 734/573/573 900/574/574 1811/572/572
f 1811/572/572 208/575/575 901/576/576
f 896/562/562 901/576/576 210/563/563
f 209/577/577 1812/578/578 902/579/579
f 903/580/580 735/581/581 1812/578/578
f 1812/578/578 120/582/582 899/568/568
f 902/579/579 899/568/568 211/565/565
f 732/583/583 900/574/574 121/584/584
f 123/585/585 1813/586/586 732/583/583
f 904/587/587 905/588/588 1813/586/586
f 1813/586/586 208/575/575 900/574/574
f 907/589/589 906/590/590 207/591/591
f 124/592/592 1814/593/593 907/589/589
f 733/594/594 903/580/580 1814/593/593
f 1814/593/593 209/577/577 906/590/590
f 730/595/595 904/587/587 123/585/585
f 125/596/596 1815/597/597 730/595/595
f 908/598/598 909/599/599 1815/597/597
f 1815/597/597 206/600/600 904/587/587
f 911/601/601 910/602/602 205/603/603
f 126/604/604 1816/605/605 911/601/601
f 731/606/606 907/589/589 1816/605/605
f 1816/605/605 207/591/591 910/602/602
f 125/596/596 1817/607/607 908/598/598
f 728/608/608 912/609/609 1817/607/607
f 1817/607/607 200/610/610 913/611/611
f 908/598/598 913/611/611 204/612/612
f 201/613/613 1818/614/614 914/615/615
f 915/616/616 729/617/617 1818/614/614
f 1818/614/614 126/604/604 911/601/601
f 914/615/615 911/601/601 205/603/603
f 147/618/618 1819/619/619 912/609/609
f 726/620/620 916/621/621 1819/619/619
f 1819/619/619 202/622/622 917/623/623
f 912/609/609 917/623/623 200/610/610
f 203/624/624 1820/625/625 918/626/626
f 919/627/627 727/628/628 1820/625/625
f 1820/625/625 148/629/629 915/616/616
f 918/626/626 915/616/616 201/613/613
f 724/630/630 916/621/621 127/631/631
f 724/630/630 880/516/516 1821/632/632
f 1821/632/632 220/519/519 920/633/633
f 916/621/621 920/633/633 202/622/622
f 221/525/525 1822/634/634 921/635/635
f 883/524/524 725/636/636 1822/634/634
f 725/636/636 919/627/627 1822/634/634
f 921/635/635 919/627/627 203/624/624
f 202/622/622 1823/637/637 922/638/638
f 920/633/633 923/639/639 1823/637/637
f 923/639/639 924/640/640 1823/637/637
f 1823/637/637 240/641/641 922/638/638
f 926/642/642 925/643/643 223/644/644
f 926/642/642 921/635/635 1824/645/645
f 1824/645/645 203/624/624 927/646/646
f 1824/645/645 241/647/647 925/643/643
f 200/610/610 1825/648/648 928/649/649
f 917/623/623 922/638/638 1825/648/648
f 1825/648/648 240/641/641 929/650/650
f 928/649/649 929/650/650 242/651/651
f 241/647/647 1826/652/652 930/653/653
f 927/646/646 918/626/626 1826/652/652
f 1826/652/652 201/613/613 931/654/654
f 930/653/653 931/654/654 243/655/655
f 204/612/612 1827/656/656 932/657/657
f 913/611/611 928/649/649 1827/656/656
f 1827/656/656 242/651/651 933/658/658
f 932/657/657 933/658/658 238/659/659
f 243/655/655 1828/660/660 934/661/661
f 931/654/654 914/615/615 1828/660/660
f 1828/660/660 205/603/603 935/662/662
f 934/661/661 935/662/662 239/663/663
f 909/599/599 936/664/664 206/600/600
f 204/612/612 1829/665/665 909/599/599
f 932/657/657 937/666/666 1829/665/665
f 1829/665/665 236/667/667 936/664/664
f 935/662/662 938/668/668 239/663/663
f 205/603/603 1830/669/669 935/662/662
f 910/602/602 939/670/670 1830/669/669
f 1830/669/669 237/671/671 938/668/668
f 905/588/588 940/672/672 208/575/575
f 206/600/600 1831/673/673 905/588/588
f 936/664/664 941/674/674 1831/673/673
f 940/672/672 941/674/674 234/675/675
f 939/670/670 942/676/676 237/671/671
f 207/591/591 1832/677/677 939/670/670
f 906/590/590 943/678/678 1832/677/677
f 942/676/676 943/678/678 235/679/679
f 210/563/563 1833/680/680 944/681/681
f 901/576/576 940/672/672 1833/680/680
f 1833/680/680 234/675/675 945/682/682
f 944/681/681 945/682/682 232/683/683
f 235/679/679 1834/684/684 946/685/685
f 943/678/678 902/579/579 1834/684/684
f 1834/684/684 211/565/565 947/686/686
f 946/685/685 947/686/686 233/687/687
f 212/551/551 1835/688/688 948/689/689
f 897/564/564 944/681/681 1835/688/688
f 1835/688/688 232/683/683 949/690/690
f 948/689/689 949/690/690 230/691/691
f 233/687/687 1836/692/692 950/693/693
f 947/686/686 898/567/567 1836/692/692
f 1836/692/692 213/553/553 951/694/694
f 950/693/693 951/694/694 231/695/695
f 214/539/539 1837/696/696 952/697/697
f 893/552/552 948/689/689 1837/696/696
f 948/689/689 953/698/698 1837/696/696
f 1837/696/696 228/699/699 952/697/697
f 951/694/694 954/700/700 231/695/695
f 951/694/694 894/555/555 1838/701/701
f 1838/701/701 215/542/542 955/702/702
f 1838/701/701 229/703/703 954/700/700
f 889/540/540 956/704/704 216/541/541
f 214/539/539 1839/705/705 889/540/540
f 952/697/697 957/706/706 1839/705/705
f 1839/705/705 226/707/707 956/704/704
f 955/702/702 958/708/708 229/703/703
f 215/542/542 1840/709/709 955/702/702
f 890/544/544 959/710/710 1840/709/709
f 1840/709/709 227/711/711 958/708/708
f 198/493/493 1841/712/712 960/713/713
f 216/541/541 1841/712/712 885/530/530
f 956/704/704 961/714/714 1841/712/712
f 960/713/713 961/714/714 244/715/715
f 959/710/710 962/716/716 227/711/711
f 217/533/533 1842/717/717 959/710/710
f 1842/717/717 199/496/496 963/718/718
f 962/716/716 963/718/718 245/719/719
f 220/519/519 1843/720/720 923/639/639
f 881/518/518 964/721/721 1843/720/720
f 1843/720/720 224/722/722 965/723/723
f 923/639/639 965/723/723 222/724/724
f 225/725/725 1844/726/726 966/727/727
f 967/728/728 882/521/521 1844/726/726
f 1844/726/726 221/525/525 926/642/642
f 966/727/727 926/642/642 223/644/644
f 218/507/507 1845/729/729 964/721/721
f 877/506/506 968/730/730 1845/729/729
f 1845/729/729 246/731/731 969/732/732
f 964/721/721 969/732/732 224/722/722
f 247/733/733 1846/734/734 970/735/735
f 971/736/736 878/509/509 1846/734/734
f 1846/734/734 219/513/513 967/728/728
f 970/735/735 967/728/728 225/725/725
f 196/495/495 1847/737/737 968/730/730
f 872/494/494 960/713/713 1847/737/737
f 1847/737/737 244/715/715 972/738/738
f 968/730/730 972/738/738 246/731/731
f 245/719/719 1848/739/739 973/740/740
f 963/718/718 873/498/498 1848/739/739
f 1848/739/739 197/501/501 971/736/736
f 973/740/740 971/736/736 247/733/733
f 718/741/741 975/742/742 105/743/743
f 103/744/744 1849/745/745 718/741/741
f 977/746/746 978/747/747 1849/745/745
f 1849/745/745 248/748/748 975/742/742
f 980/749/749 979/750/750 251/751/751
f 104/752/752 1850/753/753 980/749/749
f 719/754/754 976/755/755 1850/753/753
f 1850/753/753 249/756/756 979/750/750
f 982/757/757 981/758/758 258/759/759
f 259/760/760 1851/761/761 982/757/757
f 983/762/762 984/763/763 1851/761/761
f 1851/761/761 288/764/764 981/758/758
f 986/765/765 985/766/766 279/767/767
f 259/768/760 1852/769/768 986/765/765
f 982/770/757 987/771/769 1852/769/768
f 1852/769/768 289/772/770 985/766/766
f 989/773/771 988/774/772 257/775/773
f 258/759/759 1853/776/774 989/773/771
f 981/758/758 990/777/775 1853/776/774
f 1853/776/774 286/778/776 988/774/772
f 987/771/769 991/779/777 289/772/770
f 258/780/759 1854/781/778 987/771/769
f 989/782/771 992/783/779 1854/781/778
f 1854/781/778 287/784/780 991/779/777
f 994/785/781 993/786/782 256/787/783
f 257/775/773 1855/788/784 994/785/781
f 988/774/772 995/789/785 1855/788/784
f 1855/788/784 290/790/786 993/786/782
f 992/783/779 996/791/787 287/784/780
f 257/792/773 1856/793/788 992/783/779
f 994/794/781 997/795/789 1856/793/788
f 1856/793/788 291/796/790 996/791/787
f 88/797/791 1857/798/792 998/799/793
f 694/800/794 999/801/795 1857/798/792
f 1857/798/792 256/787/783 993/786/782
f 998/799/793 993/786/782 290/790/786
f 256/787/783 1858/802/796 997/795/789
f 999/801/795 695/803/797 1858/802/796
f 1858/802/796 89/804/798 1000/805/799
f 997/795/789 1000/805/799 291/796/790
f 86/806/800 1859/807/801 1001/808/802
f 696/809/803 998/799/793 1859/807/801
f 1859/807/801 290/790/786 1002/810/804
f 1001/808/802 1002/810/804 284/811/805
f 291/796/790 1860/812/806 1003/813/807
f 1000/805/799 697/814/808 1860/812/806
f 1860/812/806 87/815/809 1004/816/810
f 1003/813/807 1004/816/810 285/817/811
f 84/818/812 1861/819/813 1005/820/814
f 698/821/815 1001/808/802 1861/819/813
f 1861/819/813 284/811/805 1006/822/816
f 1005/820/814 1006/822/816 280/823/817
f 285/817/811 1862/824/818 1007/825/819
f 1004/816/810 699/826/820 1862/824/818
f 1862/824/818 85/827/821 1008/828/822
f 1007/825/819 1008/828/822 281/829/823
f 82/830/824 1863/831/825 1009/832/826
f 700/833/827 1005/820/814 1863/831/825
f 1863/831/825 280/823/817 1010/834/828
f 1009/832/826 1010/834/828 282/835/829
f 281/829/823 1864/836/830 1011/837/831
f 1008/828/822 701/838/832 1864/836/830
f 1864/836/830 83/839/833 1012/840/834
f 1011/837/831 1012/840/834 283/841/835
f 1013/842/836 1010/834/828 280/823/817
f 1013/842/836 990/777/775 1865/843/837
f 1865/843/837 288/764/764 1014/844/838
f 1865/843/837 282/835/829 1010/834/828
f 289/772/770 1866/845/839 1015/846/840
f 991/779/777 1016/847/841 1866/845/839
f 1016/847/841 1011/837/831 1866/845/839
f 1866/845/839 283/841/835 1015/846/840
f 280/823/817 1867/848/842 1013/842/836
f 284/811/805 1867/848/842 1006/822/816
f 1002/810/804 995/789/785 1867/848/842
f 1867/848/842 286/778/776 1013/842/836
f 1003/813/807 996/791/787 291/796/790
f 285/817/811 1868/849/843 1003/813/807
f 1868/849/843 281/829/823 1016/847/841
f 1868/849/843 287/784/780 996/791/787
f 276/850/844 1869/851/845 1017/852/846
f 1018/853/847 1014/844/838 1869/851/845
f 1014/844/838 984/763/763 1869/851/845
f 1869/851/845 278/854/848 1017/852/846
f 1015/846/840 985/766/766 289/772/770
f 1015/846/840 1019/855/849 1870/856/850
f 1870/856/850 277/857/851 1020/858/852
f 1870/856/850 279/767/767 985/766/766
f 80/859/853 1871/860/854 1021/861/855
f 702/862/856 1009/832/826 1871/860/854
f 1871/860/854 282/835/829 1018/853/847
f 1021/861/855 1018/853/847 276/850/844
f 283/841/835 1872/863/857 1019/855/849
f 1012/840/834 703/864/858 1872/863/857
f 1872/863/857 81/865/859 1022/866/860
f 1019/855/849 1022/866/860 277/857/851
f 1023/867/861 831/868/862 177/869/863
f 1023/867/861 1024/870/864 1873/871/865
f 1873/871/865 294/872/866 1025/873/867
f 831/868/862 1025/873/867 179/874/868
f 295/875/869 1874/876/870 1026/877/871
f 1027/878/872 1028/879/873 1874/876/870
f 1028/879/873 832/880/874 1874/876/870
f 1026/877/871 832/880/874 180/881/875
f 1021/861/855 829/882/876 80/859/853
f 276/850/844 1875/883/877 1021/861/855
f 1029/884/878 1023/867/861 1875/883/877
f 1875/883/877 177/869/863 829/882/876
f 1030/885/879 1028/879/873 293/886/880
f 277/857/851 1876/887/881 1030/885/879
f 1022/866/860 830/888/882 1876/887/881
f 1876/887/881 178/889/883 1028/879/873
f 78/890/884 1877/891/885 1031/892/886
f 179/874/868 1877/891/885 833/893/887
f 1025/873/867 1032/894/888 1877/891/885
f 1031/892/886 1032/894/888 296/895/889
f 1026/877/871 1033/896/890 295/875/869
f 180/881/875 1878/897/891 1026/877/871
f 1878/897/891 79/898/892 1034/899/893
f 1033/896/890 1034/899/893 297/900/894
f 1036/901/895 1035/902/896 76/903/897
f 274/904/898 1879/905/899 1036/901/895
f 1037/906/900 1038/907/901 1879/905/899
f 1879/905/899 254/908/902 1035/902/896
f 1040/909/903 1039/910/904 303/911/905
f 275/912/906 1880/913/907 1040/909/903
f 1041/914/908 1035/915/896 1880/913/907
f 1880/913/907 254/916/902 1039/910/904
f 1038/907/901 1042/917/909 254/908/902
f 302/918/910 1881/919/911 1038/907/901
f 1043/920/912 1044/921/913 1881/919/911
f 1881/919/911 77/922/914 1042/917/909
f 1046/923/915 1045/924/916 301/925/917
f 303/911/905 1882/926/918 1046/923/915
f 1039/910/904 1042/927/909 1882/926/918
f 1882/926/918 77/928/914 1045/924/916
f 1044/921/913 1047/929/919 77/922/914
f 1044/921/913 1048/930/920 1883/931/921
f 1048/930/920 1049/932/922 1883/931/921
f 1047/929/919 1049/932/922 255/933/923
f 1051/934/924 1050/935/925 299/936/926
f 1051/934/924 1045/924/916 1884/937/927
f 1045/924/916 1047/938/919 1884/937/927
f 1050/935/925 1047/938/919 255/939/923
f 255/933/923 1885/940/928 1052/941/929
f 1049/932/922 1053/942/930 1885/940/928
f 1885/940/928 278/854/848 983/762/762
f 1052/941/929 983/762/762 259/760/760
f 279/767/767 1886/943/931 986/765/765
f 1054/944/932 1050/935/925 1886/943/931
f 1886/943/931 255/939/923 1052/945/929
f 986/765/765 1052/945/929 259/768/760
f 1017/852/846 1029/884/878 276/850/844
f 278/854/848 1887/946/933 1017/852/846
f 1053/942/930 1055/947/934 1887/946/933
f 1887/946/933 292/948/935 1029/884/878
f 1054/944/932 1056/949/936 299/936/926
f 279/767/767 1888/950/937 1054/944/932
f 1020/858/852 1030/885/879 1888/950/937
f 1888/950/937 293/886/880 1056/949/936
f 1060/951/938 1059/952/939 75/953/940
f 266/954/941 1889/955/942 1060/951/938
f 1061/956/943 1036/901/895 1889/955/942
f 1889/955/942 76/903/897 1059/952/939
f 1062/957/944 1041/914/908 275/912/906
f 267/958/945 1890/959/946 1062/957/944
f 1063/960/947 1059/961/939 1890/959/946
f 1890/959/946 76/962/897 1041/914/908
f 1065/963/948 1064/964/949 252/965/950
f 308/966/951 1891/967/952 1065/963/948
f 1066/968/953 1067/969/954 1891/967/952
f 1891/967/952 253/970/955 1064/964/949
f 1069/971/956 1068/972/957 307/973/958
f 309/974/959 1892/975/960 1069/971/956
f 1070/976/961 1064/977/949 1892/975/960
f 1892/975/960 253/978/955 1068/972/957
f 253/970/955 1893/979/962 1071/980/963
f 306/981/964 1893/979/962 1067/969/954
f 1893/979/962 304/982/965 1073/983/966
f 1071/980/963 1073/983/966 74/984/967
f 305/985/968 1894/986/969 1074/987/970
f 307/973/958 1894/986/969 1075/988/971
f 1894/986/969 253/978/955 1071/989/963
f 1074/987/970 1071/989/963 74/990/967
f 74/984/967 1895/991/972 1076/992/973
f 1073/983/966 1077/993/974 1895/991/972
f 1077/993/974 1060/951/938 1895/991/972
f 1076/992/973 1060/951/938 75/953/940
f 1078/994/975 1063/960/947 267/958/945
f 1078/994/975 1074/987/970 1896/995/976
f 1896/995/976 74/990/967 1076/996/973
f 1063/960/947 1076/996/973 75/997/940
f 314/998/977 1897/999/978 1081/1000/979
f 1079/1001/980 1082/1002/981 1897/999/978
f 1897/999/978 318/1003/982 1083/1004/983
f 1081/1000/979 1083/1004/983 316/1005/984
f 319/1006/985 1898/1007/986 1084/1008/987
f 1085/1009/988 1080/1010/989 1898/1007/986
f 1898/1007/986 315/1011/990 1086/1012/991
f 1084/1008/987 1086/1012/991 317/1013/992
f 316/1005/984 1899/1014/993 1087/1015/994
f 1083/1004/983 1088/1016/995 1899/1014/993
f 1899/1014/993 320/1017/996 1089/1018/997
f 1087/1015/994 1089/1018/997 322/1019/998
f 321/1020/999 1900/1021/1000 1090/1022/1001
f 1091/1023/1002 1084/1008/987 1900/1021/1000
f 1900/1021/1000 317/1013/992 1092/1024/1003
f 1090/1022/1001 1092/1024/1003 323/1025/1004
f 1089/1018/997 1093/1026/1005 322/1019/998
f 320/1017/996 1901/1027/1006 1089/1018/997
f 1094/1028/1007 1095/1029/1008 1901/1027/1006
f 1901/1027/1006 324/1030/1009 1093/1026/1005
f 1097/1031/1010 1096/1032/1011 327/1033/1012
f 321/1020/999 1902/1034/1013 1097/1031/1010
f 1090/1022/1001 1098/1035/1014 1902/1034/1013
f 1902/1034/1013 325/1036/1015 1096/1032/1011
f 264/1037/1016 1903/1038/1017 1099/1039/1018
f 328/1040/1019 1903/1038/1017 1100/1041/1020
f 1101/1042/1021 1095/1029/1008 1903/1038/1017
f 1903/1038/1017 326/1043/1022 1099/1039/1018
f 1102/1044/1023 1096/1032/1011 325/1036/1015
f 329/1045/1024 1904/1046/1025 1102/1044/1023
f 1904/1046/1025 265/1047/1026 1104/1048/1027
f 1904/1046/1025 327/1033/1012 1096/1032/1011
f 266/954/941 1905/1049/1028 1105/1050/1029
f 1077/993/974 1106/1051/1030 1905/1049/1028
f 1905/1049/1028 324/1030/1009 1101/1042/1021
f 1105/1050/1029 1101/1042/1021 328/1040/1019
f 325/1036/1015 1906/1052/1031 1102/1044/1023
f 1107/1053/1032 1078/994/975 1906/1052/1031
f 1906/1052/1031 267/958/945 1108/1054/1033
f 1102/1044/1023 1108/1054/1033 329/1045/1024
f 304/982/965 1907/1055/1034 1106/1051/1030
f 1072/1056/1035 1109/1057/1036 1907/1055/1034
f 1907/1055/1034 322/1019/998 1093/1026/1005
f 1106/1051/1030 1093/1026/1005 324/1030/1009
f 323/1025/1004 1908/1058/1037 1098/1035/1014
f 1110/1059/1038 1075/988/971 1908/1058/1037
f 1908/1058/1037 305/985/968 1107/1053/1032
f 1098/1035/1014 1107/1053/1032 325/1036/1015
f 306/981/964 1909/1060/1039 1109/1057/1036
f 1066/968/953 1111/1061/1040 1909/1060/1039
f 1909/1060/1039 316/1005/984 1087/1015/994
f 1109/1057/1036 1087/1015/994 322/1019/998
f 317/1013/992 1910/1062/1041 1092/1024/1003
f 1112/1063/1042 1069/971/956 1910/1062/1041
f 1910/1062/1041 307/973/958 1110/1059/1038
f 1092/1024/1003 1110/1059/1038 323/1025/1004
f 308/966/951 1911/1064/1043 1111/1061/1040
f 1113/1065/1044 1114/1066/1045 1911/1064/1043
f 1911/1064/1043 314/998/977 1081/1000/979
f 1911/1064/1043 316/1005/984 1111/1061/1040
f 315/1011/990 1912/1067/1046 1086/1012/991
f 1115/1068/1047 1116/1069/1048 1912/1067/1046
f 1912/1067/1046 309/974/959 1112/1063/1042
f 1912/1067/1046 317/1013/992 1086/1012/991
f 1118/1070/1049 1117/1071/1050 73/1072/1051
f 310/1073/1052 1913/1074/1053 1118/1070/1049
f 1113/1065/1044 1065/963/948 1913/1074/1053
f 1913/1074/1053 252/965/950 1117/1071/1050
f 1116/1069/1048 1070/976/961 309/974/959
f 311/1075/1054 1914/1076/1055 1116/1069/1048
f 1119/1077/1056 1117/1078/1050 1914/1076/1055
f 1914/1076/1055 252/1079/950 1070/976/961
f 260/1080/1057 1915/1081/1058 1121/1082/1059
f 1123/1083/1060 1124/1084/1061 1915/1081/1058
f 1915/1081/1058 318/1003/982 1082/1002/981
f 1121/1082/1059 1082/1002/981 312/1085/1062
f 319/1006/985 1916/1086/1063 1085/1009/988
f 1125/1087/1064 1126/1088/1065 1916/1086/1063
f 1916/1086/1063 261/1089/1066 1122/1090/1067
f 1085/1009/988 1122/1090/1067 313/1091/1068
f 262/1092/1069 1917/1093/1070 1124/1084/1061
f 1127/1094/1071 1128/1095/1072 1917/1093/1070
f 1917/1093/1070 320/1017/996 1088/1016/995
f 1124/1084/1061 1088/1016/995 318/1003/982
f 321/1020/999 1918/1096/1073 1091/1023/1002
f 1129/1097/1074 1130/1098/1075 1918/1096/1073
f 1918/1096/1073 263/1099/1076 1125/1087/1064
f 1091/1023/1002 1125/1087/1064 319/1006/985
f 1099/1039/1018 1131/1100/1077 264/1037/1016
f 326/1043/1022 1919/1101/1078 1099/1039/1018
f 1094/1028/1007 1128/1095/1072 1919/1101/1078
f 1919/1101/1078 332/1102/1079 1131/1100/1077
f 1097/1031/1010 1129/1097/1074 321/1020/999
f 327/1033/1012 1920/1103/1080 1097/1031/1010
f 1104/1048/1027 1132/1104/1081 1920/1103/1080
f 1920/1103/1080 333/1105/1082 1129/1097/1074
f 1048/930/920 1133/1106/1083 298/1107/1084
f 300/1108/1085 1921/1109/1086 1048/930/920
f 1134/1110/1087 1135/1111/1088 1921/1109/1086
f 1133/1106/1083 1135/1111/1088 334/1112/1089
f 1137/1113/1090 1136/1114/1091 337/1115/1092
f 301/925/917 1922/1116/1093 1137/1113/1090
f 1051/934/924 1138/1117/1094 1922/1116/1093
f 1136/1114/1091 1138/1117/1094 335/1118/1095
f 1140/1119/1096 1139/1120/1097 268/1121/1098
f 1140/1119/1096 1135/1111/1088 1923/1122/1099
f 1135/1111/1088 1141/1123/1100 1923/1122/1099
f 1923/1122/1099 270/1124/1101 1139/1120/1097
f 1136/1114/1091 1142/1125/1102 337/1115/1092
f 1136/1114/1091 1143/1126/1103 1924/1127/1104
f 1143/1126/1103 1144/1128/1105 1924/1127/1104
f 1924/1127/1104 271/1129/1106 1142/1125/1102
f 1055/947/934 1145/1130/1107 292/948/935
f 298/1107/1084 1925/1131/1108 1055/947/934
f 1145/1130/1107 1133/1106/1083 334/1112/1089
f 1138/1117/1094 1146/1132/1109 335/1118/1095
f 299/936/926 1926/1133/1110 1138/1117/1094
f 1146/1132/1109 1056/949/936 293/886/880
f 1147/1134/1111 1100/1041/1020 264/1037/1016
f 1147/1134/1111 1148/1135/1112 1927/1136/1113
f 1148/1135/1112 1149/1137/1114 1927/1136/1113
f 1100/1041/1020 1149/1137/1114 328/1040/1019
f 1151/1138/1115 1150/1139/1116 331/1140/1117
f 1151/1138/1115 1152/1141/1118 1928/1142/1119
f 1152/1141/1118 1103/1143/1120 1928/1142/1119
f 1150/1139/1116 1103/1143/1120 329/1045/1024
f 1105/1050/1029 1061/956/943 266/954/941
f 328/1040/1019 1929/1144/1121 1105/1050/1029
f 1149/1137/1114 1153/1145/1122 1929/1144/1121
f 1929/1144/1121 274/904/898 1061/956/943
f 1150/1139/1116 1154/1146/1123 331/1140/1117
f 329/1045/1024 1930/1147/1124 1150/1139/1116
f 1108/1054/1033 1062/957/944 1930/1147/1124
f 1930/1147/1124 275/912/906 1154/1146/1123
f 1141/1123/1100 1155/1148/1125 270/1124/1101
f 336/1149/1126 1931/1150/1127 1141/1123/1100
f 1156/1151/1128 1148/1135/1112 1931/1150/1127
f 1931/1150/1127 272/1152/1129 1155/1148/1125
f 1157/1153/1130 1151/1138/1115 331/1140/1117
f 337/1115/1092 1932/1154/1131 1157/1153/1130
f 1142/1125/1102 1158/1155/1132 1932/1154/1131
f 1932/1154/1131 273/1156/1133 1151/1138/1115
f 1043/920/912 1134/1110/1087 300/1108/1085
f 302/918/910 1933/1157/1134 1043/920/912
f 1159/1158/1135 1156/1151/1128 1933/1157/1134
f 1933/1157/1134 336/1149/1126 1134/1110/1087
f 1160/1159/1136 1157/1153/1130 331/1140/1117
f 303/911/905 1934/1160/1137 1160/1159/1136
f 1046/923/915 1137/1113/1090 1934/1160/1137
f 1934/1160/1137 337/1115/1092 1157/1153/1130
f 274/904/898 1935/1161/1138 1037/906/900
f 330/1162/1139 1935/1161/1138 1153/1145/1122
f 1037/906/900 1159/1158/1135 302/918/910
f 1160/1159/1136 1040/909/903 303/911/905
f 331/1140/1117 1936/1163/1140 1160/1159/1136
f 275/912/906 1936/1163/1140 1154/1146/1123
f 1162/1164/1141 1161/1165/1142 350/1166/1143
f 338/1167/1144 1937/1168/1145 1162/1164/1141
f 1163/1169/1146 1164/1170/1147 1937/1168/1145
f 1937/1168/1145 352/1171/1148 1161/1165/1142
f 1166/1172/1149 1165/1173/1150 365/1174/1151
f 339/1175/1152 1938/1176/1153 1166/1172/1149
f 1167/1177/1154 1168/1178/1155 1938/1176/1153
f 1938/1176/1153 353/1179/1156 1165/1173/1150
f 350/1166/1143 1939/1180/1157 1169/1181/1158
f 1161/1165/1142 1170/1182/1159 1939/1180/1157
f 1939/1180/1157 354/1183/1160 1171/1184/1161
f 1169/1181/1158 1171/1184/1161 348/1185/1162
f 355/1186/1163 1940/1187/1164 1172/1188/1165
f 1173/1189/1166 1168/1178/1155 1940/1187/1164
f 1940/1187/1164 351/1190/1167 1174/1191/1168
f 1172/1188/1165 1174/1191/1168 349/1192/1169
f 348/1185/1162 1941/1193/1170 1175/1194/1171
f 354/1183/1160 1941/1193/1170 1171/1184/1161
f 1176/1195/1172 1177/1196/1173 1941/1193/1170
f 1941/1193/1170 346/1197/1174 1175/1194/1171
f 1179/1198/1175 1178/1199/1176 357/1200/1177
f 355/1186/1163 1942/1201/1178 1179/1198/1175
f 1942/1201/1178 349/1192/1169 1180/1202/1179
f 1942/1201/1178 347/1203/1180 1178/1199/1176
f 1177/1196/1173 1181/1204/1181 346/1197/1174
f 356/1205/1182 1943/1206/1183 1177/1196/1173
f 1182/1207/1184 1183/1208/1185 1943/1206/1183
f 1943/1206/1183 344/1209/1186 1181/1204/1181
f 1185/1210/1187 1184/1211/1188 359/1212/1189
f 357/1200/1177 1944/1213/1190 1185/1210/1187
f 1178/1199/1176 1186/1214/1191 1944/1213/1190
f 1944/1213/1190 345/1215/1192 1184/1211/1188
f 1183/1208/1185 1187/1216/1193 344/1209/1186
f 358/1217/1194 1945/1218/1195 1183/1208/1185
f 1945/1218/1195 360/1219/1196 1189/1220/1197
f 1945/1218/1195 342/1221/1198 1187/1216/1193
f 361/1222/1199 1946/1223/1200 1190/1224/1201
f 359/1212/1189 1946/1223/1200 1191/1225/1202
f 1184/1211/1188 1192/1226/1203 1946/1223/1200
f 1946/1223/1200 343/1227/1204 1190/1224/1201
f 1189/1220/1197 1193/1228/1205 342/1221/1198
f 1189/1220/1197 1194/1229/1206 1947/1230/1207
f 1947/1230/1207 362/1231/1208 1195/1232/1209
f 1947/1230/1207 340/1233/1210 1193/1228/1205
f 363/1234/1211 1948/1235/1212 1196/1236/1213
f 1197/1237/1214 1190/1224/1201 1948/1235/1212
f 1190/1224/1201 1198/1238/1215 1948/1235/1212
f 1948/1235/1212 341/1239/1216 1196/1236/1213
f 360/1219/1196 1949/1240/1217 1194/1229/1206
f 1199/1241/1218 1200/1242/1219 1949/1240/1217
f 1949/1240/1217 368/1243/1220 1201/1244/1221
f 1194/1229/1206 1201/1244/1221 362/1231/1208
f 369/1245/1222 1950/1246/1223 1202/1247/1224
f 1203/1248/1225 1204/1249/1226 1950/1246/1223
f 1950/1246/1223 361/1222/1199 1197/1237/1214
f 1202/1247/1224 1197/1237/1214 363/1234/1211
f 358/1217/1194 1951/1250/1227 1188/1251/1228
f 1205/1252/1229 1206/1253/1230 1951/1250/1227
f 1951/1250/1227 370/1254/1231 1199/1241/1218
f 1188/1251/1228 1199/1241/1218 360/1219/1196
f 371/1255/1232 1952/1256/1233 1204/1249/1226
f 1207/1257/1234 1208/1258/1235 1952/1256/1233
f 1952/1256/1233 359/1212/1189 1191/1225/1202
f 1204/1249/1226 1191/1225/1202 361/1222/1199
f 1209/1259/1236 1182/1207/1184 356/1205/1182
f 374/1260/1237 1953/1261/1238 1209/1259/1236
f 1210/1262/1239 1205/1252/1229 1953/1261/1238
f 1953/1261/1238 358/1217/1194 1182/1207/1184
f 1211/1263/1240 1208/1258/1235 373/1264/1241
f 375/1265/1242 1954/1266/1243 1211/1263/1240
f 1212/1267/1244 1185/1210/1187 1954/1266/1243
f 1954/1266/1243 359/1212/1189 1208/1258/1235
f 1213/1268/1245 1176/1195/1172 354/1183/1160
f 376/1269/1246 1955/1270/1247 1213/1268/1245
f 1214/1271/1248 1209/1259/1236 1955/1270/1247
f 1955/1270/1247 356/1205/1182 1176/1195/1172
f 1215/1272/1249 1212/1267/1244 375/1265/1242
f 377/1273/1250 1956/1274/1251 1215/1272/1249
f 1216/1275/1252 1179/1198/1175 1956/1274/1251
f 1956/1274/1251 357/1200/1177 1212/1267/1244
f 1217/1276/1253 1170/1182/1159 352/1171/1148
f 378/1277/1254 1957/1278/1255 1217/1276/1253
f 1218/1279/1256 1213/1268/1245 1957/1278/1255
f 1957/1278/1255 354/1183/1160 1170/1182/1159
f 1219/1280/1257 1216/1275/1252 377/1273/1250
f 379/1281/1258 1958/1282/1259 1219/1280/1257
f 1220/1283/1260 1173/1189/1166 1958/1282/1259
f 1958/1282/1259 355/1186/1163 1216/1275/1252
f 352/1171/1148 1959/1284/1261 1217/1276/1253
f 1164/1170/1147 1221/1285/1262 1959/1284/1261
f 1959/1284/1261 366/1286/1263 1222/1287/1264
f 1217/1276/1253 1222/1287/1264 378/1277/1254
f 367/1288/1265 1960/1289/1266 1223/1290/1267
f 1224/1291/1268 1165/1173/1150 1960/1289/1266
f 1960/1289/1266 353/1179/1156 1220/1283/1260
f 1223/1290/1267 1220/1283/1260 379/1281/1258
f 1139/1120/1097 1225/1292/1269 268/1121/1098
f 1139/1120/1097 1226/1293/1270 1961/1294/1271
f 1226/1293/1270 1227/1295/1272 1961/1294/1271
f 1961/1294/1271 392/1296/1273 1225/1292/1269
f 1229/1297/1274 1228/1298/1275 395/1299/1276
f 1229/1297/1274 1144/1128/1105 1962/1300/1277
f 1144/1128/1105 1230/1301/1278 1962/1300/1277
f 1962/1300/1277 393/1302/1279 1228/1298/1275
f 1231/1303/1280 1226/1304/1270 270/1305/1101
f 340/1233/1210 1963/1306/1281 1231/1303/1280
f 1195/1232/1209 1232/1307/1282 1963/1306/1281
f 1963/1306/1281 394/1308/1283 1226/1304/1270
f 1196/1236/1213 1233/1309/1284 363/1234/1211
f 341/1239/1216 1964/1310/1285 1196/1236/1213
f 1234/1311/1286 1229/1312/1274 1964/1310/1285
f 1964/1310/1285 395/1313/1276 1233/1309/1284
f 260/1080/1057 1965/1314/1287 1123/1083/1060
f 1057/1315/1288 1225/1292/1269 1965/1314/1287
f 1965/1314/1287 392/1296/1273 1235/1316/1289
f 1123/1083/1060 1235/1316/1289 262/1092/1069
f 393/1302/1279 1966/1317/1290 1236/1318/1291
f 1230/1301/1278 1058/1319/1292 1966/1317/1290
f 1966/1317/1290 261/1089/1066 1126/1088/1065
f 1236/1318/1291 1126/1088/1065 263/1099/1076
f 332/1320/1079 1967/1321/1293 1237/1322/1294
f 1238/1323/1295 1239/1324/1296 1967/1321/1293
f 1967/1321/1293 364/1325/1297 1163/1169/1146
f 1237/1322/1294 1163/1169/1146 338/1167/1144
f 365/1174/1151 1968/1326/1298 1166/1172/1149
f 1240/1327/1299 1241/1328/1300 1968/1326/1298
f 1968/1326/1298 333/1329/1082 1242/1330/1301
f 1166/1172/1149 1242/1330/1301 339/1175/1152
f 362/1231/1208 1969/1331/1302 1232/1307/1282
f 1201/1244/1221 1243/1332/1303 1969/1331/1302
f 1969/1331/1302 390/1333/1304 1244/1334/1305
f 1232/1307/1282 1244/1334/1305 394/1308/1283
f 391/1335/1306 1970/1336/1307 1245/1337/1308
f 1246/1338/1309 1202/1247/1224 1970/1336/1307
f 1970/1336/1307 363/1234/1211 1233/1309/1284
f 1245/1337/1308 1233/1309/1284 395/1313/1276
f 1248/1339/1310 1247/1340/1311 388/1341/1312
f 396/1342/1313 1971/1343/1314 1248/1339/1310
f 1249/1344/1315 1244/1334/1305 1971/1343/1314
f 1971/1343/1314 390/1333/1304 1247/1340/1311
f 1250/1345/1316 1245/1337/1308 395/1313/1276
f 397/1346/1317 1972/1347/1318 1250/1345/1316
f 1251/1348/1319 1252/1349/1320 1972/1347/1318
f 1972/1347/1318 391/1335/1306 1245/1337/1308
f 384/1350/1321 1973/1351/1322 1253/1352/1323
f 1254/1353/1324 1248/1339/1310 1973/1351/1322
f 1973/1351/1322 388/1341/1312 1255/1354/1325
f 1973/1351/1322 386/1355/1326 1253/1352/1323
f 389/1356/1327 1974/1357/1328 1256/1358/1329
f 1251/1348/1319 1257/1359/1330 1974/1357/1328
f 1974/1357/1328 385/1360/1331 1258/1361/1332
f 1974/1357/1328 387/1362/1333 1256/1358/1329
f 1260/1363/1334 1259/1364/1335 382/1365/1336
f 1260/1363/1334 1261/1366/1337 1975/1367/1338
f 1261/1366/1337 1254/1353/1324 1975/1367/1338
f 1975/1367/1338 384/1350/1321 1259/1364/1335
f 1262/1368/1339 1257/1359/1330 397/1346/1317
f 1262/1368/1339 1263/1369/1340 1976/1370/1341
f 1263/1369/1340 1264/1371/1342 1976/1370/1341
f 1976/1370/1341 385/1360/1331 1257/1359/1330
f 1266/1372/1343 1265/1373/1344 380/1374/1345
f 398/1375/1346 1977/1376/1347 1266/1372/1343
f 1260/1363/1334 1267/1377/1348 1977/1376/1347
f 1977/1376/1347 400/1378/1349 1265/1373/1344
f 1263/1369/1340 1268/1379/1350 383/1380/1351
f 399/1381/1352 1978/1382/1353 1263/1369/1340
f 1269/1383/1354 1270/1384/1355 1978/1382/1353
f 1978/1382/1353 401/1385/1356 1268/1379/1350
f 364/1325/1297 1979/1386/1357 1221/1285/1262
f 380/1374/1345 1979/1386/1357 1239/1324/1296
f 1979/1386/1357 400/1378/1349 1271/1387/1358
f 1221/1285/1262 1271/1387/1358 366/1286/1263
f 401/1385/1356 1980/1388/1359 1272/1389/1360
f 381/1390/1361 1980/1388/1359 1270/1384/1355
f 1980/1388/1359 365/1174/1151 1224/1291/1268
f 1272/1389/1360 1224/1291/1268 367/1288/1265
f 262/1092/1069 1981/1391/1362 1127/1094/1071
f 1273/1392/1363 1266/1393/1343 1981/1391/1362
f 1981/1391/1362 380/1394/1345 1238/1395/1295
f 1981/1391/1362 332/1102/1079 1127/1094/1071
f 381/1396/1361 1982/1397/1364 1241/1398/1300
f 1269/1399/1354 1274/1400/1365 1982/1397/1364
f 1982/1397/1364 263/1099/1076 1130/1098/1075
f 1982/1397/1364 333/1105/1082 1241/1398/1300
f 1235/1316/1289 1273/1392/1363 262/1092/1069
f 392/1296/1273 1983/1401/1366 1235/1316/1289
f 1275/1402/1367 1261/1403/1337 1983/1401/1366
f 1983/1401/1366 398/1404/1346 1273/1392/1363
f 1276/1405/1368 1262/1406/1339 397/1407/1317
f 393/1302/1279 1984/1408/1369 1276/1405/1368
f 1236/1318/1291 1274/1400/1365 1984/1408/1369
f 1984/1408/1369 399/1409/1352 1262/1406/1339
f 1227/1295/1272 1275/1402/1367 392/1296/1273
f 394/1410/1283 1985/1411/1370 1227/1295/1272
f 1275/1402/1367 1249/1412/1315 396/1413/1313
f 1250/1414/1316 1276/1405/1368 397/1407/1317
f 395/1299/1276 1986/1415/1371 1250/1414/1316
f 1276/1405/1368 1228/1298/1275 393/1302/1279
f 366/1286/1263 1987/1416/1372 1277/1417/1373
f 1271/1387/1358 1278/1418/1374 1987/1416/1372
f 1987/1416/1372 402/1419/1375 1279/1420/1376
f 1277/1417/1373 1279/1420/1376 426/1421/1377
f 403/1422/1378 1988/1423/1379 1280/1424/1380
f 1281/1425/1381 1272/1389/1360 1988/1423/1379
f 1988/1423/1379 367/1288/1265 1282/1426/1382
f 1280/1424/1380 1282/1426/1382 427/1427/1383
f 1267/1377/1348 1278/1418/1374 400/1378/1349
f 1267/1377/1348 1283/1428/1384 1989/1429/1385
f 1283/1428/1384 1284/1430/1386 1989/1429/1385
f 1278/1418/1374 1284/1430/1386 402/1419/1375
f 1286/1431/1387 1285/1432/1388 413/1433/1389
f 1286/1431/1387 1268/1379/1350 1990/1434/1390
f 1268/1379/1350 1281/1425/1381 1990/1434/1390
f 1285/1432/1388 1281/1425/1381 403/1422/1378
f 382/1365/1336 1991/1435/1391 1283/1428/1384
f 1259/1364/1335 1287/1436/1392 1991/1435/1391
f 1991/1435/1391 410/1437/1393 1288/1438/1394
f 1283/1428/1384 1288/1438/1394 412/1439/1395
f 411/1440/1396 1992/1441/1397 1289/1442/1398
f 1290/1443/1399 1264/1371/1342 1992/1441/1397
f 1992/1441/1397 383/1380/1351 1286/1431/1387
f 1289/1442/1398 1286/1431/1387 413/1433/1389
f 1253/1352/1323 1287/1436/1392 384/1350/1321
f 386/1355/1326 1993/1444/1400 1253/1352/1323
f 1291/1445/1401 1292/1446/1402 1993/1444/1400
f 1993/1444/1400 410/1437/1393 1287/1436/1392
f 1294/1447/1403 1293/1448/1404 409/1449/1405
f 387/1362/1333 1994/1450/1406 1294/1447/1403
f 1258/1361/1332 1290/1443/1399 1994/1450/1406
f 1994/1450/1406 411/1440/1396 1293/1448/1404
f 1255/1354/1325 1291/1445/1401 386/1355/1326
f 388/1341/1312 1995/1451/1407 1255/1354/1325
f 1995/1451/1407 406/1452/1408 1296/1453/1409
f 1995/1451/1407 408/1454/1410 1291/1445/1401
f 407/1455/1411 1996/1456/1412 1297/1457/1413
f 389/1356/1327 1996/1456/1412 1298/1458/1414
f 1256/1358/1329 1294/1447/1403 1996/1456/1412
f 1996/1456/1412 409/1449/1405 1297/1457/1413
f 388/1341/1312 1997/1459/1415 1295/1460/1416
f 1247/1340/1311 1299/1461/1417 1997/1459/1415
f 1997/1459/1415 404/1462/1418 1300/1463/1419
f 1295/1460/1416 1300/1463/1419 406/1452/1408
f 405/1464/1420 1998/1465/1421 1301/1466/1422
f 1302/1467/1423 1252/1349/1320 1998/1465/1421
f 1998/1465/1421 389/1356/1327 1298/1458/1414
f 1301/1466/1422 1298/1458/1414 407/1455/1411
f 390/1333/1304 1999/1468/1424 1299/1461/1417
f 368/1243/1220 1999/1468/1424 1243/1332/1303
f 1303/1469/1425 1304/1470/1426 1999/1468/1424
f 1299/1461/1417 1304/1470/1426 404/1462/1418
f 1306/1471/1427 1305/1472/1428 425/1473/1429
f 369/1245/1222 2000/1474/1430 1306/1471/1427
f 2000/1474/1430 391/1335/1306 1302/1467/1423
f 1305/1472/1428 1302/1467/1423 405/1464/1420
f 378/1277/1254 2001/1475/1431 1307/1476/1432
f 1222/1287/1264 1277/1417/1373 2001/1475/1431
f 2001/1475/1431 426/1421/1377 1308/1477/1433
f 1307/1476/1432 1308/1477/1433 414/1478/1434
f 427/1427/1383 2002/1479/1435 1309/1480/1436
f 1282/1426/1382 1223/1290/1267 2002/1479/1435
f 2002/1479/1435 379/1281/1258 1310/1481/1437
f 1309/1480/1436 1310/1481/1437 415/1482/1438
f 376/1269/1246 2003/1483/1439 1311/1484/1440
f 1218/1279/1256 1307/1476/1432 2003/1483/1439
f 2003/1483/1439 414/1478/1434 1312/1485/1441
f 1311/1484/1440 1312/1485/1441 416/1486/1442
f 415/1482/1438 2004/1487/1443 1313/1488/1444
f 1310/1481/1437 1219/1280/1257 2004/1487/1443
f 2004/1487/1443 377/1273/1250 1314/1489/1445
f 1313/1488/1444 1314/1489/1445 417/1490/1446
f 374/1260/1237 2005/1491/1447 1315/1492/1448
f 1214/1271/1248 1311/1484/1440 2005/1491/1447
f 2005/1491/1447 416/1486/1442 1316/1493/1449
f 1315/1492/1448 1316/1493/1449 418/1494/1450
f 417/1490/1446 2006/1495/1451 1317/1496/1452
f 1314/1489/1445 1215/1272/1249 2006/1495/1451
f 2006/1495/1451 375/1265/1242 1318/1497/1453
f 1317/1496/1452 1318/1497/1453 419/1498/1454
f 1210/1262/1239 1319/1499/1455 372/1500/1456
f 1210/1262/1239 1315/1492/1448 2007/1501/1457
f 2007/1501/1457 418/1494/1450 1320/1502/1458
f 1319/1499/1455 1320/1502/1458 420/1503/1459
f 419/1498/1454 2008/1504/1460 1321/1505/1461
f 1318/1497/1453 1211/1263/1240 2008/1504/1460
f 1211/1263/1240 1322/1506/1462 2008/1504/1460
f 1321/1505/1461 1322/1506/1462 421/1507/1463
f 1206/1253/1230 1323/1508/1464 370/1254/1231
f 372/1500/1456 2009/1509/1465 1206/1253/1230
f 1319/1499/1455 1324/1510/1466 2009/1509/1465
f 2009/1509/1465 422/1511/1467 1323/1508/1464
f 1322/1506/1462 1325/1512/1468 421/1507/1463
f 373/1264/1241 2010/1513/1469 1322/1506/1462
f 1207/1257/1234 1326/1514/1470 2010/1513/1469
f 2010/1513/1469 423/1515/1471 1325/1512/1468
f 1200/1242/1219 1303/1469/1425 368/1243/1220
f 370/1254/1231 2011/1516/1472 1200/1242/1219
f 1323/1508/1464 1327/1517/1473 2011/1516/1472
f 2011/1516/1472 424/1518/1474 1303/1469/1425
f 1326/1514/1470 1328/1519/1475 423/1515/1471
f 371/1255/1232 2012/1520/1476 1326/1514/1470
f 1203/1248/1225 1306/1471/1427 2012/1520/1476
f 2012/1520/1476 425/1473/1429 1328/1519/1475
f 1296/1453/1409 1329/1521/1477 408/1454/1410
f 1296/1453/1409 1330/1522/1478 2013/1523/1479
f 2013/1523/1479 430/1524/1480 1331/1525/1481
f 2013/1523/1479 428/1526/1482 1329/1521/1477
f 431/1527/1483 2014/1528/1484 1332/1529/1485
f 1333/1530/1486 1297/1457/1413 2014/1528/1484
f 1297/1457/1413 1334/1531/1487 2014/1528/1484
f 2014/1528/1484 429/1532/1488 1332/1529/1485
f 1331/1525/1481 1335/1533/1489 428/1526/1482
f 1331/1525/1481 1336/1534/1490 2015/1535/1491
f 2015/1535/1491 432/1536/1492 1337/1537/1493
f 2015/1535/1491 434/1538/1494 1335/1533/1489
f 433/1539/1495 2016/1540/1496 1338/1541/1497
f 1339/1542/1498 1332/1529/1485 2016/1540/1496
f 1332/1529/1485 1340/1543/1499 2016/1540/1496
f 2016/1540/1496 435/1544/1500 1338/1541/1497
f 1337/1537/1493 1341/1545/1501 434/1538/1494
f 432/1536/1492 2017/1546/1502 1337/1537/1493
f 1342/1547/1503 1343/1548/1504 2017/1546/1502
f 2017/1546/1502 436/1549/1505 1341/1545/1501
f 1345/1550/1506 1344/1551/1507 439/1552/1508
f 433/1539/1495 2018/1553/1509 1345/1550/1506
f 1338/1541/1497 1346/1554/1510 2018/1553/1509
f 2018/1553/1509 437/1555/1511 1344/1551/1507
f 1343/1548/1504 1347/1556/1512 436/1549/1505
f 438/1557/1513 2019/1558/1514 1343/1548/1504
f 1348/1559/1515 1349/1560/1516 2019/1558/1514
f 2019/1558/1514 442/1561/1517 1347/1556/1512
f 1351/1562/1518 1350/1563/1519 441/1564/1520
f 439/1552/1508 2020/1565/1521 1351/1562/1518
f 1344/1551/1507 1352/1566/1522 2020/1565/1521
f 2020/1565/1521 443/1567/1523 1350/1563/1519
f 414/1478/1434 2021/1568/1524 1353/1569/1525
f 1308/1477/1433 1354/1570/1526 2021/1568/1524
f 2021/1568/1524 436/1549/1505 1347/1556/1512
f 1353/1569/1525 1347/1556/1512 442/1561/1517
f 437/1555/1511 2022/1571/1527 1352/1566/1522
f 1355/1572/1528 1309/1480/1436 2022/1571/1527
f 2022/1571/1527 415/1482/1438 1356/1573/1529
f 1352/1566/1522 1356/1573/1529 443/1567/1523
f 1357/1574/1530 1279/1420/1376 402/1419/1375
f 434/1538/1494 2023/1575/1531 1357/1574/1530
f 1341/1545/1501 1354/1570/1526 2023/1575/1531
f 2023/1575/1531 426/1421/1377 1279/1420/1376
f 1346/1554/1510 1355/1572/1528 437/1555/1511
f 435/1544/1500 2024/1576/1532 1346/1554/1510
f 1358/1577/1533 1280/1424/1380 2024/1576/1532
f 2024/1576/1532 427/1427/1383 1355/1572/1528
f 402/1419/1375 2025/1578/1534 1357/1574/1530
f 1284/1430/1386 1359/1579/1535 2025/1578/1534
f 2025/1578/1534 428/1526/1482 1335/1533/1489
f 1357/1574/1530 1335/1533/1489 434/1538/1494
f 429/1532/1488 2026/1580/1536 1340/1543/1499
f 1360/1581/1537 1285/1432/1388 2026/1580/1536
f 2026/1580/1536 403/1422/1378 1358/1577/1533
f 1340/1543/1499 1358/1577/1533 435/1544/1500
f 408/1454/1410 2027/1582/1538 1292/1446/1402
f 1329/1521/1477 1359/1579/1535 2027/1582/1538
f 2027/1582/1538 412/1439/1395 1288/1438/1394
f 1292/1446/1402 1288/1438/1394 410/1437/1393
f 413/1433/1389 2028/1583/1539 1289/1442/1398
f 1360/1581/1537 1334/1531/1487 2028/1583/1539
f 2028/1583/1539 409/1449/1405 1293/1448/1404
f 1289/1442/1398 1293/1448/1404 411/1440/1396
f 1304/1470/1426 1300/1463/1419 404/1462/1418
f 424/1518/1474 2029/1584/1540 1304/1470/1426
f 1361/1585/1541 1330/1522/1478 2029/1584/1540
f 2029/1584/1540 406/1452/1408 1300/1463/1419
f 1362/1586/1542 1333/1530/1486 431/1527/1483
f 425/1473/1429 2030/1587/1543 1362/1586/1542
f 1305/1472/1428 1301/1466/1422 2030/1587/1543
f 2030/1587/1543 407/1455/1411 1333/1530/1486
f 422/1511/1467 2031/1588/1544 1327/1517/1473
f 1363/1589/1545 1336/1534/1490 2031/1588/1544
f 2031/1588/1544 430/1524/1480 1361/1585/1541
f 1327/1517/1473 1361/1585/1541 424/1518/1474
f 431/1527/1483 2032/1590/1546 1362/1586/1542
f 1339/1542/1498 1364/1591/1547 2032/1590/1546
f 2032/1590/1546 423/1515/1471 1328/1519/1475
f 1362/1586/1542 1328/1519/1475 425/1473/1429
f 1365/1592/1548 1324/1510/1466 420/1503/1459
f 438/1557/1513 2033/1593/1549 1365/1592/1548
f 1342/1547/1503 1363/1589/1545 2033/1593/1549
f 2033/1593/1549 422/1511/1467 1324/1510/1466
f 1345/1550/1506 1364/1591/1547 433/1539/1495
f 439/1552/1508 2034/1594/1550 1345/1550/1506
f 1366/1595/1551 1325/1512/1468 2034/1594/1550
f 2034/1594/1550 423/1515/1471 1364/1591/1547
f 1367/1596/1552 1320/1502/1458 418/1494/1450
f 440/1597/1553 2035/1598/1554 1367/1596/1552
f 1348/1559/1515 1365/1592/1548 2035/1598/1554
f 2035/1598/1554 420/1503/1459 1320/1502/1458
f 1351/1562/1518 1366/1595/1551 439/1552/1508
f 441/1564/1520 2036/1599/1555 1351/1562/1518
f 1368/1600/1556 1321/1505/1461 2036/1599/1555
f 2036/1599/1555 421/1507/1463 1366/1595/1551
f 416/1486/1442 2037/1601/1557 1316/1493/1449
f 1369/1602/1558 1349/1560/1516 2037/1601/1557
f 2037/1601/1557 440/1597/1553 1367/1596/1552
f 1316/1493/1449 1367/1596/1552 418/1494/1450
f 441/1564/1520 2038/1603/1559 1368/1600/1556
f 1350/1563/1519 1370/1604/1560 2038/1603/1559
f 2038/1603/1559 417/1490/1446 1317/1496/1452
f 1368/1600/1556 1317/1496/1452 419/1498/1454
f 414/1478/1434 2039/1605/1561 1312/1485/1441
f 442/1561/1517 2039/1605/1561 1353/1569/1525
f 1312/1485/1441 1369/1602/1558 416/1486/1442
f 1370/1604/1560 1313/1488/1444 417/1490/1446
f 443/1567/1523 2040/1606/1562 1370/1604/1560
f 415/1482/1438 2040/1606/1562 1356/1573/1529
f 342/1221/1198 2041/1607/1563 1371/1608/1564
f 1193/1228/1205 1372/1609/1565 2041/1607/1563
f 2041/1607/1563 454/1610/1566 1373/1611/1567
f 1371/1608/1564 1373/1611/1567 452/1612/1568
f 455/1613/1569 2042/1614/1570 1374/1615/1571
f 1375/1616/1572 1198/1238/1215 2042/1614/1570
f 2042/1614/1570 343/1227/1204 1376/1617/1573
f 1374/1615/1571 1376/1617/1573 453/1618/1574
f 344/1209/1186 2043/1619/1575 1377/1620/1576
f 1187/1216/1193 1371/1608/1564 2043/1619/1575
f 2043/1619/1575 452/1612/1568 1378/1621/1577
f 1377/1620/1576 1378/1621/1577 450/1622/1578
f 453/1618/1574 2044/1623/1579 1379/1624/1580
f 1376/1617/1573 1192/1226/1203 2044/1623/1579
f 2044/1623/1579 345/1215/1192 1380/1625/1581
f 1379/1624/1580 1380/1625/1581 451/1626/1582
f 1181/1204/1181 1381/1627/1583 346/1197/1174
f 1181/1204/1181 1377/1620/1576 2045/1628/1584
f 2045/1628/1584 450/1622/1578 1382/1629/1585
f 1381/1627/1583 1382/1629/1585 448/1630/1586
f 451/1626/1582 2046/1631/1587 1383/1632/1588
f 1380/1625/1581 1186/1214/1191 2046/1631/1587
f 1186/1214/1191 1384/1633/1589 2046/1631/1587
f 1383/1632/1588 1384/1633/1589 449/1634/1590
f 1175/1635/1171 1385/1636/1591 348/1637/1162
f 346/1197/1174 2047/1638/1592 1175/1635/1171
f 1381/1627/1583 1386/1639/1593 2047/1638/1592
f 2047/1638/1592 446/1640/1594 1385/1636/1591
f 1384/1633/1589 1387/1641/1595 449/1634/1590
f 347/1203/1180 2048/1642/1596 1384/1633/1589
f 1180/1643/1179 1388/1644/1597 2048/1642/1596
f 2048/1642/1596 447/1645/1598 1387/1641/1595
f 1169/1646/1158 1389/1647/1599 350/1648/1143
f 348/1637/1162 2049/1649/1600 1169/1646/1158
f 1385/1636/1591 1390/1650/1601 2049/1649/1600
f 2049/1649/1600 444/1651/1602 1389/1647/1599
f 1388/1644/1597 1391/1652/1603 447/1645/1598
f 349/1653/1169 2050/1654/1604 1388/1644/1597
f 1174/1655/1168 1392/1656/1605 2050/1654/1604
f 2050/1654/1604 445/1657/1606 1391/1652/1603
f 1162/1658/1141 1393/1659/1607 338/1660/1144
f 350/1648/1143 2051/1661/1608 1162/1658/1141
f 2051/1661/1608 444/1651/1602 1394/1662/1609
f 1393/1659/1607 1394/1662/1609 456/1663/1610
f 445/1657/1606 2052/1664/1611 1395/1665/1612
f 351/1666/1167 2052/1664/1611 1392/1656/1605
f 1167/1667/1154 1396/1668/1613 2052/1664/1611
f 1395/1665/1612 1396/1668/1613 457/1669/1614
f 1397/1670/1615 1394/1662/1609 444/1651/1602
f 452/1612/1568 2053/1671/1616 1397/1670/1615
f 1373/1611/1567 1398/1672/1617 2053/1671/1616
f 2053/1671/1616 456/1663/1610 1394/1662/1609
f 1374/1615/1571 1399/1673/1618 455/1613/1569
f 453/1618/1574 2054/1674/1619 1374/1615/1571
f 1400/1675/1620 1395/1665/1612 2054/1674/1619
f 2054/1674/1619 457/1669/1614 1399/1673/1618
f 444/1651/1602 2055/1676/1621 1397/1670/1615
f 1390/1650/1601 1401/1677/1622 2055/1676/1621
f 2055/1676/1621 450/1622/1578 1378/1621/1577
f 1397/1670/1615 1378/1621/1577 452/1612/1568
f 451/1626/1582 2056/1678/1623 1379/1624/1580
f 1402/1679/1624 1391/1652/1603 2056/1678/1623
f 2056/1678/1623 445/1657/1606 1400/1675/1620
f 1379/1624/1580 1400/1675/1620 453/1618/1574
f 1386/1639/1593 1401/1677/1622 446/1640/1594
f 448/1630/1586 2057/1680/1625 1386/1639/1593
f 1401/1677/1622 1382/1629/1585 450/1622/1578
f 1383/1632/1588 1402/1679/1624 451/1626/1582
f 449/1634/1590 2058/1681/1626 1383/1632/1588
f 1402/1679/1624 1387/1641/1595 447/1645/1598
f 1131/1682/1077 1403/1683/1627 264/1684/1016
f 1131/1682/1077 1237/1685/1294 2059/1686/1628
f 1237/1685/1294 1393/1659/1607 2059/1686/1628
f 2059/1686/1628 456/1663/1610 1403/1683/1627
f 1242/1687/1301 1396/1668/1613 339/1688/1152
f 1242/1687/1301 1132/1689/1081 2060/1690/1629
f 1132/1689/1081 1404/1691/1630 2060/1690/1629
f 2060/1690/1629 457/1669/1614 1396/1668/1613
f 264/1684/1016 2061/1692/1631 1147/1693/1111
f 1403/1683/1627 1398/1672/1617 2061/1692/1631
f 2061/1692/1631 454/1610/1566 1405/1694/1632
f 2061/1692/1631 272/1695/1129 1147/1693/1111
f 455/1613/1569 2062/1696/1633 1406/1697/1634
f 1399/1673/1618 1404/1691/1630 2062/1696/1633
f 2062/1696/1633 265/1698/1026 1152/1699/1118
f 2062/1696/1633 273/1700/1133 1406/1697/1634
f 270/1305/1101 2063/1701/1635 1231/1303/1280
f 1155/1702/1125 1405/1694/1632 2063/1701/1635
f 1405/1694/1632 1372/1609/1565 2063/1701/1635
f 2063/1701/1635 340/1233/1210 1231/1303/1280
f 1406/1697/1634 1375/1616/1572 455/1613/1569
f 1406/1697/1634 1158/1703/1132 2064/1704/1636
f 2064/1704/1636 271/1705/1106 1234/1311/1286
f 2064/1704/1636 341/1239/1216 1375/1616/1572
f 517/1706/1637 2065/1707/1638 1407/1708/1639
f 1408/1709/1640 1409/1710/1641 2065/1707/1638
f 2065/1707/1638 521/1711/1642 1410/1712/1643
f 1407/1708/1639 1410/1712/1643 516/1713/1644
f 1411/1714/1645 1409/1710/1641 520/1715/1646
f 518/1716/1647 2066/1717/1648 1411/1714/1645
f 1412/1718/1649 1413/1719/1650 2066/1717/1648
f 2066/1717/1648 521/1711/1642 1409/1710/1641
f 513/1720/1651 2067/1721/1652 1414/1722/1653
f 1415/1723/1654 1407/1708/1639 2067/1721/1652
f 2067/1721/1652 516/1713/1644 1416/1724/1655
f 1414/1722/1653 1416/1724/1655 512/1725/1656
f 1417/1726/1657 1412/1718/1649 518/1716/1647
f 514/1727/1658 2068/1728/1659 1417/1726/1657
f 1418/1729/1660 1419/1730/1661 2068/1728/1659
f 2068/1728/1659 519/1731/1662 1412/1718/1649
f 1421/1732/1663 1420/1733/1664 509/1734/1665
f 513/1720/1651 2069/1735/1666 1421/1732/1663
f 1414/1722/1653 1422/1736/1667 2069/1735/1666
f 2069/1735/1666 508/1737/1668 1420/1733/1664
f 514/1727/1658 2070/1738/1669 1418/1729/1660
f 1423/1739/1670 1424/1740/1671 2070/1738/1669
f 2070/1738/1669 511/1741/1672 1425/1742/1673
f 1418/1729/1660 1425/1742/1673 515/1743/1674
f 1427/1744/1675 1426/1745/1676 505/1746/1677
f 509/1734/1665 2071/1747/1678 1427/1744/1675
f 1420/1733/1664 1428/1748/1679 2071/1747/1678
f 2071/1747/1678 504/1749/1680 1426/1745/1676
f 510/1750/1681 2072/1751/1682 1424/1740/1671
f 1429/1752/1683 1430/1753/1684 2072/1751/1682
f 2072/1751/1682 507/1754/1685 1431/1755/1686
f 1424/1740/1671 1431/1755/1686 511/1741/1672
f 1433/1756/1687 1432/1757/1688 501/1758/1689
f 505/1746/1677 2073/1759/1690 1433/1756/1687
f 1426/1745/1676 1434/1760/1691 2073/1759/1690
f 2073/1759/1690 500/1761/1692 1432/1757/1688
f 506/1762/1693 2074/1763/1694 1430/1753/1684
f 1435/1764/1695 1436/1765/1696 2074/1763/1694
f 2074/1763/1694 503/1766/1697 1437/1767/1698
f 1430/1753/1684 1437/1767/1698 507/1754/1685
f 461/1768/1699 2075/1769/1700 1438/1770/1701
f 1439/1771/1702 1440/1772/1703 2075/1769/1700
f 2075/1769/1700 497/1773/1704 1441/1774/1705
f 1438/1770/1701 1441/1774/1705 460/1775/1706
f 1443/1776/1707 1442/1777/1708 499/1778/1709
f 462/1779/1710 2076/1780/1711 1443/1776/1707
f 1444/1781/1712 1445/1782/1713 2076/1780/1711
f 2076/1780/1711 498/1783/1714 1442/1777/1708
f 465/1784/1715 2077/1785/1716 1446/1786/1717
f 1447/1787/1718 1438/1770/1701 2077/1785/1716
f 2077/1785/1716 460/1775/1706 1448/1788/1719
f 1446/1786/1717 1448/1788/1719 464/1789/1720
f 1449/1790/1721 1444/1781/1712 462/1779/1710
f 466/1791/1722 2078/1792/1723 1449/1790/1721
f 1450/1793/1724 1451/1794/1725 2078/1792/1723
f 2078/1792/1723 463/1795/1726 1444/1781/1712
f 469/1796/1727 2079/1797/1728 1452/1798/1729
f 1453/1799/1730 1446/1786/1717 2079/1797/1728
f 2079/1797/1728 464/1789/1720 1454/1800/1731
f 1452/1798/1729 1454/1800/1731 468/1801/1732
f 1455/1802/1733 1450/1793/1724 466/1791/1722
f 470/1803/1734 2080/1804/1735 1455/1802/1733
f 1456/1805/1736 1457/1806/1737 2080/1804/1735
f 2080/1804/1735 467/1807/1738 1450/1793/1724
f 473/1808/1739 2081/1809/1740 1458/1810/1741
f 1459/1811/1742 1452/1798/1729 2081/1809/1740
f 2081/1809/1740 468/1801/1732 1460/1812/1743
f 1458/1810/1741 1460/1812/1743 472/1813/1744
f 1461/1814/1745 1456/1805/1736 470/1803/1734
f 474/1815/1746 2082/1816/1747 1461/1814/1745
f 1462/1817/1748 1463/1818/1749 2082/1816/1747
f 2082/1816/1747 471/1819/1750 1456/1805/1736
f 1465/1820/1751 1464/1821/1752 477/1822/1753
f 1465/1820/1751 1458/1810/1741 2083/1823/1754
f 1458/1810/1741 1466/1824/1755 2083/1823/1754
f 2083/1823/1754 476/1825/1756 1464/1821/1752
f 1467/1826/1757 1462/1817/1748 474/1815/1746
f 1467/1826/1757 1468/1827/1758 2084/1828/1759
f 2084/1828/1759 479/1829/1760 1469/1830/1761
f 1462/1817/1748 1469/1830/1761 475/1831/1762
f 481/1832/1763 2085/1833/1764 1470/1834/1765
f 477/1822/1753 2085/1833/1764 1471/1835/1766
f 1464/1821/1752 1472/1836/1767 2085/1833/1764
f 2085/1833/1764 480/1837/1768 1470/1834/1765
f 478/1838/1769 2086/1839/1770 1468/1827/1758
f 482/1840/1771 2086/1839/1770 1473/1841/1772
f 2086/1839/1770 483/1842/1773 1475/1843/1774
f 1468/1827/1758 1475/1843/1774 479/1829/1760
f 485/1844/1775 2087/1845/1776 1476/1846/1777
f 1477/1847/1778 1470/1834/1765 2087/1845/1776
f 2087/1845/1776 480/1837/1768 1478/1848/1779
f 1476/1846/1777 1478/1848/1779 484/1849/1780
f 1479/1850/1781 1474/1851/1782 482/1840/1771
f 486/1852/1783 2088/1853/1784 1479/1850/1781
f 1480/1854/1785 1481/1855/1786 2088/1853/1784
f 2088/1853/1784 483/1842/1773 1474/1851/1782
f 1483/1856/1787 1482/1857/1788 489/1858/1789
f 1483/1856/1787 1476/1846/1777 2089/1859/1790
f 2089/1859/1790 484/1849/1780 1484/1860/1791
f 2089/1859/1790 488/1861/1792 1482/1857/1788
f 1485/1862/1793 1480/1854/1785 486/1852/1783
f 1485/1862/1793 1486/1863/1794 2090/1864/1795
f 2090/1864/1795 491/1865/1796 1487/1866/1797
f 2090/1864/1795 487/1867/1798 1480/1854/1785
f 1489/1868/1799 1488/1869/1800 493/1870/1801
f 489/1858/1789 2091/1871/1802 1489/1868/1799
f 1482/1857/1788 1490/1872/1803 2091/1871/1802
f 2091/1871/1802 492/1873/1804 1488/1869/1800
f 490/1874/1805 2092/1875/1806 1486/1863/1794
f 1491/1876/1807 1492/1877/1808 2092/1875/1806
f 2092/1875/1806 495/1878/1809 1493/1879/1810
f 1486/1863/1794 1493/1879/1810 491/1865/1796
f 1495/1880/1811 1494/1881/1812 459/1882/1813
f 493/1870/1801 2093/1883/1814 1495/1880/1811
f 1488/1869/1800 1496/1884/1815 2093/1883/1814
f 2093/1883/1814 458/1885/1816 1494/1881/1812
f 494/1886/1817 2094/1887/1818 1492/1877/1808
f 1497/1888/1819 1494/1881/1812 2094/1887/1818
f 2094/1887/1818 458/1885/1816 1498/1889/1820
f 1492/1877/1808 1498/1889/1820 495/1878/1809
f 1500/1890/1821 1499/1891/1822 523/1892/1823
f 497/1773/1704 2095/1893/1824 1500/1890/1821
f 1440/1772/1703 1501/1894/1825 2095/1893/1824
f 2095/1893/1824 522/1895/1826 1499/1891/1822
f 498/1783/1714 2096/1896/1827 1442/1777/1708
f 1502/1897/1828 1503/1898/1829 2096/1896/1827
f 2096/1896/1827 525/1899/1830 1504/1900/1831
f 1442/1777/1708 1504/1900/1831 499/1778/1709
f 1506/1901/1832 1505/1902/1833 527/1903/1834
f 523/1892/1823 2097/1904/1835 1506/1901/1832
f 1499/1891/1822 1507/1905/1836 2097/1904/1835
f 2097/1904/1835 526/1906/1837 1505/1902/1833
f 524/1907/1838 2098/1908/1839 1503/1898/1829
f 1508/1909/1840 1509/1910/1841 2098/1908/1839
f 2098/1908/1839 529/1911/1842 1510/1912/1843
f 1503/1898/1829 1510/1912/1843 525/1899/1830
f 1511/1913/1844 1432/1757/1688 500/1761/1692
f 527/1903/1834 2099/1914/1845 1511/1913/1844
f 1505/1902/1833 1512/1915/1846 2099/1914/1845
f 2099/1914/1845 501/1758/1689 1432/1757/1688
f 528/1916/1847 2100/1917/1848 1509/1910/1841
f 1513/1918/1849 1436/1765/1696 2100/1917/1848
f 2100/1917/1848 502/1919/1850 1514/1920/1851
f 1509/1910/1841 1514/1920/1851 529/1911/1842
f 1515/1921/1852 1498/1889/1820 458/1885/1816
f 67/1922/1853 2101/1923/1854 1515/1921/1852
f 723/1924/1855 1516/1925/1856 2101/1923/1854
f 2101/1923/1854 495/1878/1809 1498/1889/1820
f 722/1926/1857 1517/1927/1858 107/1928/1859
f 67/1922/1853 2102/1929/1860 722/1926/1857
f 1515/1921/1852 1496/1884/1815 2102/1929/1860
f 2102/1929/1860 492/1873/1804 1517/1927/1858
f 1497/1888/1819 1518/1930/1861 459/1882/1813
f 494/1886/1817 2103/1931/1862 1497/1888/1819
f 1519/1932/1863 747/522/522 2103/1931/1862
f 2103/1931/1862 112/511/511 1518/1930/1861
f 1520/1933/1864 746/517/517 109/514/514
f 493/1870/1801 2104/1934/1865 1520/1933/1864
f 1495/1880/1811 1521/1935/1866 2104/1934/1865
f 2104/1934/1865 111/502/502 746/517/517
f 1522/1936/1867 750/268/268 146/266/266
f 1522/1936/1867 1518/1930/1861 2105/1937/1868
f 1518/1930/1861 751/510/510 2105/1937/1868
f 2105/1937/1868 152/269/269 750/268/268
f 1521/1935/1866 748/505/505 111/502/502
f 1521/1935/1866 1522/1936/1867 2106/1938/1869
f 2106/1938/1869 146/266/266 749/265/265
f 748/505/505 749/265/265 151/489/489
f 91/1939/1870 2107/1940/1871 1523/1941/1872
f 706/1942/1873 1524/1943/1874 2107/1940/1871
f 2107/1940/1871 464/1789/1720 1448/1788/1719
f 1523/1941/1872 1448/1788/1719 460/1775/1706
f 78/890/884 2108/1944/1875 1525/1945/1876
f 704/1946/1877 1523/1941/1872 2108/1944/1875
f 2108/1944/1875 460/1775/1706 1441/1774/1705
f 1525/1945/1876 1441/1774/1705 497/1773/1704
f 1526/1947/1878 738/549/549 115/547/547
f 461/1768/1699 2109/1948/1879 1526/1947/1878
f 1447/1787/1718 1527/1949/1880 2109/1948/1879
f 2109/1948/1879 117/559/559 738/549/549
f 113/527/527 2110/1950/1881 740/536/536
f 1528/1951/1882 1439/1771/1702 2110/1950/1881
f 2110/1950/1881 461/1768/1699 1526/1947/1878
f 740/536/536 1526/1947/1878 115/547/547
f 462/1779/1710 2111/1952/1883 1529/1953/1884
f 1443/1776/1707 1530/1954/1885 2111/1952/1883
f 2111/1952/1883 114/534/534 741/546/546
f 1529/1953/1884 741/546/546 116/558/558
f 463/1795/1726 2112/1955/1886 1445/1782/1713
f 1531/1956/1887 705/1957/1888 2112/1955/1886
f 2112/1955/1886 79/898/892 1532/1958/1889
f 1445/1782/1713 1532/1958/1889 498/1783/1714
f 467/1807/1738 2113/1959/1890 1451/1794/1725
f 1533/1960/1891 707/1961/1892 2113/1959/1890
f 2113/1959/1890 92/1962/1893 1531/1956/1887
f 1451/1794/1725 1531/1956/1887 463/1795/1726
f 1449/1790/1721 1534/1963/1894 466/1791/1722
f 462/1779/1710 2114/1964/1895 1449/1790/1721
f 1529/1953/1884 739/557/557 2114/1964/1895
f 2114/1964/1895 118/570/570 1534/1963/1894
f 93/1965/1896 2115/1966/1897 1524/1943/1874
f 708/1967/1898 1535/1968/1899 2115/1966/1897
f 2115/1966/1897 468/1801/1732 1454/1800/1731
f 1524/1943/1874 1454/1800/1731 464/1789/1720
f 1527/1949/1880 736/561/561 117/559/559
f 465/1784/1715 2116/1969/1900 1527/1949/1880
f 1453/1799/1730 1536/1970/1901 2116/1969/1900
f 2116/1969/1900 119/571/571 736/561/561
f 471/1819/1750 2117/1971/1902 1457/1806/1737
f 1537/1972/1903 709/1973/1904 2117/1971/1902
f 2117/1971/1902 94/1974/1905 1533/1960/1891
f 1457/1806/1737 1533/1960/1891 467/1807/1738
f 1455/1802/1733 1538/1975/1906 470/1803/1734
f 466/1791/1722 2118/1976/1907 1455/1802/1733
f 1534/1963/1894 737/569/569 2118/1976/1907
f 2118/1976/1907 120/582/582 1538/1975/1906
f 710/1977/1908 1535/1968/1899 95/1978/1909
f 97/1979/1910 2119/1980/1911 710/1977/1908
f 1539/1981/1912 1460/1812/1743 2119/1980/1911
f 2119/1980/1911 468/1801/1732 1535/1968/1899
f 1536/1970/1901 734/573/573 119/571/571
f 469/1796/1727 2120/1982/1913 1536/1970/1901
f 1459/1811/1742 1540/1983/1914 2120/1982/1913
f 2120/1982/1913 121/584/584 734/573/573
f 1541/1984/1915 1463/1818/1749 475/1831/1762
f 98/1985/1916 2121/1986/1917 1541/1984/1915
f 711/1987/1918 1537/1972/1903 2121/1986/1917
f 2121/1986/1917 471/1819/1750 1463/1818/1749
f 1461/1814/1745 1542/1988/1919 474/1815/1746
f 470/1803/1734 2122/1989/1920 1461/1814/1745
f 1538/1975/1906 735/581/581 2122/1989/1920
f 2122/1989/1920 122/1990/1921 1542/1988/1919
f 712/1991/1922 1539/1981/1912 97/1979/1910
f 99/1992/1923 2123/1993/1924 712/1991/1922
f 1543/1994/1925 1466/1824/1755 2123/1993/1924
f 2123/1993/1924 472/1813/1744 1539/1981/1912
f 1540/1983/1914 732/583/583 121/584/584
f 473/1808/1739 2124/1995/1926 1540/1983/1914
f 2124/1995/1926 477/1822/1753 1544/1996/1927
f 732/583/583 1544/1996/1927 123/585/585
f 1545/1997/1928 1469/1830/1761 479/1829/1760
f 100/1998/1929 2125/1999/1930 1545/1997/1928
f 713/2000/1931 1541/1984/1915 2125/1999/1930
f 2125/1999/1930 475/1831/1762 1469/1830/1761
f 478/1838/1769 2126/2001/1932 1546/2002/1933
f 474/1815/1746 2126/2001/1932 1467/1826/1757
f 1542/1988/1919 733/594/594 2126/2001/1932
f 1546/2002/1933 733/594/594 124/592/592
f 714/2003/1934 1543/1994/1925 99/1992/1923
f 101/2004/1935 2127/2005/1936 714/2003/1934
f 1547/2006/1937 1472/1836/1767 2127/2005/1936
f 2127/2005/1936 476/1825/1756 1543/1994/1925
f 123/585/585 2128/2007/1938 730/595/595
f 1544/1996/1927 1471/1835/1766 2128/2007/1938
f 1471/1835/1766 1548/2008/1939 2128/2007/1938
f 2128/2007/1938 125/596/596 730/595/595
f 1549/2009/1940 1475/1843/1774 483/1842/1773
f 102/2010/1941 2129/2011/1942 1549/2009/1940
f 715/2012/1943 1545/1997/1928 2129/2011/1942
f 2129/2011/1942 479/1829/1760 1475/1843/1774
f 1473/1841/1772 1550/2013/1944 482/1840/1771
f 1473/1841/1772 1546/2002/1933 2130/2014/1945
f 2130/2014/1945 124/592/592 731/606/606
f 2130/2014/1945 126/604/604 1550/2013/1944
f 716/2015/1946 1547/2006/1937 101/2004/1935
f 103/744/744 2131/2016/1947 716/2015/1946
f 2131/2016/1947 484/1849/1780 1478/1848/1779
f 2131/2016/1947 480/1837/1768 1547/2006/1937
f 1548/2008/1939 728/608/608 125/596/596
f 481/1832/1763 2132/2017/1948 1548/2008/1939
f 1477/1847/1778 1552/2018/1949 2132/2017/1948
f 2132/2017/1948 147/618/618 728/608/608
f 487/1867/1798 2133/2019/1950 1481/1855/1786
f 104/752/752 2133/2019/1950 1553/2020/1951
f 717/2021/1952 1549/2009/1940 2133/2019/1950
f 2133/2019/1950 483/1842/1773 1481/1855/1786
f 1479/1850/1781 1554/2022/1953 486/1852/1783
f 482/1840/1771 2134/2023/1954 1479/1850/1781
f 1550/2013/1944 729/617/617 2134/2023/1954
f 2134/2023/1954 148/629/629 1554/2022/1953
f 718/741/741 1551/2024/1955 103/744/744
f 105/743/743 2135/2025/1956 718/741/741
f 1555/2026/1957 1484/1860/1791 2135/2025/1956
f 2135/2025/1956 484/1849/1780 1551/2024/1955
f 726/620/620 1556/2027/1958 127/631/631
f 726/620/620 1552/2018/1949 2136/2028/1959
f 2136/2028/1959 485/1844/1775 1483/1856/1787
f 2136/2028/1959 489/1858/1789 1556/2027/1958
f 1557/2029/1960 1487/1866/1797 491/1865/1796
f 106/2030/1961 2137/2031/1962 1557/2029/1960
f 719/754/754 1553/2020/1951 2137/2031/1962
f 2137/2031/1962 487/1867/1798 1487/1866/1797
f 486/1852/1783 2138/2032/1963 1485/1862/1793
f 1554/2022/1953 727/628/628 2138/2032/1963
f 727/628/628 1558/2033/1964 2138/2032/1963
f 2138/2032/1963 490/1874/1805 1485/1862/1793
f 720/2034/1965 1555/2026/1957 105/743/743
f 107/1928/1859 2139/2035/1966 720/2034/1965
f 1517/1927/1858 1490/1872/1803 2139/2035/1966
f 2139/2035/1966 488/1861/1792 1555/2026/1957
f 724/630/630 1520/1933/1864 109/514/514
f 127/631/631 2140/2036/1967 724/630/630
f 1556/2027/1958 1489/1868/1799 2140/2036/1967
f 2140/2036/1967 493/1870/1801 1520/1933/1864
f 1516/1925/1856 1493/1879/1810 495/1878/1809
f 108/2037/1968 2141/2038/1969 1516/1925/1856
f 721/2039/1970 1557/2029/1960 2141/2038/1969
f 2141/2038/1969 491/1865/1796 1493/1879/1810
f 1558/2033/1964 1491/1876/1807 490/1874/1805
f 128/2040/1971 2142/2041/1972 1558/2033/1964
f 725/636/636 1519/1932/1863 2142/2041/1972
f 2142/2041/1972 494/1886/1817 1491/1876/1807
f 78/890/884 2143/2042/1973 833/893/887
f 1525/1945/1876 1500/1890/1821 2143/2042/1973
f 2143/2042/1973 523/1892/1823 1559/2043/1974
f 833/893/887 1559/2043/1974 179/874/868
f 742/528/528 1528/1951/1882 113/527/527
f 742/528/528 743/259/259 2144/2044/1975
f 743/259/259 1560/2045/1976 2144/2044/1975
f 1528/1951/1882 1560/2045/1976 496/2046/1977
f 138/334/334 2145/2047/1978 828/2048/1979
f 792/333/333 1561/2049/1980 2145/2047/1978
f 2145/2047/1978 496/2046/1977 1560/2045/1976
f 828/2048/1979 1560/2045/1976 145/261/261
f 139/322/322 2146/2050/1981 1561/2049/1980
f 786/321/321 1562/2051/1982 2146/2050/1981
f 2146/2050/1981 522/1895/1826 1501/1894/1825
f 1561/2049/1980 1501/1894/1825 496/2046/1977
f 744/272/272 1563/2052/1983 145/261/261
f 744/272/272 745/2053/1984 2147/2054/1985
f 745/2053/1984 1530/1954/1885 2147/2054/1985
f 1563/2052/1983 1530/1954/1885 499/1778/1709
f 499/1778/1709 2148/2055/1986 1563/2052/1983
f 1564/2056/1987 797/342/342 2148/2055/1986
f 2148/2055/1986 138/334/334 828/2048/1979
f 1563/2052/1983 828/2048/1979 145/261/261
f 525/1899/1830 2149/2057/1988 1504/1900/1831
f 1565/2058/1989 791/331/331 2149/2057/1988
f 2149/2057/1988 140/343/343 1564/2056/1987
f 1504/1900/1831 1564/2056/1987 499/1778/1709
f 524/1907/1838 2150/2059/1990 1566/2060/1991
f 1502/1897/1828 1532/1958/1889 2150/2059/1990
f 2150/2059/1990 79/898/892 834/2061/1992
f 1566/2060/1991 834/2061/1992 180/881/875
f 80/859/853 2151/2062/1993 1567/2063/1994
f 829/882/876 1568/2064/1995 2151/2062/1993
f 1568/2064/1995 1511/1913/1844 2151/2062/1993
f 2151/2062/1993 500/1761/1692 1567/2063/1994
f 1567/2063/1994 702/862/856 80/859/853
f 1567/2063/1994 1434/1760/1691 2152/2065/1996
f 2152/2065/1996 504/1749/1680 1569/2066/1997
f 2152/2065/1996 82/830/824 702/862/856
f 501/1758/1689 2153/2067/1998 1433/1756/1687
f 1570/2068/1999 761/287/287 2153/2067/1998
f 2153/2067/1998 153/289/289 1571/2069/2000
f 1433/1756/1687 1571/2069/2000 505/1746/1677
f 765/274/274 1572/2070/2001 143/275/275
f 155/280/280 2154/2071/2002 765/274/274
f 1570/2068/1999 1512/1915/1846 2154/2071/2002
f 2154/2071/2002 526/1906/1837 1572/2070/2001
f 154/301/301 2155/2072/2003 1573/2073/2004
f 762/294/294 1574/2074/2005 2155/2072/2003
f 2155/2072/2003 502/1919/1850 1435/1764/1695
f 1573/2073/2004 1435/1764/1695 506/1762/1693
f 507/1754/1685 2156/2075/2006 1575/2076/2007
f 1437/1767/1698 1576/2077/2008 2156/2075/2006
f 1576/2077/2008 703/864/858 2156/2075/2006
f 2156/2075/2006 83/839/833 1575/2076/2007
f 1574/2074/2005 1514/1920/1851 502/1919/1850
f 156/286/286 2157/2078/2009 1574/2074/2005
f 771/285/285 1577/2079/2010 2157/2078/2009
f 2157/2078/2009 529/1911/1842 1514/1920/1851
f 1578/2080/2011 1513/1918/1849 528/1916/1847
f 1578/2080/2011 830/888/882 2158/2081/2012
f 2158/2081/2012 81/865/859 1576/2077/2008
f 2158/2081/2012 503/1766/1697 1513/1918/1849
f 1569/2066/1997 700/833/827 82/830/824
f 1569/2066/1997 1428/1748/1679 2159/2082/2013
f 2159/2082/2013 508/1737/1668 1579/2083/2014
f 2159/2082/2013 84/818/812 700/833/827
f 130/407/407 2160/2084/2015 763/299/299
f 1580/2085/2016 1427/1744/1675 2160/2084/2015
f 2160/2084/2015 505/1746/1677 1571/2069/2000
f 763/299/299 1571/2069/2000 153/289/289
f 506/1762/1693 2161/2086/2017 1573/2073/2004
f 1429/1752/1683 1581/2087/2018 2161/2086/2017
f 2161/2086/2017 131/425/425 764/303/303
f 1573/2073/2004 764/303/303 154/301/301
f 511/1741/1672 2162/2088/2019 1582/2089/2020
f 1431/1755/1686 1575/2076/2007 2162/2088/2019
f 1575/2076/2007 701/838/832 2162/2088/2019
f 2162/2088/2019 85/827/821 1582/2089/2020
f 1579/2083/2014 698/821/815 84/818/812
f 1579/2083/2014 1422/1736/1667 2163/2090/2021
f 1422/1736/1667 1583/2091/2022 2163/2090/2021
f 2163/2090/2021 86/806/800 698/821/815
f 759/417/417 1580/2085/2016 130/407/407
f 132/419/419 2164/2092/2023 759/417/417
f 1584/2093/2024 1421/1732/1663 2164/2092/2023
f 2164/2092/2023 509/1734/1665 1580/2085/2016
f 1585/2094/2025 1423/1739/1670 514/1727/1658
f 133/437/437 2165/2095/2026 1585/2094/2025
f 760/426/426 1581/2087/2018 2165/2095/2026
f 2165/2095/2026 510/1750/1681 1423/1739/1670
f 1425/1742/1673 1586/2096/2027 515/1743/1674
f 1425/1742/1673 1582/2089/2020 2166/2097/2028
f 1582/2089/2020 699/826/820 2166/2097/2028
f 2166/2097/2028 87/815/809 1586/2096/2027
f 1583/2091/2022 696/809/803 86/806/800
f 512/1725/1656 2167/2098/2029 1583/2091/2022
f 1416/1724/1655 1587/2099/2030 2167/2098/2029
f 2167/2098/2029 88/797/791 696/809/803
f 132/419/419 2168/2100/2031 1584/2093/2024
f 757/432/432 1588/2101/2032 2168/2100/2031
f 2168/2100/2031 517/1706/1637 1415/1723/1654
f 1584/2093/2024 1415/1723/1654 513/1720/1651
f 518/1716/1647 2169/2102/2033 1417/1726/1657
f 1589/2103/2034 758/2104/2035 2169/2102/2033
f 2169/2102/2033 133/437/437 1585/2094/2025
f 1417/1726/1657 1585/2094/2025 514/1727/1658
f 1419/1730/1661 1590/2105/2036 519/1731/1662
f 515/1743/1674 2170/2106/2037 1419/1730/1661
f 1586/2096/2027 697/814/808 2170/2106/2037
f 2170/2106/2037 89/804/798 1590/2105/2036
f 1587/2099/2030 694/800/794 88/797/791
f 516/1713/1644 2171/2107/2038 1587/2099/2030
f 1410/1712/1643 1591/2108/2039 2171/2107/2038
f 2171/2107/2038 90/2109/2040 694/800/794
f 134/429/429 2172/2110/2041 1588/2101/2032
f 755/444/444 1592/2111/2042 2172/2110/2041
f 2172/2110/2041 520/1715/1646 1408/1709/1640
f 1588/2101/2032 1408/1709/1640 517/1706/1637
f 520/1715/1646 2173/2112/2043 1411/1714/1645
f 1592/2111/2042 756/449/449 2173/2112/2043
f 2173/2112/2043 135/438/438 1589/2103/2034
f 1411/1714/1645 1589/2103/2034 518/1716/1647
f 1413/1719/1650 1591/2108/2039 521/1711/1642
f 519/1731/1662 2174/2113/2044 1413/1719/1650
f 1590/2105/2036 695/803/797 2174/2113/2044
f 2174/2113/2044 90/2109/2040 1591/2108/2039
f 778/307/307 1562/2051/1982 141/305/305
f 778/307/307 1572/2070/2001 2175/2114/2045
f 1572/2070/2001 1507/1905/1836 2175/2114/2045
f 2175/2114/2045 522/1895/1826 1562/2051/1982
f 831/868/862 1568/2064/1995 177/869/863
f 179/874/868 2176/2115/2046 831/868/862
f 1559/2043/1974 1506/1901/1832 2176/2115/2046
f 2176/2115/2046 527/1903/1834 1568/2064/1995
f 1577/2079/2010 1510/1912/1843 529/1911/1842
f 1577/2079/2010 785/318/318 2177/2116/2047
f 785/318/318 1565/2058/1989 2177/2116/2047
f 2177/2116/2047 525/1899/1830 1510/1912/1843
f 1566/2060/1991 1508/1909/1840 524/1907/1838
f 180/881/875 2178/2117/2048 1566/2060/1991
f 832/880/874 1578/2080/2011 2178/2117/2048
f 2178/2117/2048 528/1916/1847 1508/1909/1840
f 1594/2118/2049 1593/2119/2050 530/2120/2051
f 531/2121/2052 2179/2122/2053 1594/2118/2049
f 1595/2123/2054 1596/2124/2055 2179/2122/2053
f 2179/2122/2053 533/2125/2056 1593/2119/2050
f 534/2126/2057 2180/2127/2058 1597/2128/2059
f 1598/2129/2060 1599/2130/2061 2180/2127/2058
f 2180/2127/2058 536/2131/2062 1600/2132/2063
f 1597/2128/2059 1600/2132/2063 537/2133/2064
f 1602/2134/2065 1601/2135/2066 558/2136/2067
f 559/2137/2068 2181/2138/2069 1602/2134/2065
f 1603/2139/2070 1604/2140/2071 2181/2138/2069
f 1601/2135/2066 1604/2140/2071 561/2141/2072
f 562/2142/2073 2182/2143/2074 1605/2144/2075
f 1606/2145/2076 1607/2146/2077 2182/2143/2074
f 1607/2146/2077 1608/2147/2078 2182/2143/2074
f 1605/2144/2075 1608/2147/2078 565/2148/2079
f 1610/2149/2080 1609/2150/2081 543/2151/2082
f 538/2152/2083 2183/2153/2084 1610/2149/2080
f 1611/2154/2085 1612/2155/2086 2183/2153/2084
f 2183/2153/2084 542/2156/2087 1609/2150/2081
f 541/2157/2088 2184/2158/2089 1613/2159/2090
f 1614/2160/2091 1615/2161/2092 2184/2158/2089
f 2184/2158/2089 545/2162/2093 1616/2163/2094
f 1613/2159/2090 1616/2163/2094 540/2164/2095
f 1618/2165/2096 1617/2166/2097 547/2167/2098
f 543/2151/2082 2185/2168/2099 1618/2165/2096
f 1609/2150/2081 1619/2169/2100 2185/2168/2099
f 2185/2168/2099 546/2170/2101 1617/2166/2097
f 544/2171/2102 2186/2172/2103 1615/2161/2092
f 1620/2173/2104 1621/2174/2105 2186/2172/2103
f 2186/2172/2103 549/2175/2106 1622/2176/2107
f 1615/2161/2092 1622/2176/2107 545/2162/2093
f 1624/2177/2108 1623/2178/2109 551/2179/2110
f 547/2167/2098 2187/2180/2111 1624/2177/2108
f 1617/2166/2097 1625/2181/2112 2187/2180/2111
f 2187/2180/2111 550/2182/2113 1623/2178/2109
f 548/2183/2114 2188/2184/2115 1621/2174/2105
f 1626/2185/2116 1627/2186/2117 2188/2184/2115
f 2188/2184/2115 553/2187/2118 1628/2188/2119
f 1621/2174/2105 1628/2188/2119 549/2175/2106
f 555/2189/2120 2189/2190/2121 1629/2191/2122
f 1630/2192/2123 1623/2178/2109 2189/2190/2121
f 2189/2190/2121 550/2182/2113 1631/2193/2124
f 1629/2191/2122 1631/2193/2124 554/2194/2125
f 1632/2195/2126 1627/2186/2117 552/2196/2127
f 556/2197/2128 2190/2198/2129 1632/2195/2126
f 1633/2199/2130 1634/2200/2131 2190/2198/2129
f 2190/2198/2129 553/2187/2118 1627/2186/2117
f 558/2136/2067 2191/2201/2132 1602/2134/2065
f 1635/2202/2133 1629/2191/2122 2191/2201/2132
f 2191/2201/2132 554/2194/2125 1636/2203/2134
f 1602/2134/2065 1636/2203/2134 559/2137/2068
f 1637/2204/2135 1633/2199/2130 556/2197/2128
f 563/2205/2136 2192/2206/2137 1637/2204/2135
f 1606/2145/2076 1638/2207/2138 2192/2206/2137
f 2192/2206/2137 557/2208/2139 1633/2199/2130
f 538/2152/2083 2193/2209/2140 1611/2154/2085
f 1639/2210/2141 1594/2211/2049 2193/2209/2140
f 2193/2209/2140 530/2212/2051 1640/2213/2142
f 2193/2209/2140 539/2214/2143 1611/2154/2085
f 1641/2215/2144 1598/2216/2060 534/2217/2057
f 541/2157/2088 2194/2218/2145 1641/2215/2144
f 2194/2218/2145 540/2164/2095 1642/2219/2146
f 2194/2218/2145 535/2220/2147 1598/2216/2060
f 107/1928/1859 2195/2221/2148 1643/2222/2149
f 975/742/742 720/2034/1965 105/743/743
f 1644/2223/2150 975/742/742 248/748/748
f 530/2120/2051 2195/2221/2148 1644/2223/2150
f 1643/2222/2149 1593/2119/2050 533/2125/2056
f 722/1926/1857 974/2224/2151 67/1922/1853
f 1643/2222/2149 722/1926/1857 107/1928/1859
f 533/2125/2056 2196/2225/2152 1643/2222/2149
f 1645/2226/2153 1596/2124/2055 532/2227/2154
f 974/2224/2151 1645/2226/2153 72/2228/2155
f 1644/2229/2150 1640/2213/2142 530/2212/2051
f 248/2230/748 2197/2231/2156 1644/2229/2150
f 2197/2231/2156 250/2232/2157 1646/2233/2158
f 1640/2213/2142 1646/2233/2158 539/2214/2143
f 531/2234/2052 2198/2235/2159 1647/2236/2160
f 1639/2210/2141 1648/2237/2161 2198/2235/2159
f 2198/2235/2159 310/1073/1052 1118/1070/1049
f 1647/2236/2160 1118/1070/1049 73/1072/1051
f 1645/2238/2153 1120/2239/2162 72/2240/2155
f 532/2241/2154 2199/2242/2163 1645/2238/2153
f 1595/2243/2054 1647/2236/2160 2199/2242/2163
f 1120/2239/2162 1647/2236/2160 73/1072/1051
f 1649/2244/2164 1120/2245/2162 73/2246/1051
f 1649/2244/2164 1597/2247/2059 2200/2248/2165
f 2200/2248/2165 537/2249/2064 1650/2250/2166
f 1120/2245/2162 1650/2250/2166 72/2251/2155
f 1600/2132/2063 1650/2252/2166 537/2133/2064
f 536/2131/2062 2201/2253/2167 1600/2132/2063
f 723/1924/1855 1651/2254/2168 108/2037/1968
f 974/2224/2151 723/1924/1855 67/1922/1853
f 1650/2252/2166 974/2224/2151 72/2228/2155
f 976/755/755 1652/2255/2169 249/756/756
f 721/2039/1970 976/755/755 106/2030/1961
f 108/2037/1968 2202/2256/2170 721/2039/1970
f 1599/2130/2061 1651/2254/2168 536/2131/2062
f 535/2257/2147 2202/2256/2170 1599/2130/2061
f 251/2258/751 2203/2259/2171 1653/2260/2172
f 249/2261/756 2203/2259/2171 979/2262/750
f 1652/2263/2169 1642/2219/2146 2203/2259/2171
f 1653/2260/2172 1642/2219/2146 540/2164/2095
f 311/1075/1054 2204/2264/2173 1119/1077/1056
f 1654/2265/2174 1641/2215/2144 2204/2264/2173
f 2204/2264/2173 534/2217/2057 1649/2244/2164
f 1119/1077/1056 1649/2244/2164 73/2246/1051
f 714/2003/1934 1655/2266/2175 101/2004/1935
f 99/1992/1923 2205/2267/2176 714/2003/1934
f 1656/2268/2177 1612/2269/2086 2205/2267/2176
f 1655/2266/2175 1612/2269/2086 539/2270/2143
f 716/2015/1946 977/746/746 103/744/744
f 101/2004/1935 2206/2271/2178 716/2015/1946
f 2206/2271/2178 539/2270/2143 1646/2272/2158
f 2206/2271/2178 250/2273/2157 977/746/746
f 1610/2149/2080 1648/2237/2161 538/2152/2083
f 543/2151/2082 2207/2274/2179 1610/2149/2080
f 1657/2275/2180 1114/1066/1045 2207/2274/2179
f 2207/2274/2179 310/1073/1052 1648/2237/2161
f 540/2276/2095 2208/2277/2181 1653/2278/2172
f 102/2010/1941 2208/2277/2181 1658/2279/2182
f 717/2021/1952 980/749/749 2208/2277/2181
f 2208/2277/2181 251/751/751 1653/2278/2172
f 1659/2280/2183 1616/2281/2094 545/2282/2093
f 100/1998/1929 2209/2283/2184 1659/2280/2183
f 715/2012/1943 1658/2279/2182 2209/2283/2184
f 1616/2281/2094 1658/2279/2182 540/2276/2095
f 1660/2284/2185 1115/1068/1047 315/1011/990
f 544/2171/2102 2210/2285/2186 1660/2284/2185
f 1614/2160/2091 1654/2265/2174 2210/2285/2186
f 2210/2285/2186 311/1075/1054 1115/1068/1047
f 712/1991/1922 1656/2268/2177 99/1992/1923
f 97/1979/1910 2211/2286/2187 712/1991/1922
f 1661/2287/2188 1619/2288/2100 2211/2286/2187
f 2211/2286/2187 542/2289/2087 1656/2268/2177
f 543/2151/2082 2212/2290/2189 1657/2275/2180
f 547/2167/2098 2212/2290/2189 1618/2165/2096
f 1662/2291/2190 1079/1001/980 2212/2290/2189
f 1657/2275/2180 1079/1001/980 314/998/977
f 1663/2292/2191 1622/2293/2107 549/2175/2106
f 98/1985/1916 2213/2294/2192 1663/2292/2191
f 713/2000/1931 1659/2280/2183 2213/2294/2192
f 2213/2294/2192 545/2282/2093 1622/2293/2107
f 1664/2295/2193 1080/1010/989 313/1091/1068
f 548/2183/2114 2214/2296/2194 1664/2295/2193
f 2214/2296/2194 544/2171/2102 1660/2284/2185
f 1080/1010/989 1660/2284/2185 315/1011/990
f 710/1977/1908 1661/2287/2188 97/1979/1910
f 95/1978/1909 2215/2297/2195 710/1977/1908
f 1665/2298/2196 1625/2181/2112 2215/2297/2195
f 2215/2297/2195 546/2170/2101 1661/2287/2188
f 1624/2177/2108 1662/2291/2190 547/2167/2098
f 551/2179/2110 2216/2299/2197 1624/2177/2108
f 1666/2300/2198 1121/1082/1059 2216/2299/2197
f 2216/2299/2197 312/1085/1062 1662/2291/2190
f 1667/2301/2199 1628/2188/2119 553/2187/2118
f 96/2302/2200 2217/2303/2201 1667/2301/2199
f 711/1987/1918 1663/2292/2191 2217/2303/2201
f 2217/2303/2201 549/2175/2106 1628/2188/2119
f 1668/2304/2202 1122/1090/1067 261/1089/1066
f 552/2196/2127 2218/2305/2203 1668/2304/2202
f 1626/2185/2116 1664/2295/2193 2218/2305/2203
f 2218/2305/2203 313/1091/1068 1122/1090/1067
f 708/1967/1898 1665/2298/2196 95/1978/1909
f 708/1967/1898 1669/2306/2204 2219/2307/2205
f 2219/2307/2205 554/2194/2125 1631/2193/2124
f 2219/2307/2205 550/2182/2113 1665/2298/2196
f 551/2179/2110 2220/2308/2206 1666/2300/2198
f 1630/2192/2123 1670/2309/2207 2220/2308/2206
f 2220/2308/2206 268/1121/1098 1057/1315/1288
f 1666/2300/2198 1057/1315/1288 260/1080/1057
f 557/2208/2139 2221/2310/2208 1634/2200/2131
f 1671/2311/2209 709/1973/1904 2221/2310/2208
f 709/1973/1904 1667/2301/2199 2221/2310/2208
f 2221/2310/2208 553/2187/2118 1634/2200/2131
f 269/2312/2210 2222/2313/2211 1058/1319/1292
f 1672/2314/2212 1632/2195/2126 2222/2313/2211
f 2222/2313/2211 552/2196/2127 1668/2304/2202
f 1058/1319/1292 1668/2304/2202 261/1089/1066
f 93/1965/1896 2223/2315/2213 1669/2306/2204
f 706/1942/1873 1673/2316/2214 2223/2315/2213
f 2223/2315/2213 559/2137/2068 1636/2203/2134
f 1669/2306/2204 1636/2203/2134 554/2194/2125
f 555/2189/2120 2224/2317/2215 1670/2309/2207
f 1635/2202/2133 1674/2318/2216 2224/2317/2215
f 2224/2317/2215 334/1112/1089 1140/1119/1096
f 1670/2309/2207 1140/1119/1096 268/1121/1098
f 562/2142/2073 2225/2319/2217 1638/2207/2138
f 1675/2320/2218 707/1961/1892 2225/2319/2217
f 2225/2319/2217 94/1974/1905 1671/2311/2209
f 1638/2207/2138 1671/2311/2209 557/2208/2139
f 335/1118/1095 2226/2321/2219 1143/1126/1103
f 1676/2322/2220 1637/2204/2135 2226/2321/2219
f 2226/2321/2219 556/2197/2128 1672/2314/2212
f 1143/1126/1103 1672/2314/2212 269/2312/2210
f 1031/892/886 704/1946/1877 78/890/884
f 1677/2323/2221 1031/892/886 296/895/889
f 560/2324/2222 2227/2325/2223 1677/2323/2221
f 1673/2316/2214 1603/2139/2070 559/2137/2068
f 91/1939/1870 2227/2325/2223 1673/2316/2214
f 561/2141/2072 2228/2326/2224 1678/2327/2225
f 560/2324/2222 2228/2326/2224 1604/2140/2071
f 2228/2326/2224 296/895/889 1032/894/888
f 2228/2326/2224 294/872/866 1678/2327/2225
f 1601/2135/2066 1674/2318/2216 558/2136/2067
f 561/2141/2072 2229/2328/2226 1601/2135/2066
f 1024/870/864 1678/2327/2225 294/872/866
f 292/948/935 2229/2328/2226 1024/870/864
f 1674/2318/2216 1145/1130/1107 334/1112/1089
f 1605/2144/2075 1675/2320/2218 562/2142/2073
f 565/2148/2079 2230/2329/2227 1605/2144/2075
f 1034/899/893 1679/2330/2228 297/900/894
f 705/1957/1888 1034/899/893 79/898/892
f 92/1962/1893 2230/2329/2227 705/1957/1888
f 293/886/880 2231/2331/2229 1146/1132/1109
f 1680/2332/2230 1027/878/872 295/875/869
f 564/2333/2231 2231/2331/2229 1680/2332/2230
f 1676/2322/2220 1607/2146/2077 563/2205/2136
f 1146/1132/1109 1676/2322/2220 335/1118/1095
f 295/875/869 2232/2334/2232 1680/2332/2230
f 297/900/894 2232/2334/2232 1033/896/890
f 2232/2334/2232 565/2148/2079 1608/2147/2078
f 2232/2334/2232 564/2333/2231 1680/2332/2230
f 47/1/1 567/4/4 1681/2/2
f 567/4/4 1/39/39 568/5/5
f 1681/2/2 568/5/5 3/6/6
f 566/3/3 1681/2/2 569/7/7
f 4/9/9 571/12/12 1682/10/10
f 571/12/12 2/48/48 572/13/13
f 1682/10/10 572/13/13 48/14/14
f 570/11/11 1682/10/10 573/15/15
f 45/8/8 569/7/7 1683/17/17
f 569/7/7 3/6/6 575/19/19
f 1683/17/17 575/19/19 5/20/20
f 574/18/18 1683/17/17 576/21/21
f 6/23/23 578/26/26 1684/24/24
f 578/26/26 4/9/9 570/11/11
f 1684/24/24 570/11/11 46/16/16
f 577/25/25 1684/24/24 579/27/27
f 3/6/6 580/30/30 1685/29/29
f 580/30/30 9/43/43 581/31/31
f 1685/29/29 581/31/31 7/32/32
f 575/19/19 1685/29/29 582/33/33
f 8/34/34 584/37/37 1686/35/35
f 584/37/37 10/44/44 585/38/38
f 1686/35/35 585/38/38 4/9/9
f 583/36/36 1686/35/35 578/26/26
f 1/39/39 586/41/41 1687/40/40
f 586/41/41 11/49/49 587/42/42
f 1687/40/40 587/42/42 9/43/43
f 568/5/5 1687/40/40 580/30/30
f 10/44/44 588/46/46 1688/45/45
f 588/46/46 12/60/60 589/47/47
f 1688/45/45 589/47/47 2/48/48
f 585/38/38 1688/45/45 571/12/12
f 11/49/49 590/51/51 1689/50/50
f 590/51/51 13/80/80 591/52/52
f 1689/50/50 591/52/52 15/53/53
f 587/42/42 1689/50/50 592/54/54
f 16/55/55 594/58/58 1690/56/56
f 594/58/58 14/88/88 595/59/59
f 1690/56/56 595/59/59 12/60/60
f 593/57/57 1690/56/56 588/46/46
f 9/43/43 592/54/54 1691/61/61
f 592/54/54 15/53/53 596/62/62
f 1691/61/61 596/62/62 17/63/63
f 581/31/31 1691/61/61 597/64/64
f 18/65/65 599/68/68 1692/66/66
f 599/68/68 16/55/55 593/57/57
f 1692/66/66 593/57/57 10/44/44
f 598/67/67 1692/66/66 584/37/37
f 15/53/53 600/70/70 1693/69/69
f 600/70/70 21/94/94 601/71/71
f 1693/69/69 601/71/71 19/72/72
f 596/62/62 1693/69/69 602/73/73
f 604/74/74 1694/78/78 603/75/75
f 22/77/77 605/85/85 1694/78/78
f 1694/78/78 605/85/85 16/55/55
f 603/75/75 1694/78/78 599/68/68
f 606/79/79 1695/82/82 591/52/52
f 23/81/81 607/83/83 1695/82/82
f 607/83/83 21/94/94 600/70/70
f 1695/82/82 600/70/70 15/53/53
f 608/84/84 1696/87/87 605/85/85
f 608/84/84 24/100/100 609/86/86
f 1696/87/87 609/86/86 14/88/88
f 605/85/85 1696/87/87 594/58/58
f 23/81/81 610/91/91 1697/89/89
f 25/90/90 611/92/92 1697/89/89
f 611/92/92 27/101/101 612/93/93
f 607/83/83 1697/89/89 612/93/93
f 614/95/95 1698/99/99 613/96/96
f 26/98/98 615/194/194 1698/99/99
f 1698/99/99 615/194/194 24/100/100
f 613/96/96 1698/99/99 608/84/84
f 612/93/93 1699/102/102 601/71/71
f 27/101/101 616/103/103 1699/102/102
f 616/103/103 29/114/114 617/104/104
f 1699/102/102 617/104/104 19/72/72
f 619/105/105 1700/108/108 618/106/106
f 28/97/97 613/96/96 1700/108/108
f 613/96/96 22/77/77 604/74/74
f 1700/108/108 604/74/74 20/76/76
f 620/109/109 1701/111/111 616/103/103
f 33/110/110 621/112/112 1701/111/111
f 621/112/112 31/144/144 622/113/113
f 1701/111/111 622/113/113 29/114/114
f 624/115/115 1702/119/119 623/116/116
f 34/118/118 625/120/120 1702/119/119
f 625/120/120 28/97/97 619/105/105
f 1702/119/119 619/105/105 30/107/107
f 626/121/121 1703/123/123 611/92/92
f 35/122/122 627/124/124 1703/123/123
f 627/124/124 33/110/110 620/109/109
f 1703/123/123 620/109/109 27/101/101
f 628/125/125 1704/127/127 625/120/120
f 36/126/126 629/128/128 1704/127/127
f 629/128/128 26/98/98 614/95/95
f 1704/127/127 614/95/95 28/97/97
f 630/129/129 1705/131/131 627/124/124
f 37/130/130 631/132/132 1705/131/131
f 631/132/132 39/140/140 632/133/133
f 1705/131/131 632/133/133 33/110/110
f 634/134/134 1706/138/138 633/135/135
f 38/137/137 635/139/139 1706/138/138
f 635/139/139 36/126/126 628/125/125
f 1706/138/138 628/125/125 34/118/118
f 632/133/133 1707/141/141 621/112/112
f 39/140/140 636/142/142 1707/141/141
f 636/142/142 41/152/152 637/143/143
f 1707/141/141 637/143/143 31/144/144
f 639/145/145 1708/148/148 638/146/146
f 40/136/136 633/135/135 1708/148/148
f 633/135/135 34/118/118 624/115/115
f 1708/148/148 624/115/115 32/117/117
f 640/149/149 1709/150/150 636/142/142
f 45/8/8 574/18/18 1709/150/150
f 574/18/18 43/22/22 641/151/151
f 1709/150/150 641/151/151 41/152/152
f 579/27/27 1710/154/154 642/153/153
f 46/16/16 643/155/155 1710/154/154
f 643/155/155 40/136/136 639/145/145
f 1710/154/154 639/145/145 42/147/147
f 644/156/156 1711/157/157 631/132/132
f 47/1/1 566/3/3 1711/157/157
f 566/3/3 45/8/8 640/149/149
f 1711/157/157 640/149/149 39/140/140
f 573/15/15 1712/158/158 643/155/155
f 48/14/14 645/159/159 1712/158/158
f 645/159/159 38/137/137 634/134/134
f 1712/158/158 634/134/134 40/136/136
f 644/156/156 1713/161/161 646/160/160
f 37/130/130 647/162/162 1713/161/161
f 647/162/162 51/174/174 648/163/163
f 1713/161/161 648/163/163 49/164/164
f 650/165/165 1714/168/168 649/166/166
f 38/137/137 645/159/159 1714/168/168
f 645/159/159 48/14/14 651/169/169
f 1714/168/168 651/169/169 50/170/170
f 630/129/129 1715/171/171 647/162/162
f 35/122/122 652/172/172 1715/171/171
f 652/172/172 53/182/182 653/173/173
f 1715/171/171 653/173/173 51/174/174
f 655/175/175 1716/178/178 654/176/176
f 36/126/126 635/139/139 1716/178/178
f 635/139/139 38/137/137 650/165/165
f 1716/178/178 650/165/165 52/167/167
f 626/121/121 1717/179/179 652/172/172
f 25/90/90 656/180/180 1717/179/179
f 656/180/180 55/190/190 657/181/181
f 1717/179/179 657/181/181 53/182/182
f 659/183/183 1718/186/186 658/184/184
f 26/98/98 629/128/128 1718/186/186
f 629/128/128 36/126/126 655/175/175
f 1718/186/186 655/175/175 54/177/177
f 610/91/91 1719/187/187 656/180/180
f 23/81/81 660/188/188 1719/187/187
f 660/188/188 57/200/200 661/189/189
f 1719/187/187 661/189/189 55/190/190
f 663/191/191 1720/195/195 662/192/192
f 663/191/191 24/100/100 615/194/194
f 615/194/194 26/98/98 659/183/183
f 1720/195/195 659/183/183 56/185/185
f 606/79/79 1721/197/197 660/188/188
f 606/79/79 13/80/80 664/196/196
f 1721/197/197 664/196/196 59/198/198
f 660/188/188 1721/197/197 665/199/199
f 60/201/201 667/204/204 1722/202/202
f 667/204/204 14/88/88 609/86/86
f 1722/202/202 609/86/86 24/100/100
f 666/203/203 1722/202/202 663/191/191
f 13/80/80 590/51/51 1723/205/205
f 590/51/51 11/49/49 668/206/206
f 1723/205/205 668/206/206 63/207/207
f 664/196/196 1723/205/205 669/208/208
f 64/209/209 671/212/212 1724/210/210
f 671/212/212 12/60/60 595/59/59
f 1724/210/210 595/59/59 14/88/88
f 670/211/211 1724/210/210 667/204/204
f 11/49/49 586/41/41 1725/213/213
f 586/41/41 1/39/39 672/214/214
f 1725/213/213 672/214/214 65/215/215
f 668/206/206 1725/213/213 673/216/216
f 66/217/217 675/220/220 1726/218/218
f 675/220/220 2/48/48 589/47/47
f 1726/218/218 589/47/47 12/60/60
f 674/219/219 1726/218/218 671/212/212
f 1/39/39 567/4/4 1727/221/221
f 567/4/4 47/1/1 646/160/160
f 1727/221/221 646/160/160 49/164/164
f 672/214/214 1727/221/221 676/222/222
f 50/170/170 651/169/169 1728/223/223
f 651/169/169 48/14/14 572/13/13
f 1728/223/223 572/13/13 2/48/48
f 677/224/224 1728/223/223 675/220/220
f 679/225/225 1729/228/228 678/226/226
f 65/215/215 676/222/222 1729/228/228
f 49/164/164 678/226/226 1729/228/228
f 50/170/170 677/224/224 1730/229/229
f 66/217/217 681/231/231 1730/229/229
f 680/230/230 1730/229/229 681/231/231
f 63/207/207 673/216/216 1731/233/233
f 65/215/215 679/225/225 1731/233/233
f 682/234/234 1731/233/233 679/225/225
f 681/231/231 1732/236/236 683/235/235
f 66/217/217 674/219/219 1732/236/236
f 64/209/209 683/235/235 1732/236/236
f 684/237/237 1733/238/238 682/234/234
f 59/198/198 669/208/208 1733/238/238
f 63/207/207 682/234/234 1733/238/238
f 64/209/209 670/211/211 1734/239/239
f 60/201/201 685/240/240 1734/239/239
f 683/235/235 1734/239/239 685/240/240
f 686/241/241 1735/242/242 684/237/237
f 57/200/200 665/199/199 1735/242/242
f 59/198/198 684/237/237 1735/242/242
f 60/201/201 666/203/203 1736/243/243
f 58/193/193 687/244/244 1736/243/243
f 685/240/240 1736/243/243 687/244/244
f 688/245/245 1737/246/246 686/241/241
f 55/190/190 661/189/189 1737/246/246
f 57/200/200 686/241/241 1737/246/246
f 58/193/193 662/192/192 1738/247/247
f 56/185/185 689/248/248 1738/247/247
f 687/244/244 1738/247/247 689/248/248
f 690/249/249 1739/250/250 688/245/245
f 53/182/182 657/181/181 1739/250/250
f 55/190/190 688/245/245 1739/250/250
f 56/185/185 658/184/184 1740/251/251
f 54/177/177 691/252/252 1740/251/251
f 689/248/248 1740/251/251 691/252/252
f 692/253/253 1741/254/254 690/249/249
f 51/174/174 653/173/173 1741/254/254
f 53/182/182 690/249/249 1741/254/254
f 54/177/177 654/176/176 1742/255/255
f 52/167/167 693/256/256 1742/255/255
f 691/252/252 1742/255/255 693/256/256
f 678/226/226 1743/257/257 692/253/253
f 49/164/164 648/163/163 1743/257/257
f 51/174/174 692/253/253 1743/257/257
f 52/167/167 649/166/166 1744/258/258
f 50/170/170 680/230/230 1744/258/258
f 693/256/256 1744/258/258 680/230/230
f 743/259/259 1745/263/263 752/260/260
f 149/262/262 753/264/264 1745/263/263
f 753/264/264 151/489/489 749/265/265
f 1745/263/263 749/265/265 146/266/266
f 754/267/267 1746/271/271 750/268/268
f 150/270/270 744/272/272 1746/271/271
f 744/272/272 145/261/261 752/260/260
f 1746/271/271 752/260/260 146/266/266
f 766/273/273 1747/277/277 765/274/274
f 158/276/276 767/278/278 1747/277/277
f 767/278/278 157/282/282 768/279/279
f 1747/277/277 768/279/279 155/280/280
f 767/278/278 1748/283/283 769/281/281
f 158/276/276 770/284/284 1748/283/283
f 770/284/284 144/319/319 771/285/285
f 1748/283/283 771/285/285 156/286/286
f 761/287/287 1749/290/290 772/288/288
f 155/280/280 768/279/279 1749/290/290
f 768/279/279 157/282/282 773/291/291
f 1749/290/290 773/291/291 68/292/292
f 769/281/281 1750/293/293 773/291/291
f 156/286/286 762/294/294 1750/293/293
f 762/294/294 154/301/301 774/295/295
f 1750/293/293 774/295/295 68/292/292
f 776/296/296 1751/300/300 775/297/297
f 776/296/296 130/407/407 763/299/299
f 1751/300/300 763/299/299 153/289/289
f 1751/300/300 772/288/288 68/292/292
f 154/301/301 764/303/303 1752/302/302
f 764/303/303 131/425/425 777/304/304
f 777/304/304 129/298/298 775/297/297
f 1752/302/302 775/297/297 68/292/292
f 141/305/305 779/308/308 1753/306/306
f 779/308/308 161/387/387 780/309/309
f 1753/306/306 780/309/309 159/310/310
f 778/307/307 1753/306/306 781/311/311
f 160/312/312 783/315/315 1754/313/313
f 783/315/315 162/327/327 784/316/316
f 1754/313/313 784/316/316 142/317/317
f 782/314/314 1754/313/313 785/318/318
f 787/320/320 1755/324/324 786/321/321
f 163/323/323 788/325/325 1755/324/324
f 788/325/325 161/387/387 779/308/308
f 1755/324/324 779/308/308 141/305/305
f 789/326/326 1756/329/329 784/316/316
f 164/328/328 790/330/330 1756/329/329
f 790/330/330 140/343/343 791/331/331
f 1756/329/329 791/331/331 142/317/317
f 793/332/332 1757/336/336 792/333/333
f 165/335/335 794/337/337 1757/336/336
f 794/337/337 163/323/323 787/320/320
f 1757/336/336 787/320/320 139/322/322
f 795/338/338 1758/340/340 790/330/330
f 166/339/339 796/341/341 1758/340/340
f 796/341/341 138/334/334 797/342/342
f 1758/340/340 797/342/342 140/343/343
f 137/344/344 799/347/347 1759/345/345
f 799/347/347 70/366/366 800/348/348
f 800/348/348 165/335/335 793/332/332
f 798/346/346 1759/345/345 793/332/332
f 801/349/349 1760/350/350 796/341/341
f 801/349/349 70/366/366 799/347/347
f 1760/350/350 799/347/347 137/344/344
f 796/341/341 1760/350/350 798/346/346
f 766/273/273 1761/352/352 802/351/351
f 143/275/275 781/311/311 1761/352/352
f 781/311/311 159/310/310 803/353/353
f 1761/352/352 803/353/353 69/354/354
f 782/314/314 1762/356/356 804/355/355
f 144/319/319 770/284/284 1762/356/356
f 770/284/284 158/276/276 802/351/351
f 1762/356/356 802/351/351 69/354/354
f 803/353/353 1763/358/358 805/357/357
f 159/310/310 806/359/359 1763/358/358
f 806/359/359 174/404/404 807/360/360
f 1763/358/358 807/360/360 176/361/361
f 809/362/362 1764/365/365 808/363/363
f 160/312/312 804/355/355 1764/365/365
f 804/355/355 69/354/354 805/357/357
f 1764/365/365 805/357/357 176/361/361
f 70/366/366 810/368/368 1765/367/367
f 810/368/368 167/398/398 811/369/369
f 1765/367/367 811/369/369 168/370/370
f 800/348/348 1765/367/367 812/371/371
f 169/372/372 814/375/375 1766/373/373
f 814/375/375 167/398/398 810/368/368
f 1766/373/373 810/368/368 70/366/366
f 813/374/374 1766/373/373 801/349/349
f 812/371/371 1767/377/377 794/337/337
f 812/371/371 168/370/370 815/376/376
f 1767/377/377 815/376/376 170/378/378
f 1767/377/377 816/379/379 163/323/323
f 171/380/380 818/383/383 1768/381/381
f 818/383/383 169/372/372 813/374/374
f 813/374/374 166/339/339 795/338/338
f 1768/381/381 795/338/338 164/328/328
f 816/379/379 1769/384/384 788/325/325
f 170/378/378 819/385/385 1769/384/384
f 819/385/385 172/393/393 820/386/386
f 1769/384/384 820/386/386 161/387/387
f 822/388/388 1770/391/391 821/389/389
f 171/380/380 817/382/382 1770/391/391
f 817/382/382 164/328/328 789/326/326
f 1770/391/391 789/326/326 162/327/327
f 161/387/387 820/386/386 1771/392/392
f 172/393/393 823/394/394 1771/392/392
f 823/394/394 174/404/404 806/359/359
f 780/309/309 1771/392/392 806/359/359
f 824/395/395 1772/396/396 809/362/362
f 173/390/390 821/389/389 1772/396/396
f 1772/396/396 821/389/389 162/327/327
f 809/362/362 1772/396/396 783/315/315
f 825/397/397 1773/399/399 811/369/369
f 172/393/393 819/385/385 1773/399/399
f 1773/399/399 819/385/385 170/378/378
f 1773/399/399 815/376/376 168/370/370
f 171/380/380 822/388/388 1774/400/400
f 173/390/390 826/401/401 1774/400/400
f 826/401/401 167/398/398 814/375/375
f 1774/400/400 814/375/375 169/372/372
f 827/402/402 1775/403/403 825/397/397
f 827/402/402 176/361/361 807/360/360
f 1775/403/403 807/360/360 174/404/404
f 825/397/397 1775/403/403 823/394/394
f 175/364/364 808/363/363 1776/405/405
f 808/363/363 176/361/361 827/402/402
f 827/402/402 167/398/398 826/401/401
f 824/395/395 1776/405/405 826/401/401
f 776/296/296 1777/408/408 835/406/406
f 129/298/298 836/409/409 1777/408/408
f 836/409/409 71/413/413 837/410/410
f 1777/408/408 837/410/410 186/411/411
f 836/409/409 1778/414/414 838/412/412
f 129/298/298 777/304/304 1778/414/414
f 777/304/304 131/425/425 839/415/415
f 1778/414/414 839/415/415 187/416/416
f 759/417/417 1779/420/420 840/418/418
f 130/407/407 835/406/406 1779/420/420
f 1779/420/420 835/406/406 186/411/411
f 840/418/418 1779/420/420 841/421/421
f 187/416/416 839/415/415 1780/423/423
f 131/425/425 760/426/426 1780/423/423
f 760/426/426 133/437/437 843/427/427
f 842/424/424 1780/423/423 843/427/427
f 134/429/429 757/432/432 1781/430/430
f 132/419/419 840/418/418 1781/430/430
f 1781/430/430 840/418/418 184/422/422
f 844/431/431 1781/430/430 845/433/433
f 185/428/428 843/427/427 1782/435/435
f 133/437/437 758/2104/2035 1782/435/435
f 1782/435/435 758/2104/2035 135/438/438
f 846/436/436 1782/435/435 847/439/439
f 136/441/441 755/444/444 1783/442/442
f 755/444/444 134/429/429 844/431/431
f 1783/442/442 844/431/431 182/434/434
f 848/443/443 1783/442/442 849/445/445
f 183/440/440 847/439/439 1784/447/447
f 847/439/439 135/438/438 756/449/449
f 1784/447/447 756/449/449 136/441/441
f 850/448/448 1784/447/447 848/443/443
f 849/445/445 1785/451/451 851/450/450
f 182/434/434 852/452/452 1785/451/451
f 852/452/452 193/463/463 853/453/453
f 1785/451/451 853/453/453 195/454/454
f 855/455/455 1786/458/458 854/456/456
f 183/440/440 850/448/448 1786/458/458
f 850/448/448 181/446/446 851/450/450
f 1786/458/458 851/450/450 195/454/454
f 182/434/434 845/433/433 1787/459/459
f 845/433/433 184/422/422 856/460/460
f 1787/459/459 856/460/460 191/461/461
f 1787/459/459 857/462/462 193/463/463
f 192/464/464 859/467/467 1788/465/465
f 859/467/467 185/428/428 846/436/436
f 1788/465/465 846/436/436 183/440/440
f 1788/465/465 855/455/455 194/457/457
f 184/422/422 841/421/421 1789/468/468
f 841/421/421 186/411/411 860/469/469
f 1789/468/468 860/469/469 189/470/470
f 856/460/460 1789/468/468 861/471/471
f 190/472/472 863/475/475 1790/473/473
f 863/475/475 187/416/416 842/424/424
f 1790/473/473 842/424/424 185/428/428
f 862/474/474 1790/473/473 859/467/467
f 837/410/410 1791/476/476 860/469/469
f 71/413/413 864/477/477 1791/476/476
f 864/477/477 188/480/480 865/478/478
f 1791/476/476 865/478/478 189/470/470
f 864/477/477 1792/481/481 866/479/479
f 71/413/413 838/412/412 1792/481/481
f 838/412/412 187/416/416 863/475/475
f 1792/481/481 863/475/475 190/472/472
f 188/480/480 867/483/483 1793/482/482
f 867/483/483 195/454/454 853/453/453
f 1793/482/482 853/453/453 193/463/463
f 865/478/478 1793/482/482 868/484/484
f 194/457/457 854/456/456 1794/485/485
f 854/456/456 195/454/454 867/483/483
f 1794/485/485 867/483/483 188/480/480
f 869/486/486 1794/485/485 866/479/479
f 868/484/484 1795/487/487 861/471/471
f 857/462/462 1795/487/487 868/484/484
f 191/461/461 861/471/471 1795/487/487
f 192/464/464 858/466/466 1796/488/488
f 869/486/486 1796/488/488 858/466/466
f 862/474/474 1796/488/488 869/486/486
f 151/489/489 753/264/264 1797/490/490
f 753/264/264 149/262/262 871/492/492
f 1797/490/490 871/492/492 198/493/493
f 870/491/491 1797/490/490 872/494/494
f 199/496/496 874/499/499 1798/497/497
f 874/499/499 150/270/270 754/267/267
f 1798/497/497 754/267/267 152/269/269
f 873/498/498 1798/497/497 875/500/500
f 111/502/502 748/505/505 1799/503/503
f 748/505/505 151/489/489 870/491/491
f 1799/503/503 870/491/491 196/495/495
f 876/504/504 1799/503/503 877/506/506
f 197/501/501 875/500/500 1800/508/508
f 875/500/500 152/269/269 751/510/510
f 1800/508/508 751/510/510 112/511/511
f 878/509/509 1800/508/508 879/512/512
f 109/514/514 746/517/517 1801/515/515
f 746/517/517 111/502/502 876/504/504
f 1801/515/515 876/504/504 218/507/507
f 1801/515/515 881/518/518 220/519/519
f 219/513/513 879/512/512 1802/520/520
f 879/512/512 112/511/511 747/522/522
f 1802/520/520 747/522/522 110/523/523
f 1802/520/520 883/524/524 221/525/525
f 149/262/262 742/528/528 1803/526/526
f 113/527/527 884/529/529 1803/526/526
f 884/529/529 216/541/541 885/530/530
f 1803/526/526 885/530/530 198/493/493
f 887/531/531 1804/535/535 886/532/532
f 114/534/534 745/2053/1984 1804/535/535
f 1804/535/535 745/2053/1984 150/270/270
f 1804/535/535 874/499/499 199/496/496
f 740/536/536 1805/538/538 884/529/529
f 740/536/536 115/547/547 888/537/537
f 1805/538/538 888/537/537 214/539/539
f 1805/538/538 889/540/540 216/541/541
f 215/542/542 891/545/545 1806/543/543
f 891/545/545 116/558/558 741/546/546
f 741/546/546 114/534/534 887/531/531
f 1806/543/543 887/531/531 217/533/533
f 115/547/547 738/549/549 1807/548/548
f 738/549/549 117/559/559 892/550/550
f 1807/548/548 892/550/550 212/551/551
f 888/537/537 1807/548/548 893/552/552
f 213/553/553 895/556/556 1808/554/554
f 895/556/556 118/570/570 739/557/557
f 1808/554/554 739/557/557 116/558/558
f 894/555/555 1808/554/554 891/545/545
f 117/559/559 736/561/561 1809/560/560
f 736/561/561 119/571/571 896/562/562
f 1809/560/560 896/562/562 210/563/563
f 892/550/550 1809/560/560 897/564/564
f 211/565/565 899/568/568 1810/566/566
f 899/568/568 120/582/582 737/569/569
f 1810/566/566 737/569/569 118/570/570
f 898/567/567 1810/566/566 895/556/556
f 119/571/571 734/573/573 1811/572/572
f 734/573/573 121/584/584 900/574/574
f 1811/572/572 900/574/574 208/575/575
f 896/562/562 1811/572/572 901/576/576
f 209/577/577 903/580/580 1812/578/578
f 903/580/580 122/1990/1921 735/581/581
f 1812/578/578 735/581/581 120/582/582
f 902/579/579 1812/578/578 899/568/568
f 732/583/583 1813/586/586 900/574/574
f 123/585/585 904/587/587 1813/586/586
f 904/587/587 206/600/600 905/588/588
f 1813/586/586 905/588/588 208/575/575
f 907/589/589 1814/593/593 906/590/590
f 124/592/592 733/594/594 1814/593/593
f 733/594/594 122/1990/1921 903/580/580
f 1814/593/593 903/580/580 209/577/577
f 730/595/595 1815/597/597 904/587/587
f 125/596/596 908/598/598 1815/597/597
f 908/598/598 204/612/612 909/599/599
f 1815/597/597 909/599/599 206/600/600
f 911/601/601 1816/605/605 910/602/602
f 126/604/604 731/606/606 1816/605/605
f 731/606/606 124/592/592 907/589/589
f 1816/605/605 907/589/589 207/591/591
f 125/596/596 728/608/608 1817/607/607
f 728/608/608 147/618/618 912/609/609
f 1817/607/607 912/609/609 200/610/610
f 908/598/598 1817/607/607 913/611/611
f 201/613/613 915/616/616 1818/614/614
f 915/616/616 148/629/629 729/617/617
f 1818/614/614 729/617/617 126/604/604
f 914/615/615 1818/614/614 911/601/601
f 147/618/618 726/620/620 1819/619/619
f 726/620/620 127/631/631 916/621/621
f 1819/619/619 916/621/621 202/622/622
f 912/609/609 1819/619/619 917/623/623
f 203/624/624 919/627/627 1820/625/625
f 919/627/627 128/2040/1971 727/628/628
f 1820/625/625 727/628/628 148/629/629
f 918/626/626 1820/625/625 915/616/616
f 724/630/630 1821/632/632 916/621/621
f 724/630/630 109/514/514 880/516/516
f 1821/632/632 880/516/516 220/519/519
f 916/621/621 1821/632/632 920/633/633
f 221/525/525 883/524/524 1822/634/634
f 883/524/524 110/523/523 725/636/636
f 725/636/636 128/2040/1971 919/627/627
f 921/635/635 1822/634/634 919/627/627
f 202/622/622 920/633/633 1823/637/637
f 920/633/633 220/519/519 923/639/639
f 923/639/639 222/724/724 924/640/640
f 1823/637/637 924/640/640 240/641/641
f 926/642/642 1824/645/645 925/643/643
f 926/642/642 221/525/525 921/635/635
f 1824/645/645 921/635/635 203/624/624
f 1824/645/645 927/646/646 241/647/647
f 200/610/610 917/623/623 1825/648/648
f 917/623/623 202/622/622 922/638/638
f 1825/648/648 922/638/638 240/641/641
f 928/649/649 1825/648/648 929/650/650
f 241/647/647 927/646/646 1826/652/652
f 927/646/646 203/624/624 918/626/626
f 1826/652/652 918/626/626 201/613/613
f 930/653/653 1826/652/652 931/654/654
f 204/612/612 913/611/611 1827/656/656
f 913/611/611 200/610/610 928/649/649
f 1827/656/656 928/649/649 242/651/651
f 932/657/657 1827/656/656 933/658/658
f 243/655/655 931/654/654 1828/660/660
f 931/654/654 201/613/613 914/615/615
f 1828/660/660 914/615/615 205/603/603
f 934/661/661 1828/660/660 935/662/662
f 909/599/599 1829/665/665 936/664/664
f 204/612/612 932/657/657 1829/665/665
f 932/657/657 238/659/659 937/666/666
f 1829/665/665 937/666/666 236/667/667
f 935/662/662 1830/669/669 938/668/668
f 205/603/603 910/602/602 1830/669/669
f 910/602/602 207/591/591 939/670/670
f 1830/669/669 939/670/670 237/671/671
f 905/588/588 1831/673/673 940/672/672
f 206/600/600 936/664/664 1831/673/673
f 936/664/664 236/667/667 941/674/674
f 940/672/672 1831/673/673 941/674/674
f 939/670/670 1832/677/677 942/676/676
f 207/591/591 906/590/590 1832/677/677
f 906/590/590 209/577/577 943/678/678
f 942/676/676 1832/677/677 943/678/678
f 210/563/563 901/576/576 1833/680/680
f 901/576/576 208/575/575 940/672/672
f 1833/680/680 940/672/672 234/675/675
f 944/681/681 1833/680/680 945/682/682
f 235/679/679 943/678/678 1834/684/684
f 943/678/678 209/577/577 902/579/579
f 1834/684/684 902/579/579 211/565/565
f 946/685/685 1834/684/684 947/686/686
f 212/551/551 897/564/564 1835/688/688
f 897/564/564 210/563/563 944/681/681
f 1835/688/688 944/681/681 232/683/683
f 948/689/689 1835/688/688 949/690/690
f 233/687/687 947/686/686 1836/692/692
f 947/686/686 211/565/565 898/567/567
f 1836/692/692 898/567/567 213/553/553
f 950/693/693 1836/692/692 951/694/694
f 214/539/539 893/552/552 1837/696/696
f 893/552/552 212/551/551 948/689/689
f 948/689/689 230/691/691 953/698/698
f 1837/696/696 953/698/698 228/699/699
f 951/694/694 1838/701/701 954/700/700
f 951/694/694 213/553/553 894/555/555
f 1838/701/701 894/555/555 215/542/542
f 1838/701/701 955/702/702 229/703/703
f 889/540/540 1839/705/705 956/704/704
f 214/539/539 952/697/697 1839/705/705
f 952/697/697 228/699/699 957/706/706
f 1839/705/705 957/706/706 226/707/707
f 955/702/702 1840/709/709 958/708/708
f 215/542/542 890/544/544 1840/709/709
f 890/544/544 217/533/533 959/710/710
f 1840/709/709 959/710/710 227/711/711
f 198/493/493 885/530/530 1841/712/712
f 216/541/541 956/704/704 1841/712/712
f 956/704/704 226/707/707 961/714/714
f 960/713/713 1841/712/712 961/714/714
f 959/710/710 1842/717/717 962/716/716
f 217/533/533 886/532/532 1842/717/717
f 1842/717/717 886/532/532 199/496/496
f 962/716/716 1842/717/717 963/718/718
f 220/519/519 881/518/518 1843/720/720
f 881/518/518 218/507/507 964/721/721
f 1843/720/720 964/721/721 224/722/722
f 923/639/639 1843/720/720 965/723/723
f 225/725/725 967/728/728 1844/726/726
f 967/728/728 219/513/513 882/521/521
f 1844/726/726 882/521/521 221/525/525
f 966/727/727 1844/726/726 926/642/642
f 218/507/507 877/506/506 1845/729/729
f 877/506/506 196/495/495 968/730/730
f 1845/729/729 968/730/730 246/731/731
f 964/721/721 1845/729/729 969/732/732
f 247/733/733 971/736/736 1846/734/734
f 971/736/736 197/501/501 878/509/509
f 1846/734/734 878/509/509 219/513/513
f 970/735/735 1846/734/734 967/728/728
f 196/495/495 872/494/494 1847/737/737
f 872/494/494 198/493/493 960/713/713
f 1847/737/737 960/713/713 244/715/715
f 968/730/730 1847/737/737 972/738/738
f 245/719/719 963/718/718 1848/739/739
f 963/718/718 199/496/496 873/498/498
f 1848/739/739 873/498/498 197/501/501
f 973/740/740 1848/739/739 971/736/736
f 718/741/741 1849/745/745 975/742/742
f 103/744/744 977/746/746 1849/745/745
f 977/746/746 250/2273/2157 978/747/747
f 1849/745/745 978/747/747 248/748/748
f 980/749/749 1850/753/753 979/750/750
f 104/752/752 719/754/754 1850/753/753
f 719/754/754 106/2030/1961 976/755/755
f 1850/753/753 976/755/755 249/756/756
f 982/757/757 1851/761/761 981/758/758
f 259/760/760 983/762/762 1851/761/761
f 983/762/762 278/854/848 984/763/763
f 1851/761/761 984/763/763 288/764/764
f 986/765/765 1852/769/768 985/766/766
f 259/768/760 982/770/757 1852/769/768
f 982/770/757 258/780/759 987/771/769
f 1852/769/768 987/771/769 289/772/770
f 989/773/771 1853/776/774 988/774/772
f 258/759/759 981/758/758 1853/776/774
f 981/758/758 288/764/764 990/777/775
f 1853/776/774 990/777/775 286/778/776
f 987/771/769 1854/781/778 991/779/777
f 258/780/759 989/782/771 1854/781/778
f 989/782/771 257/792/773 992/783/779
f 1854/781/778 992/783/779 287/784/780
f 994/785/781 1855/788/784 993/786/782
f 257/775/773 988/774/772 1855/788/784
f 988/774/772 286/778/776 995/789/785
f 1855/788/784 995/789/785 290/790/786
f 992/783/779 1856/793/788 996/791/787
f 257/792/773 994/794/781 1856/793/788
f 994/794/781 256/787/783 997/795/789
f 1856/793/788 997/795/789 291/796/790
f 88/797/791 694/800/794 1857/798/792
f 694/800/794 90/2109/2040 999/801/795
f 1857/798/792 999/801/795 256/787/783
f 998/799/793 1857/798/792 993/786/782
f 256/787/783 999/801/795 1858/802/796
f 999/801/795 90/2109/2040 695/803/797
f 1858/802/796 695/803/797 89/804/798
f 997/795/789 1858/802/796 1000/805/799
f 86/806/800 696/809/803 1859/807/801
f 696/809/803 88/797/791 998/799/793
f 1859/807/801 998/799/793 290/790/786
f 1001/808/802 1859/807/801 1002/810/804
f 291/796/790 1000/805/799 1860/812/806
f 1000/805/799 89/804/798 697/814/808
f 1860/812/806 697/814/808 87/815/809
f 1003/813/807 1860/812/806 1004/816/810
f 84/818/812 698/821/815 1861/819/813
f 698/821/815 86/806/800 1001/808/802
f 1861/819/813 1001/808/802 284/811/805
f 1005/820/814 1861/819/813 1006/822/816
f 285/817/811 1004/816/810 1862/824/818
f 1004/816/810 87/815/809 699/826/820
f 1862/824/818 699/826/820 85/827/821
f 1007/825/819 1862/824/818 1008/828/822
f 82/830/824 700/833/827 1863/831/825
f 700/833/827 84/818/812 1005/820/814
f 1863/831/825 1005/820/814 280/823/817
f 1009/832/826 1863/831/825 1010/834/828
f 281/829/823 1008/828/822 1864/836/830
f 1008/828/822 85/827/821 701/838/832
f 1864/836/830 701/838/832 83/839/833
f 1011/837/831 1864/836/830 1012/840/834
f 1013/842/836 1865/843/837 1010/834/828
f 1013/842/836 286/778/776 990/777/775
f 1865/843/837 990/777/775 288/764/764
f 1865/843/837 1014/844/838 282/835/829
f 289/772/770 991/779/777 1866/845/839
f 991/779/777 287/784/780 1016/847/841
f 1016/847/841 281/829/823 1011/837/831
f 1866/845/839 1011/837/831 283/841/835
f 280/823/817 1006/822/816 1867/848/842
f 284/811/805 1002/810/804 1867/848/842
f 1002/810/804 290/790/786 995/789/785
f 1867/848/842 995/789/785 286/778/776
f 1003/813/807 1868/849/843 996/791/787
f 285/817/811 1007/825/819 1868/849/843
f 1868/849/843 1007/825/819 281/829/823
f 1868/849/843 1016/847/841 287/784/780
f 276/850/844 1018/853/847 1869/851/845
f 1018/853/847 282/835/829 1014/844/838
f 1014/844/838 288/764/764 984/763/763
f 1869/851/845 984/763/763 278/854/848
f 1015/846/840 1870/856/850 985/766/766
f 1015/846/840 283/841/835 1019/855/849
f 1870/856/850 1019/855/849 277/857/851
f 1870/856/850 1020/858/852 279/767/767
f 80/859/853 702/862/856 1871/860/854
f 702/862/856 82/830/824 1009/832/826
f 1871/860/854 1009/832/826 282/835/829
f 1021/861/855 1871/860/854 1018/853/847
f 283/841/835 1012/840/834 1872/863/857
f 1012/840/834 83/839/833 703/864/858
f 1872/863/857 703/864/858 81/865/859
f 1019/855/849 1872/863/857 1022/866/860
f 1023/867/861 1873/871/865 831/868/862
f 1023/867/861 292/948/935 1024/870/864
f 1873/871/865 1024/870/864 294/872/866
f 831/868/862 1873/871/865 1025/873/867
f 295/875/869 1027/878/872 1874/876/870
f 1027/878/872 293/886/880 1028/879/873
f 1028/879/873 178/889/883 832/880/874
f 1026/877/871 1874/876/870 832/880/874
f 1021/861/855 1875/883/877 829/882/876
f 276/850/844 1029/884/878 1875/883/877
f 1029/884/878 292/948/935 1023/867/861
f 1875/883/877 1023/867/861 177/869/863
f 1030/885/879 1876/887/881 1028/879/873
f 277/857/851 1022/866/860 1876/887/881
f 1022/866/860 81/865/859 830/888/882
f 1876/887/881 830/888/882 178/889/883
f 78/890/884 833/893/887 1877/891/885
f 179/874/868 1025/873/867 1877/891/885
f 1025/873/867 294/872/866 1032/894/888
f 1031/892/886 1877/891/885 1032/894/888
f 1026/877/871 1878/897/891 1033/896/890
f 180/881/875 834/2061/1992 1878/897/891
f 1878/897/891 834/2061/1992 79/898/892
f 1033/896/890 1878/897/891 1034/899/893
f 1036/901/895 1879/905/899 1035/902/896
f 274/904/898 1037/906/900 1879/905/899
f 1037/906/900 302/918/910 1038/907/901
f 1879/905/899 1038/907/901 254/908/902
f 1040/909/903 1880/913/907 1039/910/904
f 275/912/906 1041/914/908 1880/913/907
f 1041/914/908 76/962/897 1035/915/896
f 1880/913/907 1035/915/896 254/916/902
f 1038/907/901 1881/919/911 1042/917/909
f 302/918/910 1043/920/912 1881/919/911
f 1043/920/912 300/1108/1085 1044/921/913
f 1881/919/911 1044/921/913 77/922/914
f 1046/923/915 1882/926/918 1045/924/916
f 303/911/905 1039/910/904 1882/926/918
f 1039/910/904 254/916/902 1042/927/909
f 1882/926/918 1042/927/909 77/928/914
f 1044/921/913 1883/931/921 1047/929/919
f 1044/921/913 300/1108/1085 1048/930/920
f 1048/930/920 298/1107/1084 1049/932/922
f 1047/929/919 1883/931/921 1049/932/922
f 1051/934/924 1884/937/927 1050/935/925
f 1051/934/924 301/925/917 1045/924/916
f 1045/924/916 77/928/914 1047/938/919
f 1050/935/925 1884/937/927 1047/938/919
f 255/933/923 1049/932/922 1885/940/928
f 1049/932/922 298/1107/1084 1053/942/930
f 1885/940/928 1053/942/930 278/854/848
f 1052/941/929 1885/940/928 983/762/762
f 279/767/767 1054/944/932 1886/943/931
f 1054/944/932 299/936/926 1050/935/925
f 1886/943/931 1050/935/925 255/939/923
f 986/765/765 1886/943/931 1052/945/929
f 1017/852/846 1887/946/933 1029/884/878
f 278/854/848 1053/942/930 1887/946/933
f 1053/942/930 298/1107/1084 1055/947/934
f 1887/946/933 1055/947/934 292/948/935
f 1054/944/932 1888/950/937 1056/949/936
f 279/767/767 1020/858/852 1888/950/937
f 1020/858/852 277/857/851 1030/885/879
f 1888/950/937 1030/885/879 293/886/880
f 1060/951/938 1889/955/942 1059/952/939
f 266/954/941 1061/956/943 1889/955/942
f 1061/956/943 274/904/898 1036/901/895
f 1889/955/942 1036/901/895 76/903/897
f 1062/957/944 1890/959/946 1041/914/908
f 267/958/945 1063/960/947 1890/959/946
f 1063/960/947 75/997/940 1059/961/939
f 1890/959/946 1059/961/939 76/962/897
f 1065/963/948 1891/967/952 1064/964/949
f 308/966/951 1066/968/953 1891/967/952
f 1066/968/953 306/981/964 1067/969/954
f 1891/967/952 1067/969/954 253/970/955
f 1069/971/956 1892/975/960 1068/972/957
f 309/974/959 1070/976/961 1892/975/960
f 1070/976/961 252/1079/950 1064/977/949
f 1892/975/960 1064/977/949 253/978/955
f 253/970/955 1067/969/954 1893/979/962
f 306/981/964 1072/1056/1035 1893/979/962
f 1893/979/962 1072/1056/1035 304/982/965
f 1071/980/963 1893/979/962 1073/983/966
f 305/985/968 1075/988/971 1894/986/969
f 307/973/958 1068/972/957 1894/986/969
f 1894/986/969 1068/972/957 253/978/955
f 1074/987/970 1894/986/969 1071/989/963
f 74/984/967 1073/983/966 1895/991/972
f 1073/983/966 304/982/965 1077/993/974
f 1077/993/974 266/954/941 1060/951/938
f 1076/992/973 1895/991/972 1060/951/938
f 1078/994/975 1896/995/976 1063/960/947
f 1078/994/975 305/985/968 1074/987/970
f 1896/995/976 1074/987/970 74/990/967
f 1063/960/947 1896/995/976 1076/996/973
f 314/998/977 1079/1001/980 1897/999/978
f 1079/1001/980 312/1085/1062 1082/1002/981
f 1897/999/978 1082/1002/981 318/1003/982
f 1081/1000/979 1897/999/978 1083/1004/983
f 319/1006/985 1085/1009/988 1898/1007/986
f 1085/1009/988 313/1091/1068 1080/1010/989
f 1898/1007/986 1080/1010/989 315/1011/990
f 1084/1008/987 1898/1007/986 1086/1012/991
f 316/1005/984 1083/1004/983 1899/1014/993
f 1083/1004/983 318/1003/982 1088/1016/995
f 1899/1014/993 1088/1016/995 320/1017/996
f 1087/1015/994 1899/1014/993 1089/1018/997
f 321/1020/999 1091/1023/1002 1900/1021/1000
f 1091/1023/1002 319/1006/985 1084/1008/987
f 1900/1021/1000 1084/1008/987 317/1013/992
f 1090/1022/1001 1900/1021/1000 1092/1024/1003
f 1089/1018/997 1901/1027/1006 1093/1026/1005
f 320/1017/996 1094/1028/1007 1901/1027/1006
f 1094/1028/1007 326/1043/1022 1095/1029/1008
f 1901/1027/1006 1095/1029/1008 324/1030/1009
f 1097/1031/1010 1902/1034/1013 1096/1032/1011
f 321/1020/999 1090/1022/1001 1902/1034/1013
f 1090/1022/1001 323/1025/1004 1098/1035/1014
f 1902/1034/1013 1098/1035/1014 325/1036/1015
f 264/1037/1016 1100/1041/1020 1903/1038/1017
f 328/1040/1019 1101/1042/1021 1903/1038/1017
f 1101/1042/1021 324/1030/1009 1095/1029/1008
f 1903/1038/1017 1095/1029/1008 326/1043/1022
f 1102/1044/1023 1904/1046/1025 1096/1032/1011
f 329/1045/1024 1103/1143/1120 1904/1046/1025
f 1904/1046/1025 1103/1143/1120 265/1047/1026
f 1904/1046/1025 1104/1048/1027 327/1033/1012
f 266/954/941 1077/993/974 1905/1049/1028
f 1077/993/974 304/982/965 1106/1051/1030
f 1905/1049/1028 1106/1051/1030 324/1030/1009
f 1105/1050/1029 1905/1049/1028 1101/1042/1021
f 325/1036/1015 1107/1053/1032 1906/1052/1031
f 1107/1053/1032 305/985/968 1078/994/975
f 1906/1052/1031 1078/994/975 267/958/945
f 1102/1044/1023 1906/1052/1031 1108/1054/1033
f 304/982/965 1072/1056/1035 1907/1055/1034
f 1072/1056/1035 306/981/964 1109/1057/1036
f 1907/1055/1034 1109/1057/1036 322/1019/998
f 1106/1051/1030 1907/1055/1034 1093/1026/1005
f 323/1025/1004 1110/1059/1038 1908/1058/1037
f 1110/1059/1038 307/973/958 1075/988/971
f 1908/1058/1037 1075/988/971 305/985/968
f 1098/1035/1014 1908/1058/1037 1107/1053/1032
f 306/981/964 1066/968/953 1909/1060/1039
f 1066/968/953 308/966/951 1111/1061/1040
f 1909/1060/1039 1111/1061/1040 316/1005/984
f 1109/1057/1036 1909/1060/1039 1087/1015/994
f 317/1013/992 1112/1063/1042 1910/1062/1041
f 1112/1063/1042 309/974/959 1069/971/956
f 1910/1062/1041 1069/971/956 307/973/958
f 1092/1024/1003 1910/1062/1041 1110/1059/1038
f 308/966/951 1113/1065/1044 1911/1064/1043
f 1113/1065/1044 310/1073/1052 1114/1066/1045
f 1911/1064/1043 1114/1066/1045 314/998/977
f 1911/1064/1043 1081/1000/979 316/1005/984
f 315/1011/990 1115/1068/1047 1912/1067/1046
f 1115/1068/1047 311/1075/1054 1116/1069/1048
f 1912/1067/1046 1116/1069/1048 309/974/959
f 1912/1067/1046 1112/1063/1042 317/1013/992
f 1118/1070/1049 1913/1074/1053 1117/1071/1050
f 310/1073/1052 1113/1065/1044 1913/1074/1053
f 1113/1065/1044 308/966/951 1065/963/948
f 1913/1074/1053 1065/963/948 252/965/950
f 1116/1069/1048 1914/1076/1055 1070/976/961
f 311/1075/1054 1119/1077/1056 1914/1076/1055
f 1119/1077/1056 73/2246/1051 1117/1078/1050
f 1914/1076/1055 1117/1078/1050 252/1079/950
f 260/1080/1057 1123/1083/1060 1915/1081/1058
f 1123/1083/1060 262/1092/1069 1124/1084/1061
f 1915/1081/1058 1124/1084/1061 318/1003/982
f 1121/1082/1059 1915/1081/1058 1082/1002/981
f 319/1006/985 1125/1087/1064 1916/1086/1063
f 1125/1087/1064 263/1099/1076 1126/1088/1065
f 1916/1086/1063 1126/1088/1065 261/1089/1066
f 1085/1009/988 1916/1086/1063 1122/1090/1067
f 262/1092/1069 1127/1094/1071 1917/1093/1070
f 1127/1094/1071 332/1102/1079 1128/1095/1072
f 1917/1093/1070 1128/1095/1072 320/1017/996
f 1124/1084/1061 1917/1093/1070 1088/1016/995
f 321/1020/999 1129/1097/1074 1918/1096/1073
f 1129/1097/1074 333/1105/1082 1130/1098/1075
f 1918/1096/1073 1130/1098/1075 263/1099/1076
f 1091/1023/1002 1918/1096/1073 1125/1087/1064
f 1099/1039/1018 1919/1101/1078 1131/1100/1077
f 326/1043/1022 1094/1028/1007 1919/1101/1078
f 1094/1028/1007 320/1017/996 1128/1095/1072
f 1919/1101/1078 1128/1095/1072 332/1102/1079
f 1097/1031/1010 1920/1103/1080 1129/1097/1074
f 327/1033/1012 1104/1048/1027 1920/1103/1080
f 1104/1048/1027 265/1047/1026 1132/1104/1081
f 1920/1103/1080 1132/1104/1081 333/1105/1082
f 1048/930/920 1921/1109/1086 1133/1106/1083
f 300/1108/1085 1134/1110/1087 1921/1109/1086
f 1134/1110/1087 336/1149/1126 1135/1111/1088
f 1133/1106/1083 1921/1109/1086 1135/1111/1088
f 1137/1113/1090 1922/1116/1093 1136/1114/1091
f 301/925/917 1051/934/924 1922/1116/1093
f 1051/934/924 299/936/926 1138/1117/1094
f 1136/1114/1091 1922/1116/1093 1138/1117/1094
f 1140/1119/1096 1923/1122/1099 1139/1120/1097
f 1140/1119/1096 334/1112/1089 1135/1111/1088
f 1135/1111/1088 336/1149/1126 1141/1123/1100
f 1923/1122/1099 1141/1123/1100 270/1124/1101
f 1136/1114/1091 1924/1127/1104 1142/1125/1102
f 1136/1114/1091 335/1118/1095 1143/1126/1103
f 1143/1126/1103 269/2312/2210 1144/1128/1105
f 1924/1127/1104 1144/1128/1105 271/1129/1106
f 1055/947/934 1925/1131/1108 1145/1130/1107
f 298/1107/1084 1133/1106/1083 1925/1131/1108
f 1145/1130/1107 1925/1131/1108 1133/1106/1083
f 1138/1117/1094 1926/1133/1110 1146/1132/1109
f 299/936/926 1056/949/936 1926/1133/1110
f 1146/1132/1109 1926/1133/1110 1056/949/936
f 1147/1134/1111 1927/1136/1113 1100/1041/1020
f 1147/1134/1111 272/1152/1129 1148/1135/1112
f 1148/1135/1112 330/1162/1139 1149/1137/1114
f 1100/1041/1020 1927/1136/1113 1149/1137/1114
f 1151/1138/1115 1928/1142/1119 1150/1139/1116
f 1151/1138/1115 273/1156/1133 1152/1141/1118
f 1152/1141/1118 265/1047/1026 1103/1143/1120
f 1150/1139/1116 1928/1142/1119 1103/1143/1120
f 1105/1050/1029 1929/1144/1121 1061/956/943
f 328/1040/1019 1149/1137/1114 1929/1144/1121
f 1149/1137/1114 330/1162/1139 1153/1145/1122
f 1929/1144/1121 1153/1145/1122 274/904/898
f 1150/1139/1116 1930/1147/1124 1154/1146/1123
f 329/1045/1024 1108/1054/1033 1930/1147/1124
f 1108/1054/1033 267/958/945 1062/957/944
f 1930/1147/1124 1062/957/944 275/912/906
f 1141/1123/1100 1931/1150/1127 1155/1148/1125
f 336/1149/1126 1156/1151/1128 1931/1150/1127
f 1156/1151/1128 330/1162/1139 1148/1135/1112
f 1931/1150/1127 1148/1135/1112 272/1152/1129
f 1157/1153/1130 1932/1154/1131 1151/1138/1115
f 337/1115/1092 1142/1125/1102 1932/1154/1131
f 1142/1125/1102 271/1129/1106 1158/1155/1132
f 1932/1154/1131 1158/1155/1132 273/1156/1133
f 1043/920/912 1933/1157/1134 1134/1110/1087
f 302/918/910 1159/1158/1135 1933/1157/1134
f 1159/1158/1135 330/1162/1139 1156/1151/1128
f 1933/1157/1134 1156/1151/1128 336/1149/1126
f 1160/1159/1136 1934/1160/1137 1157/1153/1130
f 303/911/905 1046/923/915 1934/1160/1137
f 1046/923/915 301/925/917 1137/1113/1090
f 1934/1160/1137 1137/1113/1090 337/1115/1092
f 274/904/898 1153/1145/1122 1935/1161/1138
f 330/1162/1139 1159/1158/1135 1935/1161/1138
f 1037/906/900 1935/1161/1138 1159/1158/1135
f 1160/1159/1136 1936/1163/1140 1040/909/903
f 331/1140/1117 1154/1146/1123 1936/1163/1140
f 275/912/906 1040/909/903 1936/1163/1140
f 1162/1164/1141 1937/1168/1145 1161/1165/1142
f 338/1167/1144 1163/1169/1146 1937/1168/1145
f 1163/1169/1146 364/1325/1297 1164/1170/1147
f 1937/1168/1145 1164/1170/1147 352/1171/1148
f 1166/1172/1149 1938/1176/1153 1165/1173/1150
f 339/1175/1152 1167/1177/1154 1938/1176/1153
f 1167/1177/1154 351/1190/1167 1168/1178/1155
f 1938/1176/1153 1168/1178/1155 353/1179/1156
f 350/1166/1143 1161/1165/1142 1939/1180/1157
f 1161/1165/1142 352/1171/1148 1170/1182/1159
f 1939/1180/1157 1170/1182/1159 354/1183/1160
f 1169/1181/1158 1939/1180/1157 1171/1184/1161
f 355/1186/1163 1173/1189/1166 1940/1187/1164
f 1173/1189/1166 353/1179/1156 1168/1178/1155
f 1940/1187/1164 1168/1178/1155 351/1190/1167
f 1172/1188/1165 1940/1187/1164 1174/1191/1168
f 348/1185/1162 1171/1184/1161 1941/1193/1170
f 354/1183/1160 1176/1195/1172 1941/1193/1170
f 1176/1195/1172 356/1205/1182 1177/1196/1173
f 1941/1193/1170 1177/1196/1173 346/1197/1174
f 1179/1198/1175 1942/1201/1178 1178/1199/1176
f 355/1186/1163 1172/1188/1165 1942/1201/1178
f 1942/1201/1178 1172/1188/1165 349/1192/1169
f 1942/1201/1178 1180/1202/1179 347/1203/1180
f 1177/1196/1173 1943/1206/1183 1181/1204/1181
f 356/1205/1182 1182/1207/1184 1943/1206/1183
f 1182/1207/1184 358/1217/1194 1183/1208/1185
f 1943/1206/1183 1183/1208/1185 344/1209/1186
f 1185/1210/1187 1944/1213/1190 1184/1211/1188
f 357/1200/1177 1178/1199/1176 1944/1213/1190
f 1178/1199/1176 347/1203/1180 1186/1214/1191
f 1944/1213/1190 1186/1214/1191 345/1215/1192
f 1183/1208/1185 1945/1218/1195 1187/1216/1193
f 358/1217/1194 1188/1251/1228 1945/1218/1195
f 1945/1218/1195 1188/1251/1228 360/1219/1196
f 1945/1218/1195 1189/1220/1197 342/1221/1198
f 361/1222/1199 1191/1225/1202 1946/1223/1200
f 359/1212/1189 1184/1211/1188 1946/1223/1200
f 1184/1211/1188 345/1215/1192 1192/1226/1203
f 1946/1223/1200 1192/1226/1203 343/1227/1204
f 1189/1220/1197 1947/1230/1207 1193/1228/1205
f 1189/1220/1197 360/1219/1196 1194/1229/1206
f 1947/1230/1207 1194/1229/1206 362/1231/1208
f 1947/1230/1207 1195/1232/1209 340/1233/1210
f 363/1234/1211 1197/1237/1214 1948/1235/1212
f 1197/1237/1214 361/1222/1199 1190/1224/1201
f 1190/1224/1201 343/1227/1204 1198/1238/1215
f 1948/1235/1212 1198/1238/1215 341/1239/1216
f 360/1219/1196 1199/1241/1218 1949/1240/1217
f 1199/1241/1218 370/1254/1231 1200/1242/1219
f 1949/1240/1217 1200/1242/1219 368/1243/1220
f 1194/1229/1206 1949/1240/1217 1201/1244/1221
f 369/1245/1222 1203/1248/1225 1950/1246/1223
f 1203/1248/1225 371/1255/1232 1204/1249/1226
f 1950/1246/1223 1204/1249/1226 361/1222/1199
f 1202/1247/1224 1950/1246/1223 1197/1237/1214
f 358/1217/1194 1205/1252/1229 1951/1250/1227
f 1205/1252/1229 372/1500/1456 1206/1253/1230
f 1951/1250/1227 1206/1253/1230 370/1254/1231
f 1188/1251/1228 1951/1250/1227 1199/1241/1218
f 371/1255/1232 1207/1257/1234 1952/1256/1233
f 1207/1257/1234 373/1264/1241 1208/1258/1235
f 1952/1256/1233 1208/1258/1235 359/1212/1189
f 1204/1249/1226 1952/1256/1233 1191/1225/1202
f 1209/1259/1236 1953/1261/1238 1182/1207/1184
f 374/1260/1237 1210/1262/1239 1953/1261/1238
f 1210/1262/1239 372/1500/1456 1205/1252/1229
f 1953/1261/1238 1205/1252/1229 358/1217/1194
f 1211/1263/1240 1954/1266/1243 1208/1258/1235
f 375/1265/1242 1212/1267/1244 1954/1266/1243
f 1212/1267/1244 357/1200/1177 1185/1210/1187
f 1954/1266/1243 1185/1210/1187 359/1212/1189
f 1213/1268/1245 1955/1270/1247 1176/1195/1172
f 376/1269/1246 1214/1271/1248 1955/1270/1247
f 1214/1271/1248 374/1260/1237 1209/1259/1236
f 1955/1270/1247 1209/1259/1236 356/1205/1182
f 1215/1272/1249 1956/1274/1251 1212/1267/1244
f 377/1273/1250 1216/1275/1252 1956/1274/1251
f 1216/1275/1252 355/1186/1163 1179/1198/1175
f 1956/1274/1251 1179/1198/1175 357/1200/1177
f 1217/1276/1253 1957/1278/1255 1170/1182/1159
f 378/1277/1254 1218/1279/1256 1957/1278/1255
f 1218/1279/1256 376/1269/1246 1213/1268/1245
f 1957/1278/1255 1213/1268/1245 354/1183/1160
f 1219/1280/1257 1958/1282/1259 1216/1275/1252
f 379/1281/1258 1220/1283/1260 1958/1282/1259
f 1220/1283/1260 353/1179/1156 1173/1189/1166
f 1958/1282/1259 1173/1189/1166 355/1186/1163
f 352/1171/1148 1164/1170/1147 1959/1284/1261
f 1164/1170/1147 364/1325/1297 1221/1285/1262
f 1959/1284/1261 1221/1285/1262 366/1286/1263
f 1217/1276/1253 1959/1284/1261 1222/1287/1264
f 367/1288/1265 1224/1291/1268 1960/1289/1266
f 1224/1291/1268 365/1174/1151 1165/1173/1150
f 1960/1289/1266 1165/1173/1150 353/1179/1156
f 1223/1290/1267 1960/1289/1266 1220/1283/1260
f 1139/1120/1097 1961/1294/1271 1225/1292/1269
f 1139/1120/1097 270/1124/1101 1226/1293/1270
f 1226/1293/1270 394/1410/1283 1227/1295/1272
f 1961/1294/1271 1227/1295/1272 392/1296/1273
f 1229/1297/1274 1962/1300/1277 1228/1298/1275
f 1229/1297/1274 271/1129/1106 1144/1128/1105
f 1144/1128/1105 269/2312/2210 1230/1301/1278
f 1962/1300/1277 1230/1301/1278 393/1302/1279
f 1231/1303/1280 1963/1306/1281 1226/1304/1270
f 340/1233/1210 1195/1232/1209 1963/1306/1281
f 1195/1232/1209 362/1231/1208 1232/1307/1282
f 1963/1306/1281 1232/1307/1282 394/1308/1283
f 1196/1236/1213 1964/1310/1285 1233/1309/1284
f 341/1239/1216 1234/1311/1286 1964/1310/1285
f 1234/1311/1286 271/1705/1106 1229/1312/1274
f 1964/1310/1285 1229/1312/1274 395/1313/1276
f 260/1080/1057 1057/1315/1288 1965/1314/1287
f 1057/1315/1288 268/1121/1098 1225/1292/1269
f 1965/1314/1287 1225/1292/1269 392/1296/1273
f 1123/1083/1060 1965/1314/1287 1235/1316/1289
f 393/1302/1279 1230/1301/1278 1966/1317/1290
f 1230/1301/1278 269/2312/2210 1058/1319/1292
f 1966/1317/1290 1058/1319/1292 261/1089/1066
f 1236/1318/1291 1966/1317/1290 1126/1088/1065
f 332/1320/1079 1238/1323/1295 1967/1321/1293
f 1238/1323/1295 380/1374/1345 1239/1324/1296
f 1967/1321/1293 1239/1324/1296 364/1325/1297
f 1237/1322/1294 1967/1321/1293 1163/1169/1146
f 365/1174/1151 1240/1327/1299 1968/1326/1298
f 1240/1327/1299 381/1390/1361 1241/1328/1300
f 1968/1326/1298 1241/1328/1300 333/1329/1082
f 1166/1172/1149 1968/1326/1298 1242/1330/1301
f 362/1231/1208 1201/1244/1221 1969/1331/1302
f 1201/1244/1221 368/1243/1220 1243/1332/1303
f 1969/1331/1302 1243/1332/1303 390/1333/1304
f 1232/1307/1282 1969/1331/1302 1244/1334/1305
f 391/1335/1306 1246/1338/1309 1970/1336/1307
f 1246/1338/1309 369/1245/1222 1202/1247/1224
f 1970/1336/1307 1202/1247/1224 363/1234/1211
f 1245/1337/1308 1970/1336/1307 1233/1309/1284
f 1248/1339/1310 1971/1343/1314 1247/1340/1311
f 396/1342/1313 1249/1344/1315 1971/1343/1314
f 1249/1344/1315 394/1308/1283 1244/1334/1305
f 1971/1343/1314 1244/1334/1305 390/1333/1304
f 1250/1345/1316 1972/1347/1318 1245/1337/1308
f 397/1346/1317 1251/1348/1319 1972/1347/1318
f 1251/1348/1319 389/1356/1327 1252/1349/1320
f 1972/1347/1318 1252/1349/1320 391/1335/1306
f 384/1350/1321 1254/1353/1324 1973/1351/1322
f 1254/1353/1324 396/1342/1313 1248/1339/1310
f 1973/1351/1322 1248/1339/1310 388/1341/1312
f 1973/1351/1322 1255/1354/1325 386/1355/1326
f 389/1356/1327 1251/1348/1319 1974/1357/1328
f 1251/1348/1319 397/1346/1317 1257/1359/1330
f 1974/1357/1328 1257/1359/1330 385/1360/1331
f 1974/1357/1328 1258/1361/1332 387/1362/1333
f 1260/1363/1334 1975/1367/1338 1259/1364/1335
f 1260/1363/1334 398/1375/1346 1261/1366/1337
f 1261/1366/1337 396/1342/1313 1254/1353/1324
f 1975/1367/1338 1254/1353/1324 384/1350/1321
f 1262/1368/1339 1976/1370/1341 1257/1359/1330
f 1262/1368/1339 399/1381/1352 1263/1369/1340
f 1263/1369/1340 383/1380/1351 1264/1371/1342
f 1976/1370/1341 1264/1371/1342 385/1360/1331
f 1266/1372/1343 1977/1376/1347 1265/1373/1344
f 398/1375/1346 1260/1363/1334 1977/1376/1347
f 1260/1363/1334 382/1365/1336 1267/1377/1348
f 1977/1376/1347 1267/1377/1348 400/1378/1349
f 1263/1369/1340 1978/1382/1353 1268/1379/1350
f 399/1381/1352 1269/1383/1354 1978/1382/1353
f 1269/1383/1354 381/1390/1361 1270/1384/1355
f 1978/1382/1353 1270/1384/1355 401/1385/1356
f 364/1325/1297 1239/1324/1296 1979/1386/1357
f 380/1374/1345 1265/1373/1344 1979/1386/1357
f 1979/1386/1357 1265/1373/1344 400/1378/1349
f 1221/1285/1262 1979/1386/1357 1271/1387/1358
f 401/1385/1356 1270/1384/1355 1980/1388/1359
f 381/1390/1361 1240/1327/1299 1980/1388/1359
f 1980/1388/1359 1240/1327/1299 365/1174/1151
f 1272/1389/1360 1980/1388/1359 1224/1291/1268
f 262/1092/1069 1273/1392/1363 1981/1391/1362
f 1273/1392/1363 398/1404/1346 1266/1393/1343
f 1981/1391/1362 1266/1393/1343 380/1394/1345
f 1981/1391/1362 1238/1395/1295 332/1102/1079
f 381/1396/1361 1269/1399/1354 1982/1397/1364
f 1269/1399/1354 399/1409/1352 1274/1400/1365
f 1982/1397/1364 1274/1400/1365 263/1099/1076
f 1982/1397/1364 1130/1098/1075 333/1105/1082
f 1235/1316/1289 1983/1401/1366 1273/1392/1363
f 392/1296/1273 1275/1402/1367 1983/1401/1366
f 1275/1402/1367 396/1413/1313 1261/1403/1337
f 1983/1401/1366 1261/1403/1337 398/1404/1346
f 1276/1405/1368 1984/1408/1369 1262/1406/1339
f 393/1302/1279 1236/1318/1291 1984/1408/1369
f 1236/1318/1291 263/1099/1076 1274/1400/1365
f 1984/1408/1369 1274/1400/1365 399/1409/1352
f 1227/1295/1272 1985/1411/1370 1275/1402/1367
f 394/1410/1283 1249/1412/1315 1985/1411/1370
f 1275/1402/1367 1985/1411/1370 1249/1412/1315
f 1250/1414/1316 1986/1415/1371 1276/1405/1368
f 395/1299/1276 1228/1298/1275 1986/1415/1371
f 1276/1405/1368 1986/1415/1371 1228/1298/1275
f 366/1286/1263 1271/1387/1358 1987/1416/1372
f 1271/1387/1358 400/1378/1349 1278/1418/1374
f 1987/1416/1372 1278/1418/1374 402/1419/1375
f 1277/1417/1373 1987/1416/1372 1279/1420/1376
f 403/1422/1378 1281/1425/1381 1988/1423/1379
f 1281/1425/1381 401/1385/1356 1272/1389/1360
f 1988/1423/1379 1272/1389/1360 367/1288/1265
f 1280/1424/1380 1988/1423/1379 1282/1426/1382
f 1267/1377/1348 1989/1429/1385 1278/1418/1374
f 1267/1377/1348 382/1365/1336 1283/1428/1384
f 1283/1428/1384 412/1439/1395 1284/1430/1386
f 1278/1418/1374 1989/1429/1385 1284/1430/1386
f 1286/1431/1387 1990/1434/1390 1285/1432/1388
f 1286/1431/1387 383/1380/1351 1268/1379/1350
f 1268/1379/1350 401/1385/1356 1281/1425/1381
f 1285/1432/1388 1990/1434/1390 1281/1425/1381
f 382/1365/1336 1259/1364/1335 1991/1435/1391
f 1259/1364/1335 384/1350/1321 1287/1436/1392
f 1991/1435/1391 1287/1436/1392 410/1437/1393
f 1283/1428/1384 1991/1435/1391 1288/1438/1394
f 411/1440/1396 1290/1443/1399 1992/1441/1397
f 1290/1443/1399 385/1360/1331 1264/1371/1342
f 1992/1441/1397 1264/1371/1342 383/1380/1351
f 1289/1442/1398 1992/1441/1397 1286/1431/1387
f 1253/1352/1323 1993/1444/1400 1287/1436/1392
f 386/1355/1326 1291/1445/1401 1993/1444/1400
f 1291/1445/1401 408/1454/1410 1292/1446/1402
f 1993/1444/1400 1292/1446/1402 410/1437/1393
f 1294/1447/1403 1994/1450/1406 1293/1448/1404
f 387/1362/1333 1258/1361/1332 1994/1450/1406
f 1258/1361/1332 385/1360/1331 1290/1443/1399
f 1994/1450/1406 1290/1443/1399 411/1440/1396
f 1255/1354/1325 1995/1451/1407 1291/1445/1401
f 388/1341/1312 1295/1460/1416 1995/1451/1407
f 1995/1451/1407 1295/1460/1416 406/1452/1408
f 1995/1451/1407 1296/1453/1409 408/1454/1410
f 407/1455/1411 1298/1458/1414 1996/1456/1412
f 389/1356/1327 1256/1358/1329 1996/1456/1412
f 1256/1358/1329 387/1362/1333 1294/1447/1403
f 1996/1456/1412 1294/1447/1403 409/1449/1405
f 388/1341/1312 1247/1340/1311 1997/1459/1415
f 1247/1340/1311 390/1333/1304 1299/1461/1417
f 1997/1459/1415 1299/1461/1417 404/1462/1418
f 1295/1460/1416 1997/1459/1415 1300/1463/1419
f 405/1464/1420 1302/1467/1423 1998/1465/1421
f 1302/1467/1423 391/1335/1306 1252/1349/1320
f 1998/1465/1421 1252/1349/1320 389/1356/1327
f 1301/1466/1422 1998/1465/1421 1298/1458/1414
f 390/1333/1304 1243/1332/1303 1999/1468/1424
f 368/1243/1220 1303/1469/1425 1999/1468/1424
f 1303/1469/1425 424/1518/1474 1304/1470/1426
f 1299/1461/1417 1999/1468/1424 1304/1470/1426
f 1306/1471/1427 2000/1474/1430 1305/1472/1428
f 369/1245/1222 1246/1338/1309 2000/1474/1430
f 2000/1474/1430 1246/1338/1309 391/1335/1306
f 1305/1472/1428 2000/1474/1430 1302/1467/1423
f 378/1277/1254 1222/1287/1264 2001/1475/1431
f 1222/1287/1264 366/1286/1263 1277/1417/1373
f 2001/1475/1431 1277/1417/1373 426/1421/1377
f 1307/1476/1432 2001/1475/1431 1308/1477/1433
f 427/1427/1383 1282/1426/1382 2002/1479/1435
f 1282/1426/1382 367/1288/1265 1223/1290/1267
f 2002/1479/1435 1223/1290/1267 379/1281/1258
f 1309/1480/1436 2002/1479/1435 1310/1481/1437
f 376/1269/1246 1218/1279/1256 2003/1483/1439
f 1218/1279/1256 378/1277/1254 1307/1476/1432
f 2003/1483/1439 1307/1476/1432 414/1478/1434
f 1311/1484/1440 2003/1483/1439 1312/1485/1441
f 415/1482/1438 1310/1481/1437 2004/1487/1443
f 1310/1481/1437 379/1281/1258 1219/1280/1257
f 2004/1487/1443 1219/1280/1257 377/1273/1250
f 1313/1488/1444 2004/1487/1443 1314/1489/1445
f 374/1260/1237 1214/1271/1248 2005/1491/1447
f 1214/1271/1248 376/1269/1246 1311/1484/1440
f 2005/1491/1447 1311/1484/1440 416/1486/1442
f 1315/1492/1448 2005/1491/1447 1316/1493/1449
f 417/1490/1446 1314/1489/1445 2006/1495/1451
f 1314/1489/1445 377/1273/1250 1215/1272/1249
f 2006/1495/1451 1215/1272/1249 375/1265/1242
f 1317/1496/1452 2006/1495/1451 1318/1497/1453
f 1210/1262/1239 2007/1501/1457 1319/1499/1455
f 1210/1262/1239 374/1260/1237 1315/1492/1448
f 2007/1501/1457 1315/1492/1448 418/1494/1450
f 1319/1499/1455 2007/1501/1457 1320/1502/1458
f 419/1498/1454 1318/1497/1453 2008/1504/1460
f 1318/1497/1453 375/1265/1242 1211/1263/1240
f 1211/1263/1240 373/1264/1241 1322/1506/1462
f 1321/1505/1461 2008/1504/1460 1322/1506/1462
f 1206/1253/1230 2009/1509/1465 1323/1508/1464
f 372/1500/1456 1319/1499/1455 2009/1509/1465
f 1319/1499/1455 420/1503/1459 1324/1510/1466
f 2009/1509/1465 1324/1510/1466 422/1511/1467
f 1322/1506/1462 2010/1513/1469 1325/1512/1468
f 373/1264/1241 1207/1257/1234 2010/1513/1469
f 1207/1257/1234 371/1255/1232 1326/1514/1470
f 2010/1513/1469 1326/1514/1470 423/1515/1471
f 1200/1242/1219 2011/1516/1472 1303/1469/1425
f 370/1254/1231 1323/1508/1464 2011/1516/1472
f 1323/1508/1464 422/1511/1467 1327/1517/1473
f 2011/1516/1472 1327/1517/1473 424/1518/1474
f 1326/1514/1470 2012/1520/1476 1328/1519/1475
f 371/1255/1232 1203/1248/1225 2012/1520/1476
f 1203/1248/1225 369/1245/1222 1306/1471/1427
f 2012/1520/1476 1306/1471/1427 425/1473/1429
f 1296/1453/1409 2013/1523/1479 1329/1521/1477
f 1296/1453/1409 406/1452/1408 1330/1522/1478
f 2013/1523/1479 1330/1522/1478 430/1524/1480
f 2013/1523/1479 1331/1525/1481 428/1526/1482
f 431/1527/1483 1333/1530/1486 2014/1528/1484
f 1333/1530/1486 407/1455/1411 1297/1457/1413
f 1297/1457/1413 409/1449/1405 1334/1531/1487
f 2014/1528/1484 1334/1531/1487 429/1532/1488
f 1331/1525/1481 2015/1535/1491 1335/1533/1489
f 1331/1525/1481 430/1524/1480 1336/1534/1490
f 2015/1535/1491 1336/1534/1490 432/1536/1492
f 2015/1535/1491 1337/1537/1493 434/1538/1494
f 433/1539/1495 1339/1542/1498 2016/1540/1496
f 1339/1542/1498 431/1527/1483 1332/1529/1485
f 1332/1529/1485 429/1532/1488 1340/1543/1499
f 2016/1540/1496 1340/1543/1499 435/1544/1500
f 1337/1537/1493 2017/1546/1502 1341/1545/1501
f 432/1536/1492 1342/1547/1503 2017/1546/1502
f 1342/1547/1503 438/1557/1513 1343/1548/1504
f 2017/1546/1502 1343/1548/1504 436/1549/1505
f 1345/1550/1506 2018/1553/1509 1344/1551/1507
f 433/1539/1495 1338/1541/1497 2018/1553/1509
f 1338/1541/1497 435/1544/1500 1346/1554/1510
f 2018/1553/1509 1346/1554/1510 437/1555/1511
f 1343/1548/1504 2019/1558/1514 1347/1556/1512
f 438/1557/1513 1348/1559/1515 2019/1558/1514
f 1348/1559/1515 440/1597/1553 1349/1560/1516
f 2019/1558/1514 1349/1560/1516 442/1561/1517
f 1351/1562/1518 2020/1565/1521 1350/1563/1519
f 439/1552/1508 1344/1551/1507 2020/1565/1521
f 1344/1551/1507 437/1555/1511 1352/1566/1522
f 2020/1565/1521 1352/1566/1522 443/1567/1523
f 414/1478/1434 1308/1477/1433 2021/1568/1524
f 1308/1477/1433 426/1421/1377 1354/1570/1526
f 2021/1568/1524 1354/1570/1526 436/1549/1505
f 1353/1569/1525 2021/1568/1524 1347/1556/1512
f 437/1555/1511 1355/1572/1528 2022/1571/1527
f 1355/1572/1528 427/1427/1383 1309/1480/1436
f 2022/1571/1527 1309/1480/1436 415/1482/1438
f 1352/1566/1522 2022/1571/1527 1356/1573/1529
f 1357/1574/1530 2023/1575/1531 1279/1420/1376
f 434/1538/1494 1341/1545/1501 2023/1575/1531
f 1341/1545/1501 436/1549/1505 1354/1570/1526
f 2023/1575/1531 1354/1570/1526 426/1421/1377
f 1346/1554/1510 2024/1576/1532 1355/1572/1528
f 435/1544/1500 1358/1577/1533 2024/1576/1532
f 1358/1577/1533 403/1422/1378 1280/1424/1380
f 2024/1576/1532 1280/1424/1380 427/1427/1383
f 402/1419/1375 1284/1430/1386 2025/1578/1534
f 1284/1430/1386 412/1439/1395 1359/1579/1535
f 2025/1578/1534 1359/1579/1535 428/1526/1482
f 1357/1574/1530 2025/1578/1534 1335/1533/1489
f 429/1532/1488 1360/1581/1537 2026/1580/1536
f 1360/1581/1537 413/1433/1389 1285/1432/1388
f 2026/1580/1536 1285/1432/1388 403/1422/1378
f 1340/1543/1499 2026/1580/1536 1358/1577/1533
f 408/1454/1410 1329/1521/1477 2027/1582/1538
f 1329/1521/1477 428/1526/1482 1359/1579/1535
f 2027/1582/1538 1359/1579/1535 412/1439/1395
f 1292/1446/1402 2027/1582/1538 1288/1438/1394
f 413/1433/1389 1360/1581/1537 2028/1583/1539
f 1360/1581/1537 429/1532/1488 1334/1531/1487
f 2028/1583/1539 1334/1531/1487 409/1449/1405
f 1289/1442/1398 2028/1583/1539 1293/1448/1404
f 1304/1470/1426 2029/1584/1540 1300/1463/1419
f 424/1518/1474 1361/1585/1541 2029/1584/1540
f 1361/1585/1541 430/1524/1480 1330/1522/1478
f 2029/1584/1540 1330/1522/1478 406/1452/1408
f 1362/1586/1542 2030/1587/1543 1333/1530/1486
f 425/1473/1429 1305/1472/1428 2030/1587/1543
f 1305/1472/1428 405/1464/1420 1301/1466/1422
f 2030/1587/1543 1301/1466/1422 407/1455/1411
f 422/1511/1467 1363/1589/1545 2031/1588/1544
f 1363/1589/1545 432/1536/1492 1336/1534/1490
f 2031/1588/1544 1336/1534/1490 430/1524/1480
f 1327/1517/1473 2031/1588/1544 1361/1585/1541
f 431/1527/1483 1339/1542/1498 2032/1590/1546
f 1339/1542/1498 433/1539/1495 1364/1591/1547
f 2032/1590/1546 1364/1591/1547 423/1515/1471
f 1362/1586/1542 2032/1590/1546 1328/1519/1475
f 1365/1592/1548 2033/1593/1549 1324/1510/1466
f 438/1557/1513 1342/1547/1503 2033/1593/1549
f 1342/1547/1503 432/1536/1492 1363/1589/1545
f 2033/1593/1549 1363/1589/1545 422/1511/1467
f 1345/1550/1506 2034/1594/1550 1364/1591/1547
f 439/1552/1508 1366/1595/1551 2034/1594/1550
f 1366/1595/1551 421/1507/1463 1325/1512/1468
f 2034/1594/1550 1325/1512/1468 423/1515/1471
f 1367/1596/1552 2035/1598/1554 1320/1502/1458
f 440/1597/1553 1348/1559/1515 2035/1598/1554
f 1348/1559/1515 438/1557/1513 1365/1592/1548
f 2035/1598/1554 1365/1592/1548 420/1503/1459
f 1351/1562/1518 2036/1599/1555 1366/1595/1551
f 441/1564/1520 1368/1600/1556 2036/1599/1555
f 1368/1600/1556 419/1498/1454 1321/1505/1461
f 2036/1599/1555 1321/1505/1461 421/1507/1463
f 416/1486/1442 1369/1602/1558 2037/1601/1557
f 1369/1602/1558 442/1561/1517 1349/1560/1516
f 2037/1601/1557 1349/1560/1516 440/1597/1553
f 1316/1493/1449 2037/1601/1557 1367/1596/1552
f 441/1564/1520 1350/1563/1519 2038/1603/1559
f 1350/1563/1519 443/1567/1523 1370/1604/1560
f 2038/1603/1559 1370/1604/1560 417/1490/1446
f 1368/1600/1556 2038/1603/1559 1317/1496/1452
f 414/1478/1434 1353/1569/1525 2039/1605/1561
f 442/1561/1517 1369/1602/1558 2039/1605/1561
f 1312/1485/1441 2039/1605/1561 1369/1602/1558
f 1370/1604/1560 2040/1606/1562 1313/1488/1444
f 443/1567/1523 1356/1573/1529 2040/1606/1562
f 415/1482/1438 1313/1488/1444 2040/1606/1562
f 342/1221/1198 1193/1228/1205 2041/1607/1563
f 1193/1228/1205 340/1233/1210 1372/1609/1565
f 2041/1607/1563 1372/1609/1565 454/1610/1566
f 1371/1608/1564 2041/1607/1563 1373/1611/1567
f 455/1613/1569 1375/1616/1572 2042/1614/1570
f 1375/1616/1572 341/1239/1216 1198/1238/1215
f 2042/1614/1570 1198/1238/1215 343/1227/1204
f 1374/1615/1571 2042/1614/1570 1376/1617/1573
f 344/1209/1186 1187/1216/1193 2043/1619/1575
f 1187/1216/1193 342/1221/1198 1371/1608/1564
f 2043/1619/1575 1371/1608/1564 452/1612/1568
f 1377/1620/1576 2043/1619/1575 1378/1621/1577
f 453/1618/1574 1376/1617/1573 2044/1623/1579
f 1376/1617/1573 343/1227/1204 1192/1226/1203
f 2044/1623/1579 1192/1226/1203 345/1215/1192
f 1379/1624/1580 2044/1623/1579 1380/1625/1581
f 1181/1204/1181 2045/1628/1584 1381/1627/1583
f 1181/1204/1181 344/1209/1186 1377/1620/1576
f 2045/1628/1584 1377/1620/1576 450/1622/1578
f 1381/1627/1583 2045/1628/1584 1382/1629/1585
f 451/1626/1582 1380/1625/1581 2046/1631/1587
f 1380/1625/1581 345/1215/1192 1186/1214/1191
f 1186/1214/1191 347/1203/1180 1384/1633/1589
f 1383/1632/1588 2046/1631/1587 1384/1633/1589
f 1175/1635/1171 2047/1638/1592 1385/1636/1591
f 346/1197/1174 1381/1627/1583 2047/1638/1592
f 1381/1627/1583 448/1630/1586 1386/1639/1593
f 2047/1638/1592 1386/1639/1593 446/1640/1594
f 1384/1633/1589 2048/1642/1596 1387/1641/1595
f 347/1203/1180 1180/1643/1179 2048/1642/1596
f 1180/1643/1179 349/1653/1169 1388/1644/1597
f 2048/1642/1596 1388/1644/1597 447/1645/1598
f 1169/1646/1158 2049/1649/1600 1389/1647/1599
f 348/1637/1162 1385/1636/1591 2049/1649/1600
f 1385/1636/1591 446/1640/1594 1390/1650/1601
f 2049/1649/1600 1390/1650/1601 444/1651/1602
f 1388/1644/1597 2050/1654/1604 1391/1652/1603
f 349/1653/1169 1174/1655/1168 2050/1654/1604
f 1174/1655/1168 351/1666/1167 1392/1656/1605
f 2050/1654/1604 1392/1656/1605 445/1657/1606
f 1162/1658/1141 2051/1661/1608 1393/1659/1607
f 350/1648/1143 1389/1647/1599 2051/1661/1608
f 2051/1661/1608 1389/1647/1599 444/1651/1602
f 1393/1659/1607 2051/1661/1608 1394/1662/1609
f 445/1657/1606 1392/1656/1605 2052/1664/1611
f 351/1666/1167 1167/1667/1154 2052/1664/1611
f 1167/1667/1154 339/1688/1152 1396/1668/1613
f 1395/1665/1612 2052/1664/1611 1396/1668/1613
f 1397/1670/1615 2053/1671/1616 1394/1662/1609
f 452/1612/1568 1373/1611/1567 2053/1671/1616
f 1373/1611/1567 454/1610/1566 1398/1672/1617
f 2053/1671/1616 1398/1672/1617 456/1663/1610
f 1374/1615/1571 2054/1674/1619 1399/1673/1618
f 453/1618/1574 1400/1675/1620 2054/1674/1619
f 1400/1675/1620 445/1657/1606 1395/1665/1612
f 2054/1674/1619 1395/1665/1612 457/1669/1614
f 444/1651/1602 1390/1650/1601 2055/1676/1621
f 1390/1650/1601 446/1640/1594 1401/1677/1622
f 2055/1676/1621 1401/1677/1622 450/1622/1578
f 1397/1670/1615 2055/1676/1621 1378/1621/1577
f 451/1626/1582 1402/1679/1624 2056/1678/1623
f 1402/1679/1624 447/1645/1598 1391/1652/1603
f 2056/1678/1623 1391/1652/1603 445/1657/1606
f 1379/1624/1580 2056/1678/1623 1400/1675/1620
f 1386/1639/1593 2057/1680/1625 1401/1677/1622
f 448/1630/1586 1382/1629/1585 2057/1680/1625
f 1401/1677/1622 2057/1680/1625 1382/1629/1585
f 1383/1632/1588 2058/1681/1626 1402/1679/1624
f 449/1634/1590 1387/1641/1595 2058/1681/1626
f 1402/1679/1624 2058/1681/1626 1387/1641/1595
f 1131/1682/1077 2059/1686/1628 1403/1683/1627
f 1131/1682/1077 332/2335/1079 1237/1685/1294
f 1237/1685/1294 338/1660/1144 1393/1659/1607
f 2059/1686/1628 1393/1659/1607 456/1663/1610
f 1242/1687/1301 2060/1690/1629 1396/1668/1613
f 1242/1687/1301 333/2336/1082 1132/1689/1081
f 1132/1689/1081 265/1698/1026 1404/1691/1630
f 2060/1690/1629 1404/1691/1630 457/1669/1614
f 264/1684/1016 1403/1683/1627 2061/1692/1631
f 1403/1683/1627 456/1663/1610 1398/1672/1617
f 2061/1692/1631 1398/1672/1617 454/1610/1566
f 2061/1692/1631 1405/1694/1632 272/1695/1129
f 455/1613/1569 1399/1673/1618 2062/1696/1633
f 1399/1673/1618 457/1669/1614 1404/1691/1630
f 2062/1696/1633 1404/1691/1630 265/1698/1026
f 2062/1696/1633 1152/1699/1118 273/1700/1133
f 270/1305/1101 1155/1702/1125 2063/1701/1635
f 1155/1702/1125 272/1695/1129 1405/1694/1632
f 1405/1694/1632 454/1610/1566 1372/1609/1565
f 2063/1701/1635 1372/1609/1565 340/1233/1210
f 1406/1697/1634 2064/1704/1636 1375/1616/1572
f 1406/1697/1634 273/1700/1133 1158/1703/1132
f 2064/1704/1636 1158/1703/1132 271/1705/1106
f 2064/1704/1636 1234/1311/1286 341/1239/1216
f 517/1706/1637 1408/1709/1640 2065/1707/1638
f 1408/1709/1640 520/1715/1646 1409/1710/1641
f 2065/1707/1638 1409/1710/1641 521/1711/1642
f 1407/1708/1639 2065/1707/1638 1410/1712/1643
f 1411/1714/1645 2066/1717/1648 1409/1710/1641
f 518/1716/1647 1412/1718/1649 2066/1717/1648
f 1412/1718/1649 519/1731/1662 1413/1719/1650
f 2066/1717/1648 1413/1719/1650 521/1711/1642
f 513/1720/1651 1415/1723/1654 2067/1721/1652
f 1415/1723/1654 517/1706/1637 1407/1708/1639
f 2067/1721/1652 1407/1708/1639 516/1713/1644
f 1414/1722/1653 2067/1721/1652 1416/1724/1655
f 1417/1726/1657 2068/1728/1659 1412/1718/1649
f 514/1727/1658 1418/1729/1660 2068/1728/1659
f 1418/1729/1660 515/1743/1674 1419/1730/1661
f 2068/1728/1659 1419/1730/1661 519/1731/1662
f 1421/1732/1663 2069/1735/1666 1420/1733/1664
f 513/1720/1651 1414/1722/1653 2069/1735/1666
f 1414/1722/1653 512/1725/1656 1422/1736/1667
f 2069/1735/1666 1422/1736/1667 508/1737/1668
f 514/1727/1658 1423/1739/1670 2070/1738/1669
f 1423/1739/1670 510/1750/1681 1424/1740/1671
f 2070/1738/1669 1424/1740/1671 511/1741/1672
f 1418/1729/1660 2070/1738/1669 1425/1742/1673
f 1427/1744/1675 2071/1747/1678 1426/1745/1676
f 509/1734/1665 1420/1733/1664 2071/1747/1678
f 1420/1733/1664 508/1737/1668 1428/1748/1679
f 2071/1747/1678 1428/1748/1679 504/1749/1680
f 510/1750/1681 1429/1752/1683 2072/1751/1682
f 1429/1752/1683 506/1762/1693 1430/1753/1684
f 2072/1751/1682 1430/1753/1684 507/1754/1685
f 1424/1740/1671 2072/1751/1682 1431/1755/1686
f 1433/1756/1687 2073/1759/1690 1432/1757/1688
f 505/1746/1677 1426/1745/1676 2073/1759/1690
f 1426/1745/1676 504/1749/1680 1434/1760/1691
f 2073/1759/1690 1434/1760/1691 500/1761/1692
f 506/1762/1693 1435/1764/1695 2074/1763/1694
f 1435/1764/1695 502/1919/1850 1436/1765/1696
f 2074/1763/1694 1436/1765/1696 503/1766/1697
f 1430/1753/1684 2074/1763/1694 1437/1767/1698
f 461/1768/1699 1439/1771/1702 2075/1769/1700
f 1439/1771/1702 496/2046/1977 1440/1772/1703
f 2075/1769/1700 1440/1772/1703 497/1773/1704
f 1438/1770/1701 2075/1769/1700 1441/1774/1705
f 1443/1776/1707 2076/1780/1711 1442/1777/1708
f 462/1779/1710 1444/1781/1712 2076/1780/1711
f 1444/1781/1712 463/1795/1726 1445/1782/1713
f 2076/1780/1711 1445/1782/1713 498/1783/1714
f 465/1784/1715 1447/1787/1718 2077/1785/1716
f 1447/1787/1718 461/1768/1699 1438/1770/1701
f 2077/1785/1716 1438/1770/1701 460/1775/1706
f 1446/1786/1717 2077/1785/1716 1448/1788/1719
f 1449/1790/1721 2078/1792/1723 1444/1781/1712
f 466/1791/1722 1450/1793/1724 2078/1792/1723
f 1450/1793/1724 467/1807/1738 1451/1794/1725
f 2078/1792/1723 1451/1794/1725 463/1795/1726
f 469/1796/1727 1453/1799/1730 2079/1797/1728
f 1453/1799/1730 465/1784/1715 1446/1786/1717
f 2079/1797/1728 1446/1786/1717 464/1789/1720
f 1452/1798/1729 2079/1797/1728 1454/1800/1731
f 1455/1802/1733 2080/1804/1735 1450/1793/1724
f 470/1803/1734 1456/1805/1736 2080/1804/1735
f 1456/1805/1736 471/1819/1750 1457/1806/1737
f 2080/1804/1735 1457/1806/1737 467/1807/1738
f 473/1808/1739 1459/1811/1742 2081/1809/1740
f 1459/1811/1742 469/1796/1727 1452/1798/1729
f 2081/1809/1740 1452/1798/1729 468/1801/1732
f 1458/1810/1741 2081/1809/1740 1460/1812/1743
f 1461/1814/1745 2082/1816/1747 1456/1805/1736
f 474/1815/1746 1462/1817/1748 2082/1816/1747
f 1462/1817/1748 475/1831/1762 1463/1818/1749
f 2082/1816/1747 1463/1818/1749 471/1819/1750
f 1465/1820/1751 2083/1823/1754 1464/1821/1752
f 1465/1820/1751 473/1808/1739 1458/1810/1741
f 1458/1810/1741 472/1813/1744 1466/1824/1755
f 2083/1823/1754 1466/1824/1755 476/1825/1756
f 1467/1826/1757 2084/1828/1759 1462/1817/1748
f 1467/1826/1757 478/1838/1769 1468/1827/1758
f 2084/1828/1759 1468/1827/1758 479/1829/1760
f 1462/1817/1748 2084/1828/1759 1469/1830/1761
f 481/1832/1763 1471/1835/1766 2085/1833/1764
f 477/1822/1753 1464/1821/1752 2085/1833/1764
f 1464/1821/1752 476/1825/1756 1472/1836/1767
f 2085/1833/1764 1472/1836/1767 480/1837/1768
f 478/1838/1769 1473/1841/1772 2086/1839/1770
f 482/1840/1771 1474/1851/1782 2086/1839/1770
f 2086/1839/1770 1474/1851/1782 483/1842/1773
f 1468/1827/1758 2086/1839/1770 1475/1843/1774
f 485/1844/1775 1477/1847/1778 2087/1845/1776
f 1477/1847/1778 481/1832/1763 1470/1834/1765
f 2087/1845/1776 1470/1834/1765 480/1837/1768
f 1476/1846/1777 2087/1845/1776 1478/1848/1779
f 1479/1850/1781 2088/1853/1784 1474/1851/1782
f 486/1852/1783 1480/1854/1785 2088/1853/1784
f 1480/1854/1785 487/1867/1798 1481/1855/1786
f 2088/1853/1784 1481/1855/1786 483/1842/1773
f 1483/1856/1787 2089/1859/1790 1482/1857/1788
f 1483/1856/1787 485/1844/1775 1476/1846/1777
f 2089/1859/1790 1476/1846/1777 484/1849/1780
f 2089/1859/1790 1484/1860/1791 488/1861/1792
f 1485/1862/1793 2090/1864/1795 1480/1854/1785
f 1485/1862/1793 490/1874/1805 1486/1863/1794
f 2090/1864/1795 1486/1863/1794 491/1865/1796
f 2090/1864/1795 1487/1866/1797 487/1867/1798
f 1489/1868/1799 2091/1871/1802 1488/1869/1800
f 489/1858/1789 1482/1857/1788 2091/1871/1802
f 1482/1857/1788 488/1861/1792 1490/1872/1803
f 2091/1871/1802 1490/1872/1803 492/1873/1804
f 490/1874/1805 1491/1876/1807 2092/1875/1806
f 1491/1876/1807 494/1886/1817 1492/1877/1808
f 2092/1875/1806 1492/1877/1808 495/1878/1809
f 1486/1863/1794 2092/1875/1806 1493/1879/1810
f 1495/1880/1811 2093/1883/1814 1494/1881/1812
f 493/1870/1801 1488/1869/1800 2093/1883/1814
f 1488/1869/1800 492/1873/1804 1496/1884/1815
f 2093/1883/1814 1496/1884/1815 458/1885/1816
f 494/1886/1817 1497/1888/1819 2094/1887/1818
f 1497/1888/1819 459/1882/1813 1494/1881/1812
f 2094/1887/1818 1494/1881/1812 458/1885/1816
f 1492/1877/1808 2094/1887/1818 1498/1889/1820
f 1500/1890/1821 2095/1893/1824 1499/1891/1822
f 497/1773/1704 1440/1772/1703 2095/1893/1824
f 1440/1772/1703 496/2046/1977 1501/1894/1825
f 2095/1893/1824 1501/1894/1825 522/1895/1826
f 498/1783/1714 1502/1897/1828 2096/1896/1827
f 1502/1897/1828 524/1907/1838 1503/1898/1829
f 2096/1896/1827 1503/1898/1829 525/1899/1830
f 1442/1777/1708 2096/1896/1827 1504/1900/1831
f 1506/1901/1832 2097/1904/1835 1505/1902/1833
f 523/1892/1823 1499/1891/1822 2097/1904/1835
f 1499/1891/1822 522/1895/1826 1507/1905/1836
f 2097/1904/1835 1507/1905/1836 526/1906/1837
f 524/1907/1838 1508/1909/1840 2098/1908/1839
f 1508/1909/1840 528/1916/1847 1509/1910/1841
f 2098/1908/1839 1509/1910/1841 529/1911/1842
f 1503/1898/1829 2098/1908/1839 1510/1912/1843
f 1511/1913/1844 2099/1914/1845 1432/1757/1688
f 527/1903/1834 1505/1902/1833 2099/1914/1845
f 1505/1902/1833 526/1906/1837 1512/1915/1846
f 2099/1914/1845 1512/1915/1846 501/1758/1689
f 528/1916/1847 1513/1918/1849 2100/1917/1848
f 1513/1918/1849 503/1766/1697 1436/1765/1696
f 2100/1917/1848 1436/1765/1696 502/1919/1850
f 1509/1910/1841 2100/1917/1848 1514/1920/1851
f 1515/1921/1852 2101/1923/1854 1498/1889/1820
f 67/1922/1853 723/1924/1855 2101/1923/1854
f 723/1924/1855 108/2037/1968 1516/1925/1856
f 2101/1923/1854 1516/1925/1856 495/1878/1809
f 722/1926/1857 2102/1929/1860 1517/1927/1858
f 67/1922/1853 1515/1921/1852 2102/1929/1860
f 1515/1921/1852 458/1885/1816 1496/1884/1815
f 2102/1929/1860 1496/1884/1815 492/1873/1804
f 1497/1888/1819 2103/1931/1862 1518/1930/1861
f 494/1886/1817 1519/1932/1863 2103/1931/1862
f 1519/1932/1863 110/523/523 747/522/522
f 2103/1931/1862 747/522/522 112/511/511
f 1520/1933/1864 2104/1934/1865 746/517/517
f 493/1870/1801 1495/1880/1811 2104/1934/1865
f 1495/1880/1811 459/1882/1813 1521/1935/1866
f 2104/1934/1865 1521/1935/1866 111/502/502
f 1522/1936/1867 2105/1937/1868 750/268/268
f 1522/1936/1867 459/1882/1813 1518/1930/1861
f 1518/1930/1861 112/511/511 751/510/510
f 2105/1937/1868 751/510/510 152/269/269
f 1521/1935/1866 2106/1938/1869 748/505/505
f 1521/1935/1866 459/1882/1813 1522/1936/1867
f 2106/1938/1869 1522/1936/1867 146/266/266
f 748/505/505 2106/1938/1869 749/265/265
f 91/1939/1870 706/1942/1873 2107/1940/1871
f 706/1942/1873 93/1965/1896 1524/1943/1874
f 2107/1940/1871 1524/1943/1874 464/1789/1720
f 1523/1941/1872 2107/1940/1871 1448/1788/1719
f 78/890/884 704/1946/1877 2108/1944/1875
f 704/1946/1877 91/1939/1870 1523/1941/1872
f 2108/1944/1875 1523/1941/1872 460/1775/1706
f 1525/1945/1876 2108/1944/1875 1441/1774/1705
f 1526/1947/1878 2109/1948/1879 738/549/549
f 461/1768/1699 1447/1787/1718 2109/1948/1879
f 1447/1787/1718 465/1784/1715 1527/1949/1880
f 2109/1948/1879 1527/1949/1880 117/559/559
f 113/527/527 1528/1951/1882 2110/1950/1881
f 1528/1951/1882 496/2046/1977 1439/1771/1702
f 2110/1950/1881 1439/1771/1702 461/1768/1699
f 740/536/536 2110/1950/1881 1526/1947/1878
f 462/1779/1710 1443/1776/1707 2111/1952/1883
f 1443/1776/1707 499/1778/1709 1530/1954/1885
f 2111/1952/1883 1530/1954/1885 114/534/534
f 1529/1953/1884 2111/1952/1883 741/546/546
f 463/1795/1726 1531/1956/1887 2112/1955/1886
f 1531/1956/1887 92/1962/1893 705/1957/1888
f 2112/1955/1886 705/1957/1888 79/898/892
f 1445/1782/1713 2112/1955/1886 1532/1958/1889
f 467/1807/1738 1533/1960/1891 2113/1959/1890
f 1533/1960/1891 94/1974/1905 707/1961/1892
f 2113/1959/1890 707/1961/1892 92/1962/1893
f 1451/1794/1725 2113/1959/1890 1531/1956/1887
f 1449/1790/1721 2114/1964/1895 1534/1963/1894
f 462/1779/1710 1529/1953/1884 2114/1964/1895
f 1529/1953/1884 116/558/558 739/557/557
f 2114/1964/1895 739/557/557 118/570/570
f 93/1965/1896 708/1967/1898 2115/1966/1897
f 708/1967/1898 95/1978/1909 1535/1968/1899
f 2115/1966/1897 1535/1968/1899 468/1801/1732
f 1524/1943/1874 2115/1966/1897 1454/1800/1731
f 1527/1949/1880 2116/1969/1900 736/561/561
f 465/1784/1715 1453/1799/1730 2116/1969/1900
f 1453/1799/1730 469/1796/1727 1536/1970/1901
f 2116/1969/1900 1536/1970/1901 119/571/571
f 471/1819/1750 1537/1972/1903 2117/1971/1902
f 1537/1972/1903 96/2302/2200 709/1973/1904
f 2117/1971/1902 709/1973/1904 94/1974/1905
f 1457/1806/1737 2117/1971/1902 1533/1960/1891
f 1455/1802/1733 2118/1976/1907 1538/1975/1906
f 466/1791/1722 1534/1963/1894 2118/1976/1907
f 1534/1963/1894 118/570/570 737/569/569
f 2118/1976/1907 737/569/569 120/582/582
f 710/1977/1908 2119/1980/1911 1535/1968/1899
f 97/1979/1910 1539/1981/1912 2119/1980/1911
f 1539/1981/1912 472/1813/1744 1460/1812/1743
f 2119/1980/1911 1460/1812/1743 468/1801/1732
f 1536/1970/1901 2120/1982/1913 734/573/573
f 469/1796/1727 1459/1811/1742 2120/1982/1913
f 1459/1811/1742 473/1808/1739 1540/1983/1914
f 2120/1982/1913 1540/1983/1914 121/584/584
f 1541/1984/1915 2121/1986/1917 1463/1818/1749
f 98/1985/1916 711/1987/1918 2121/1986/1917
f 711/1987/1918 96/2302/2200 1537/1972/1903
f 2121/1986/1917 1537/1972/1903 471/1819/1750
f 1461/1814/1745 2122/1989/1920 1542/1988/1919
f 470/1803/1734 1538/1975/1906 2122/1989/1920
f 1538/1975/1906 120/582/582 735/581/581
f 2122/1989/1920 735/581/581 122/1990/1921
f 712/1991/1922 2123/1993/1924 1539/1981/1912
f 99/1992/1923 1543/1994/1925 2123/1993/1924
f 1543/1994/1925 476/1825/1756 1466/1824/1755
f 2123/1993/1924 1466/1824/1755 472/1813/1744
f 1540/1983/1914 2124/1995/1926 732/583/583
f 473/1808/1739 1465/1820/1751 2124/1995/1926
f 2124/1995/1926 1465/1820/1751 477/1822/1753
f 732/583/583 2124/1995/1926 1544/1996/1927
f 1545/1997/1928 2125/1999/1930 1469/1830/1761
f 100/1998/1929 713/2000/1931 2125/1999/1930
f 713/2000/1931 98/1985/1916 1541/1984/1915
f 2125/1999/1930 1541/1984/1915 475/1831/1762
f 478/1838/1769 1467/1826/1757 2126/2001/1932
f 474/1815/1746 1542/1988/1919 2126/2001/1932
f 1542/1988/1919 122/1990/1921 733/594/594
f 1546/2002/1933 2126/2001/1932 733/594/594
f 714/2003/1934 2127/2005/1936 1543/1994/1925
f 101/2004/1935 1547/2006/1937 2127/2005/1936
f 1547/2006/1937 480/1837/1768 1472/1836/1767
f 2127/2005/1936 1472/1836/1767 476/1825/1756
f 123/585/585 1544/1996/1927 2128/2007/1938
f 1544/1996/1927 477/1822/1753 1471/1835/1766
f 1471/1835/1766 481/1832/1763 1548/2008/1939
f 2128/2007/1938 1548/2008/1939 125/596/596
f 1549/2009/1940 2129/2011/1942 1475/1843/1774
f 102/2010/1941 715/2012/1943 2129/2011/1942
f 715/2012/1943 100/1998/1929 1545/1997/1928
f 2129/2011/1942 1545/1997/1928 479/1829/1760
f 1473/1841/1772 2130/2014/1945 1550/2013/1944
f 1473/1841/1772 478/1838/1769 1546/2002/1933
f 2130/2014/1945 1546/2002/1933 124/592/592
f 2130/2014/1945 731/606/606 126/604/604
f 716/2015/1946 2131/2016/1947 1547/2006/1937
f 103/744/744 1551/2024/1955 2131/2016/1947
f 2131/2016/1947 1551/2024/1955 484/1849/1780
f 2131/2016/1947 1478/1848/1779 480/1837/1768
f 1548/2008/1939 2132/2017/1948 728/608/608
f 481/1832/1763 1477/1847/1778 2132/2017/1948
f 1477/1847/1778 485/1844/1775 1552/2018/1949
f 2132/2017/1948 1552/2018/1949 147/618/618
f 487/1867/1798 1553/2020/1951 2133/2019/1950
f 104/752/752 717/2021/1952 2133/2019/1950
f 717/2021/1952 102/2010/1941 1549/2009/1940
f 2133/2019/1950 1549/2009/1940 483/1842/1773
f 1479/1850/1781 2134/2023/1954 1554/2022/1953
f 482/1840/1771 1550/2013/1944 2134/2023/1954
f 1550/2013/1944 126/604/604 729/617/617
f 2134/2023/1954 729/617/617 148/629/629
f 718/741/741 2135/2025/1956 1551/2024/1955
f 105/743/743 1555/2026/1957 2135/2025/1956
f 1555/2026/1957 488/1861/1792 1484/1860/1791
f 2135/2025/1956 1484/1860/1791 484/1849/1780
f 726/620/620 2136/2028/1959 1556/2027/1958
f 726/620/620 147/618/618 1552/2018/1949
f 2136/2028/1959 1552/2018/1949 485/1844/1775
f 2136/2028/1959 1483/1856/1787 489/1858/1789
f 1557/2029/1960 2137/2031/1962 1487/1866/1797
f 106/2030/1961 719/754/754 2137/2031/1962
f 719/754/754 104/752/752 1553/2020/1951
f 2137/2031/1962 1553/2020/1951 487/1867/1798
f 486/1852/1783 1554/2022/1953 2138/2032/1963
f 1554/2022/1953 148/629/629 727/628/628
f 727/628/628 128/2040/1971 1558/2033/1964
f 2138/2032/1963 1558/2033/1964 490/1874/1805
f 720/2034/1965 2139/2035/1966 1555/2026/1957
f 107/1928/1859 1517/1927/1858 2139/2035/1966
f 1517/1927/1858 492/1873/1804 1490/1872/1803
f 2139/2035/1966 1490/1872/1803 488/1861/1792
f 724/630/630 2140/2036/1967 1520/1933/1864
f 127/631/631 1556/2027/1958 2140/2036/1967
f 1556/2027/1958 489/1858/1789 1489/1868/1799
f 2140/2036/1967 1489/1868/1799 493/1870/1801
f 1516/1925/1856 2141/2038/1969 1493/1879/1810
f 108/2037/1968 721/2039/1970 2141/2038/1969
f 721/2039/1970 106/2030/1961 1557/2029/1960
f 2141/2038/1969 1557/2029/1960 491/1865/1796
f 1558/2033/1964 2142/2041/1972 1491/1876/1807
f 128/2040/1971 725/636/636 2142/2041/1972
f 725/636/636 110/523/523 1519/1932/1863
f 2142/2041/1972 1519/1932/1863 494/1886/1817
f 78/890/884 1525/1945/1876 2143/2042/1973
f 1525/1945/1876 497/1773/1704 1500/1890/1821
f 2143/2042/1973 1500/1890/1821 523/1892/1823
f 833/893/887 2143/2042/1973 1559/2043/1974
f 742/528/528 2144/2044/1975 1528/1951/1882
f 742/528/528 149/262/262 743/259/259
f 743/259/259 145/261/261 1560/2045/1976
f 1528/1951/1882 2144/2044/1975 1560/2045/1976
f 138/334/334 792/333/333 2145/2047/1978
f 792/333/333 139/322/322 1561/2049/1980
f 2145/2047/1978 1561/2049/1980 496/2046/1977
f 828/2048/1979 2145/2047/1978 1560/2045/1976
f 139/322/322 786/321/321 2146/2050/1981
f 786/321/321 141/305/305 1562/2051/1982
f 2146/2050/1981 1562/2051/1982 522/1895/1826
f 1561/2049/1980 2146/2050/1981 1501/1894/1825
f 744/272/272 2147/2054/1985 1563/2052/1983
f 744/272/272 150/270/270 745/2053/1984
f 745/2053/1984 114/534/534 1530/1954/1885
f 1563/2052/1983 2147/2054/1985 1530/1954/1885
f 499/1778/1709 1564/2056/1987 2148/2055/1986
f 1564/2056/1987 140/343/343 797/342/342
f 2148/2055/1986 797/342/342 138/334/334
f 1563/2052/1983 2148/2055/1986 828/2048/1979
f 525/1899/1830 1565/2058/1989 2149/2057/1988
f 1565/2058/1989 142/317/317 791/331/331
f 2149/2057/1988 791/331/331 140/343/343
f 1504/1900/1831 2149/2057/1988 1564/2056/1987
f 524/1907/1838 1502/1897/1828 2150/2059/1990
f 1502/1897/1828 498/1783/1714 1532/1958/1889
f 2150/2059/1990 1532/1958/1889 79/898/892
f 1566/2060/1991 2150/2059/1990 834/2061/1992
f 80/859/853 829/882/876 2151/2062/1993
f 829/882/876 177/869/863 1568/2064/1995
f 1568/2064/1995 527/1903/1834 1511/1913/1844
f 2151/2062/1993 1511/1913/1844 500/1761/1692
f 1567/2063/1994 2152/2065/1996 702/862/856
f 1567/2063/1994 500/1761/1692 1434/1760/1691
f 2152/2065/1996 1434/1760/1691 504/1749/1680
f 2152/2065/1996 1569/2066/1997 82/830/824
f 501/1758/1689 1570/2068/1999 2153/2067/1998
f 1570/2068/1999 155/280/280 761/287/287
f 2153/2067/1998 761/287/287 153/289/289
f 1433/1756/1687 2153/2067/1998 1571/2069/2000
f 765/274/274 2154/2071/2002 1572/2070/2001
f 155/280/280 1570/2068/1999 2154/2071/2002
f 1570/2068/1999 501/1758/1689 1512/1915/1846
f 2154/2071/2002 1512/1915/1846 526/1906/1837
f 154/301/301 762/294/294 2155/2072/2003
f 762/294/294 156/286/286 1574/2074/2005
f 2155/2072/2003 1574/2074/2005 502/1919/1850
f 1573/2073/2004 2155/2072/2003 1435/1764/1695
f 507/1754/1685 1437/1767/1698 2156/2075/2006
f 1437/1767/1698 503/1766/1697 1576/2077/2008
f 1576/2077/2008 81/865/859 703/864/858
f 2156/2075/2006 703/864/858 83/839/833
f 1574/2074/2005 2157/2078/2009 1514/1920/1851
f 156/286/286 771/285/285 2157/2078/2009
f 771/285/285 144/319/319 1577/2079/2010
f 2157/2078/2009 1577/2079/2010 529/1911/1842
f 1578/2080/2011 2158/2081/2012 1513/1918/1849
f 1578/2080/2011 178/889/883 830/888/882
f 2158/2081/2012 830/888/882 81/865/859
f 2158/2081/2012 1576/2077/2008 503/1766/1697
f 1569/2066/1997 2159/2082/2013 700/833/827
f 1569/2066/1997 504/1749/1680 1428/1748/1679
f 2159/2082/2013 1428/1748/1679 508/1737/1668
f 2159/2082/2013 1579/2083/2014 84/818/812
f 130/407/407 1580/2085/2016 2160/2084/2015
f 1580/2085/2016 509/1734/1665 1427/1744/1675
f 2160/2084/2015 1427/1744/1675 505/1746/1677
f 763/299/299 2160/2084/2015 1571/2069/2000
f 506/1762/1693 1429/1752/1683 2161/2086/2017
f 1429/1752/1683 510/1750/1681 1581/2087/2018
f 2161/2086/2017 1581/2087/2018 131/425/425
f 1573/2073/2004 2161/2086/2017 764/303/303
f 511/1741/1672 1431/1755/1686 2162/2088/2019
f 1431/1755/1686 507/1754/1685 1575/2076/2007
f 1575/2076/2007 83/839/833 701/838/832
f 2162/2088/2019 701/838/832 85/827/821
f 1579/2083/2014 2163/2090/2021 698/821/815
f 1579/2083/2014 508/1737/1668 1422/1736/1667
f 1422/1736/1667 512/1725/1656 1583/2091/2022
f 2163/2090/2021 1583/2091/2022 86/806/800
f 759/417/417 2164/2092/2023 1580/2085/2016
f 132/419/419 1584/2093/2024 2164/2092/2023
f 1584/2093/2024 513/1720/1651 1421/1732/1663
f 2164/2092/2023 1421/1732/1663 509/1734/1665
f 1585/2094/2025 2165/2095/2026 1423/1739/1670
f 133/437/437 760/426/426 2165/2095/2026
f 760/426/426 131/425/425 1581/2087/2018
f 2165/2095/2026 1581/2087/2018 510/1750/1681
f 1425/1742/1673 2166/2097/2028 1586/2096/2027
f 1425/1742/1673 511/1741/1672 1582/2089/2020
f 1582/2089/2020 85/827/821 699/826/820
f 2166/2097/2028 699/826/820 87/815/809
f 1583/2091/2022 2167/2098/2029 696/809/803
f 512/1725/1656 1416/1724/1655 2167/2098/2029
f 1416/1724/1655 516/1713/1644 1587/2099/2030
f 2167/2098/2029 1587/2099/2030 88/797/791
f 132/419/419 757/432/432 2168/2100/2031
f 757/432/432 134/429/429 1588/2101/2032
f 2168/2100/2031 1588/2101/2032 517/1706/1637
f 1584/2093/2024 2168/2100/2031 1415/1723/1654
f 518/1716/1647 1589/2103/2034 2169/2102/2033
f 1589/2103/2034 135/438/438 758/2104/2035
f 2169/2102/2033 758/2104/2035 133/437/437
f 1417/1726/1657 2169/2102/2033 1585/2094/2025
f 1419/1730/1661 2170/2106/2037 1590/2105/2036
f 515/1743/1674 1586/2096/2027 2170/2106/2037
f 1586/2096/2027 87/815/809 697/814/808
f 2170/2106/2037 697/814/808 89/804/798
f 1587/2099/2030 2171/2107/2038 694/800/794
f 516/1713/1644 1410/1712/1643 2171/2107/2038
f 1410/1712/1643 521/1711/1642 1591/2108/2039
f 2171/2107/2038 1591/2108/2039 90/2109/2040
f 134/429/429 755/444/444 2172/2110/2041
f 755/444/444 136/441/441 1592/2111/2042
f 2172/2110/2041 1592/2111/2042 520/1715/1646
f 1588/2101/2032 2172/2110/2041 1408/1709/1640
f 520/1715/1646 1592/2111/2042 2173/2112/2043
f 1592/2111/2042 136/441/441 756/449/449
f 2173/2112/2043 756/449/449 135/438/438
f 1411/1714/1645 2173/2112/2043 1589/2103/2034
f 1413/1719/1650 2174/2113/2044 1591/2108/2039
f 519/1731/1662 1590/2105/2036 2174/2113/2044
f 1590/2105/2036 89/804/798 695/803/797
f 2174/2113/2044 695/803/797 90/2109/2040
f 778/307/307 2175/2114/2045 1562/2051/1982
f 778/307/307 143/275/275 1572/2070/2001
f 1572/2070/2001 526/1906/1837 1507/1905/1836
f 2175/2114/2045 1507/1905/1836 522/1895/1826
f 831/868/862 2176/2115/2046 1568/2064/1995
f 179/874/868 1559/2043/1974 2176/2115/2046
f 1559/2043/1974 523/1892/1823 1506/1901/1832
f 2176/2115/2046 1506/1901/1832 527/1903/1834
f 1577/2079/2010 2177/2116/2047 1510/1912/1843
f 1577/2079/2010 144/319/319 785/318/318
f 785/318/318 142/317/317 1565/2058/1989
f 2177/2116/2047 1565/2058/1989 525/1899/1830
f 1566/2060/1991 2178/2117/2048 1508/1909/1840
f 180/881/875 832/880/874 2178/2117/2048
f 832/880/874 178/889/883 1578/2080/2011
f 2178/2117/2048 1578/2080/2011 528/1916/1847
f 1594/2118/2049 2179/2122/2053 1593/2119/2050
f 531/2121/2052 1595/2123/2054 2179/2122/2053
f 1595/2123/2054 532/2227/2154 1596/2124/2055
f 2179/2122/2053 1596/2124/2055 533/2125/2056
f 534/2126/2057 1598/2129/2060 2180/2127/2058
f 1598/2129/2060 535/2257/2147 1599/2130/2061
f 2180/2127/2058 1599/2130/2061 536/2131/2062
f 1597/2128/2059 2180/2127/2058 1600/2132/2063
f 1602/2134/2065 2181/2138/2069 1601/2135/2066
f 559/2137/2068 1603/2139/2070 2181/2138/2069
f 1603/2139/2070 560/2324/2222 1604/2140/2071
f 1601/2135/2066 2181/2138/2069 1604/2140/2071
f 562/2142/2073 1606/2145/2076 2182/2143/2074
f 1606/2145/2076 563/2205/2136 1607/2146/2077
f 1607/2146/2077 564/2333/2231 1608/2147/2078
f 1605/2144/2075 2182/2143/2074 1608/2147/2078
f 1610/2149/2080 2183/2153/2084 1609/2150/2081
f 538/2152/2083 1611/2154/2085 2183/2153/2084
f 1611/2154/2085 539/2214/2143 1612/2155/2086
f 2183/2153/2084 1612/2155/2086 542/2156/2087
f 541/2157/2088 1614/2160/2091 2184/2158/2089
f 1614/2160/2091 544/2171/2102 1615/2161/2092
f 2184/2158/2089 1615/2161/2092 545/2162/2093
f 1613/2159/2090 2184/2158/2089 1616/2163/2094
f 1618/2165/2096 2185/2168/2099 1617/2166/2097
f 543/2151/2082 1609/2150/2081 2185/2168/2099
f 1609/2150/2081 542/2156/2087 1619/2169/2100
f 2185/2168/2099 1619/2169/2100 546/2170/2101
f 544/2171/2102 1620/2173/2104 2186/2172/2103
f 1620/2173/2104 548/2183/2114 1621/2174/2105
f 2186/2172/2103 1621/2174/2105 549/2175/2106
f 1615/2161/2092 2186/2172/2103 1622/2176/2107
f 1624/2177/2108 2187/2180/2111 1623/2178/2109
f 547/2167/2098 1617/2166/2097 2187/2180/2111
f 1617/2166/2097 546/2170/2101 1625/2181/2112
f 2187/2180/2111 1625/2181/2112 550/2182/2113
f 548/2183/2114 1626/2185/2116 2188/2184/2115
f 1626/2185/2116 552/2196/2127 1627/2186/2117
f 2188/2184/2115 1627/2186/2117 553/2187/2118
f 1621/2174/2105 2188/2184/2115 1628/2188/2119
f 555/2189/2120 1630/2192/2123 2189/2190/2121
f 1630/2192/2123 551/2179/2110 1623/2178/2109
f 2189/2190/2121 1623/2178/2109 550/2182/2113
f 1629/2191/2122 2189/2190/2121 1631/2193/2124
f 1632/2195/2126 2190/2198/2129 1627/2186/2117
f 556/2197/2128 1633/2199/2130 2190/2198/2129
f 1633/2199/2130 557/2208/2139 1634/2200/2131
f 2190/2198/2129 1634/2200/2131 553/2187/2118
f 558/2136/2067 1635/2202/2133 2191/2201/2132
f 1635/2202/2133 555/2189/2120 1629/2191/2122
f 2191/2201/2132 1629/2191/2122 554/2194/2125
f 1602/2134/2065 2191/2201/2132 1636/2203/2134
f 1637/2204/2135 2192/2206/2137 1633/2199/2130
f 563/2205/2136 1606/2145/2076 2192/2206/2137
f 1606/2145/2076 562/2142/2073 1638/2207/2138
f 2192/2206/2137 1638/2207/2138 557/2208/2139
f 538/2152/2083 1639/2210/2141 2193/2209/2140
f 1639/2210/2141 531/2234/2052 1594/2211/2049
f 2193/2209/2140 1594/2211/2049 530/2212/2051
f 2193/2209/2140 1640/2213/2142 539/2214/2143
f 1641/2215/2144 2194/2218/2145 1598/2216/2060
f 541/2157/2088 1613/2159/2090 2194/2218/2145
f 2194/2218/2145 1613/2159/2090 540/2164/2095
f 2194/2218/2145 1642/2219/2146 535/2220/2147
f 107/1928/1859 720/2034/1965 2195/2221/2148
f 975/742/742 2195/2221/2148 720/2034/1965
f 1644/2223/2150 2195/2221/2148 975/742/742
f 530/2120/2051 1593/2119/2050 2195/2221/2148
f 1643/2222/2149 2195/2221/2148 1593/2119/2050
f 722/1926/1857 2196/2225/2152 974/2224/2151
f 1643/2222/2149 2196/2225/2152 722/1926/1857
f 533/2125/2056 1596/2124/2055 2196/2225/2152
f 1645/2226/2153 2196/2225/2152 1596/2124/2055
f 974/2224/2151 2196/2225/2152 1645/2226/2153
f 1644/2229/2150 2197/2231/2156 1640/2213/2142
f 248/2230/748 978/2337/747 2197/2231/2156
f 2197/2231/2156 978/2337/747 250/2232/2157
f 1640/2213/2142 2197/2231/2156 1646/2233/2158
f 531/2234/2052 1639/2210/2141 2198/2235/2159
f 1639/2210/2141 538/2152/2083 1648/2237/2161
f 2198/2235/2159 1648/2237/2161 310/1073/1052
f 1647/2236/2160 2198/2235/2159 1118/1070/1049
f 1645/2238/2153 2199/2242/2163 1120/2239/2162
f 532/2241/2154 1595/2243/2054 2199/2242/2163
f 1595/2243/2054 531/2234/2052 1647/2236/2160
f 1120/2239/2162 2199/2242/2163 1647/2236/2160
f 1649/2244/2164 2200/2248/2165 1120/2245/2162
f 1649/2244/2164 534/2217/2057 1597/2247/2059
f 2200/2248/2165 1597/2247/2059 537/2249/2064
f 1120/2245/2162 2200/2248/2165 1650/2250/2166
f 1600/2132/2063 2201/2253/2167 1650/2252/2166
f 536/2131/2062 1651/2254/2168 2201/2253/2167
f 723/1924/1855 2201/2253/2167 1651/2254/2168
f 974/2224/2151 2201/2253/2167 723/1924/1855
f 1650/2252/2166 2201/2253/2167 974/2224/2151
f 976/755/755 2202/2256/2170 1652/2255/2169
f 721/2039/1970 2202/2256/2170 976/755/755
f 108/2037/1968 1651/2254/2168 2202/2256/2170
f 1599/2130/2061 2202/2256/2170 1651/2254/2168
f 535/2257/2147 1652/2255/2169 2202/2256/2170
f 251/2258/751 979/2262/750 2203/2259/2171
f 249/2261/756 1652/2263/2169 2203/2259/2171
f 1652/2263/2169 535/2220/2147 1642/2219/2146
f 1653/2260/2172 2203/2259/2171 1642/2219/2146
f 311/1075/1054 1654/2265/2174 2204/2264/2173
f 1654/2265/2174 541/2157/2088 1641/2215/2144
f 2204/2264/2173 1641/2215/2144 534/2217/2057
f 1119/1077/1056 2204/2264/2173 1649/2244/2164
f 714/2003/1934 2205/2267/2176 1655/2266/2175
f 99/1992/1923 1656/2268/2177 2205/2267/2176
f 1656/2268/2177 542/2289/2087 1612/2269/2086
f 1655/2266/2175 2205/2267/2176 1612/2269/2086
f 716/2015/1946 2206/2271/2178 977/746/746
f 101/2004/1935 1655/2266/2175 2206/2271/2178
f 2206/2271/2178 1655/2266/2175 539/2270/2143
f 2206/2271/2178 1646/2272/2158 250/2273/2157
f 1610/2149/2080 2207/2274/2179 1648/2237/2161
f 543/2151/2082 1657/2275/2180 2207/2274/2179
f 1657/2275/2180 314/998/977 1114/1066/1045
f 2207/2274/2179 1114/1066/1045 310/1073/1052
f 540/2276/2095 1658/2279/2182 2208/2277/2181
f 102/2010/1941 717/2021/1952 2208/2277/2181
f 717/2021/1952 104/752/752 980/749/749
f 2208/2277/2181 980/749/749 251/751/751
f 1659/2280/2183 2209/2283/2184 1616/2281/2094
f 100/1998/1929 715/2012/1943 2209/2283/2184
f 715/2012/1943 102/2010/1941 1658/2279/2182
f 1616/2281/2094 2209/2283/2184 1658/2279/2182
f 1660/2284/2185 2210/2285/2186 1115/1068/1047
f 544/2171/2102 1614/2160/2091 2210/2285/2186
f 1614/2160/2091 541/2157/2088 1654/2265/2174
f 2210/2285/2186 1654/2265/2174 311/1075/1054
f 712/1991/1922 2211/2286/2187 1656/2268/2177
f 97/1979/1910 1661/2287/2188 2211/2286/2187
f 1661/2287/2188 546/2170/2101 1619/2288/2100
f 2211/2286/2187 1619/2288/2100 542/2289/2087
f 543/2151/2082 1618/2165/2096 2212/2290/2189
f 547/2167/2098 1662/2291/2190 2212/2290/2189
f 1662/2291/2190 312/1085/1062 1079/1001/980
f 1657/2275/2180 2212/2290/2189 1079/1001/980
f 1663/2292/2191 2213/2294/2192 1622/2293/2107
f 98/1985/1916 713/2000/1931 2213/2294/2192
f 713/2000/1931 100/1998/1929 1659/2280/2183
f 2213/2294/2192 1659/2280/2183 545/2282/2093
f 1664/2295/2193 2214/2296/2194 1080/1010/989
f 548/2183/2114 1620/2173/2104 2214/2296/2194
f 2214/2296/2194 1620/2173/2104 544/2171/2102
f 1080/1010/989 2214/2296/2194 1660/2284/2185
f 710/1977/1908 2215/2297/2195 1661/2287/2188
f 95/1978/1909 1665/2298/2196 2215/2297/2195
f 1665/2298/2196 550/2182/2113 1625/2181/2112
f 2215/2297/2195 1625/2181/2112 546/2170/2101
f 1624/2177/2108 2216/2299/2197 1662/2291/2190
f 551/2179/2110 1666/2300/2198 2216/2299/2197
f 1666/2300/2198 260/1080/1057 1121/1082/1059
f 2216/2299/2197 1121/1082/1059 312/1085/1062
f 1667/2301/2199 2217/2303/2201 1628/2188/2119
f 96/2302/2200 711/1987/1918 2217/2303/2201
f 711/1987/1918 98/1985/1916 1663/2292/2191
f 2217/2303/2201 1663/2292/2191 549/2175/2106
f 1668/2304/2202 2218/2305/2203 1122/1090/1067
f 552/2196/2127 1626/2185/2116 2218/2305/2203
f 1626/2185/2116 548/2183/2114 1664/2295/2193
f 2218/2305/2203 1664/2295/2193 313/1091/1068
f 708/1967/1898 2219/2307/2205 1665/2298/2196
f 708/1967/1898 93/1965/1896 1669/2306/2204
f 2219/2307/2205 1669/2306/2204 554/2194/2125
f 2219/2307/2205 1631/2193/2124 550/2182/2113
f 551/2179/2110 1630/2192/2123 2220/2308/2206
f 1630/2192/2123 555/2189/2120 1670/2309/2207
f 2220/2308/2206 1670/2309/2207 268/1121/1098
f 1666/2300/2198 2220/2308/2206 1057/1315/1288
f 557/2208/2139 1671/2311/2209 2221/2310/2208
f 1671/2311/2209 94/1974/1905 709/1973/1904
f 709/1973/1904 96/2302/2200 1667/2301/2199
f 2221/2310/2208 1667/2301/2199 553/2187/2118
f 269/2312/2210 1672/2314/2212 2222/2313/2211
f 1672/2314/2212 556/2197/2128 1632/2195/2126
f 2222/2313/2211 1632/2195/2126 552/2196/2127
f 1058/1319/1292 2222/2313/2211 1668/2304/2202
f 93/1965/1896 706/1942/1873 2223/2315/2213
f 706/1942/1873 91/1939/1870 1673/2316/2214
f 2223/2315/2213 1673/2316/2214 559/2137/2068
f 1669/2306/2204 2223/2315/2213 1636/2203/2134
f 555/2189/2120 1635/2202/2133 2224/2317/2215
f 1635/2202/2133 558/2136/2067 1674/2318/2216
f 2224/2317/2215 1674/2318/2216 334/1112/1089
f 1670/2309/2207 2224/2317/2215 1140/1119/1096
f 562/2142/2073 1675/2320/2218 2225/2319/2217
f 1675/2320/2218 92/1962/1893 707/1961/1892
f 2225/2319/2217 707/1961/1892 94/1974/1905
f 1638/2207/2138 2225/2319/2217 1671/2311/2209
f 335/1118/1095 1676/2322/2220 2226/2321/2219
f 1676/2322/2220 563/2205/2136 1637/2204/2135
f 2226/2321/2219 1637/2204/2135 556/2197/2128
f 1143/1126/1103 2226/2321/2219 1672/2314/2212
f 1031/892/886 2227/2325/2223 704/1946/1877
f 1677/2323/2221 2227/2325/2223 1031/892/886
f 560/2324/2222 1603/2139/2070 2227/2325/2223
f 1673/2316/2214 2227/2325/2223 1603/2139/2070
f 91/1939/1870 704/1946/1877 2227/2325/2223
f 561/2141/2072 1604/2140/2071 2228/2326/2224
f 560/2324/2222 1677/2323/2221 2228/2326/2224
f 2228/2326/2224 1677/2323/2221 296/895/889
f 2228/2326/2224 1032/894/888 294/872/866
f 1601/2135/2066 2229/2328/2226 1674/2318/2216
f 561/2141/2072 1678/2327/2225 2229/2328/2226
f 1024/870/864 2229/2328/2226 1678/2327/2225
f 292/948/935 1145/1130/1107 2229/2328/2226
f 1674/2318/2216 2229/2328/2226 1145/1130/1107
f 1605/2144/2075 2230/2329/2227 1675/2320/2218
f 565/2148/2079 1679/2330/2228 2230/2329/2227
f 1034/899/893 2230/2329/2227 1679/2330/2228
f 705/1957/1888 2230/2329/2227 1034/899/893
f 92/1962/1893 1675/2320/2218 2230/2329/2227
f 293/886/880 1027/878/872 2231/2331/2229
f 1680/2332/2230 2231/2331/2229 1027/878/872
f 564/2333/2231 1607/2146/2077 2231/2331/2229
f 1676/2322/2220 2231/2331/2229 1607/2146/2077
f 1146/1132/1109 2231/2331/2229 1676/2322/2220
f 295/875/869 1033/896/890 2232/2334/2232
f 297/900/894 1679/2330/2228 2232/2334/2232
f 2232/2334/2232 1679/2330/2228 565/2148/2079
f 2232/2334/2232 1608/2147/2078 564/2333/2231
